text,SNAP,Medicaid,Section8_Housing,TANF,LIHEAP,household_income_pct_fpl,housing_status,citizenship_status,has_dependent_children,has_utility_bills
I work part-time at a grocery store earning about $1608 per month. I am renting a room in a shared house for $654 per month. I live alone. I have been managing arthritis without proper medical care due to cost.,0,1,0,0,0,134,unhoused,citizen,False,False
I recently lost my job at Amazon due to layoffs. I have been unhoused for 10 months and am staying in a shelter. I am a single parent with 1 kids. I am pregnant and currently uninsured. My utility bills take up a large portion of my income.,0,0,0,0,0,188,renting,citizen,True,True
"I am self-employed doing handyman work, my income varies month to month. I have been unhoused for 4 months and am staying in a shelter. My household includes myself, my partner, and our 3 children. My child has depression and needs ongoing medical care. I received a shutoff notice for my gas service.",1,1,1,1,1,43,renting,citizen,True,True
"I work 15 hours a week at grocery store, making $1908 monthly. I own my home but am struggling to keep up with the mortgage. I live with my spouse and 2 children. I am pregnant and currently uninsured. I received a shutoff notice for my gas service.",0,0,0,0,0,159,renting,citizen,True,True
I work part-time at a warehouse earning about $1296 per month. I am renting a room in a shared house for $1558 per month. I am a single parent with 1 kids. I have a chronic condition (depression) that requires regular medication. I am behind on my heating bills by $382. I do not have legal immigration status.,0,0,0,0,1,108,unhoused,undocumented,True,True
"I am self-employed doing rideshare work, my income varies month to month. I am currently renting an apartment for $829 per month. I am a single parent with 2 kids. I have no health insurance. I struggle every month to pay my utility bills on time.",1,1,0,0,1,127,renting,citizen,True,True
"I work 25 hours a week at cleaning service, making $1548 monthly. I recently became homeless after my landlord evicted me. I am caring for my elderly mother who lives with me. I have no health insurance. I am a legal permanent resident and have been in the US for over 5 years.",1,1,0,0,0,129,unhoused,qualified_alien,True,False
I work part-time at a restaurant earning about $1416 per month. I own my home but am struggling to keep up with the mortgage. I have 4 children ages 16. I recently lost my employer-sponsored health insurance.,1,1,0,0,0,118,renting,citizen,True,False
I work part-time at a retail shop earning about $3492 per month. I am staying with family temporarily as I cannot afford my own place. I have 4 children ages 9. I recently lost my employer-sponsored health insurance. I am a legal permanent resident and have been in the US for over 5 years.,0,0,0,0,0,291,staying_with_family,qualified_alien,True,False
"I am self-employed doing handyman work, my income varies month to month. I have been unhoused for 5 months and am staying in a shelter. I live with my partner. I have been managing arthritis without proper medical care due to cost. I struggle every month to pay my utility bills on time.",1,1,1,0,1,48,renting,citizen,False,True
I recently lost my job at Amazon due to layoffs. I am currently renting an apartment for $1081 per month. I live alone. I am pregnant and currently uninsured. My utility bills take up a large portion of my income.,1,1,0,0,1,32,owned,citizen,False,True
I receive disability benefits of $1692 per month and cannot work. I am currently renting an apartment for $1538 per month. I am caring for my elderly grandmother who lives with me. I have a chronic condition (asthma) that requires regular medication. I received a shutoff notice for my gas service.,0,0,0,0,1,141,owned,citizen,True,True
I am currently unemployed and have been looking for work for 18 months. I am currently renting an apartment for $1733 per month. I am a single parent with 3 kids. I have been managing hypertension without proper medical care due to cost. My utility bills take up a large portion of my income. I do not have legal immigration status.,0,0,0,0,1,96,staying_with_family,undocumented,True,True
I receive disability benefits of $4356 per month and cannot work. I recently became homeless after my landlord evicted me. I live alone. I have a chronic condition (arthritis) that requires regular medication. My utility bills take up a large portion of my income.,0,0,0,0,0,363,owned,citizen,False,True
I work part-time at a cleaning service earning about $1632 per month. I am staying with family temporarily as I cannot afford my own place. I live alone. I have been managing hypertension without proper medical care due to cost.,0,1,0,0,0,136,renting,citizen,False,False
"I am self-employed doing freelance cleaning work, my income varies month to month. I am currently renting an apartment for $995 per month. I am a single parent with 3 kids. I have been managing arthritis without proper medical care due to cost. I struggle every month to pay my utility bills on time. I am a legal permanent resident and have been in the US for over 5 years.",1,1,0,0,1,107,renting,qualified_alien,True,True
I am currently unemployed and have been looking for work for 4 months. I am renting a room in a shared house for $1647 per month. I live with my spouse and 2 children. I am pregnant and currently uninsured. I am behind on my heating bills by $336.,1,1,0,1,1,73,owned,citizen,True,True
I am a full-time caregiver for my spouse and have no outside income. I own my home but am struggling to keep up with the mortgage. I am caring for my elderly father who lives with me. I recently lost my employer-sponsored health insurance. My utility bills take up a large portion of my income.,0,0,0,0,0,173,renting,citizen,True,True
I recently lost my job at a local restaurant due to layoffs. I have been unhoused for 4 months and am staying in a shelter. I have 1 children ages 8. I am pregnant and currently uninsured. I struggle every month to pay my utility bills on time. I do not have legal immigration status.,0,0,0,0,0,314,unhoused,undocumented,True,True
I am currently unemployed and have been looking for work for 4 months. I am renting a room in a shared house for $1110 per month. I live with my partner. I recently lost my employer-sponsored health insurance. My utility bills take up a large portion of my income. I am a legal permanent resident and have been in the US for over 5 years.,0,0,0,0,0,384,staying_with_family,qualified_alien,False,True
I receive disability benefits of $4284 per month and cannot work. I am currently renting an apartment for $1185 per month. I am a single parent with 3 kids. I recently lost my employer-sponsored health insurance. I am behind on my heating bills by $511.,0,0,0,0,0,357,staying_with_family,citizen,True,True
"I work 10 hours a week at cleaning service, making $2208 monthly. I have been unhoused for 7 months and am staying in a shelter. I share an apartment with a roommate. I have been managing arthritis without proper medical care due to cost. My utility bills take up a large portion of my income. I am a legal permanent resident and have been in the US for over 5 years.",0,0,0,0,0,184,staying_with_family,qualified_alien,False,True
"I work 25 hours a week at retail shop, making $3744 monthly. I am renting a room in a shared house for $655 per month. I share an apartment with a roommate. My child has asthma and needs ongoing medical care. I struggle every month to pay my utility bills on time. I am a legal permanent resident and have been in the US for over 5 years.",0,0,0,0,0,312,renting,qualified_alien,False,True
"I receive disability benefits of $1164 per month and cannot work. I am renting a room in a shared house for $706 per month. I live alone. I have been managing diabetes without proper medical care due to cost. My electricity bill has been very high this winter, around $536 per month.",1,1,0,0,1,97,staying_with_family,citizen,False,True
"I am self-employed doing food delivery work, my income varies month to month. I have been unhoused for 10 months and am staying in a shelter. I live alone. I am pregnant and currently uninsured.",1,1,0,1,0,96,unhoused,citizen,True,False
I work part-time at a restaurant earning about $312 per month. I own my home but am struggling to keep up with the mortgage. I live with my spouse and 2 children. I am pregnant and currently uninsured. I struggle every month to pay my utility bills on time.,1,1,1,1,1,26,renting,citizen,True,True
"I am a student and work part-time, earning around $1524 a month. I own my home but am struggling to keep up with the mortgage. I am a single parent with 3 kids. I recently lost my employer-sponsored health insurance.",1,1,0,0,0,127,renting,citizen,True,False
I receive disability benefits of $1524 per month and cannot work. I am renting a room in a shared house for $1687 per month. I live with my partner. I have been managing arthritis without proper medical care due to cost. I am a legal permanent resident and have been in the US for over 5 years.,1,1,0,0,0,127,staying_with_family,qualified_alien,False,False
I work part-time at a warehouse earning about $2268 per month. I recently became homeless after my landlord evicted me. I live with my partner. I have no health insurance.,0,0,0,0,0,189,owned,citizen,False,False
I am currently unemployed and have been looking for work for 18 months. I am renting a room in a shared house for $1182 per month. I live with my partner. My child has hypertension and needs ongoing medical care. I do not have legal immigration status.,0,0,0,0,0,177,renting,undocumented,False,False
I am currently unemployed and have been looking for work for 5 months. I am renting a room in a shared house for $1452 per month. I am caring for my elderly father who lives with me. I am pregnant and currently uninsured. I received a shutoff notice for my gas service. I am a legal permanent resident and have been in the US for over 5 years.,1,1,1,0,1,31,renting,qualified_alien,True,True
I recently lost my job at Target due to layoffs. I recently became homeless after my landlord evicted me. I live alone. I have been managing asthma without proper medical care due to cost.,1,1,0,1,0,84,unhoused,citizen,True,False
I work part-time at a warehouse earning about $948 per month. I own my home but am struggling to keep up with the mortgage. I live with my spouse and 3 children. I have no health insurance. I received a shutoff notice for my gas service.,1,1,0,1,1,79,unhoused,citizen,True,True
"I am a student and work part-time, earning around $432 a month. I own my home but am struggling to keep up with the mortgage. I live with my partner. My child has hypertension and needs ongoing medical care. I received a shutoff notice for my gas service. I do not have legal immigration status.",0,0,0,0,1,36,owned,undocumented,False,True
"I am a student and work part-time, earning around $3672 a month. I am renting a room in a shared house for $602 per month. I am caring for my elderly grandmother who lives with me. I have a chronic condition (arthritis) that requires regular medication. I struggle every month to pay my utility bills on time. I am a legal permanent resident and have been in the US for over 5 years.",0,0,0,0,0,306,owned,qualified_alien,True,True
I work part-time at a cleaning service earning about $1644 per month. I am currently renting an apartment for $1731 per month. I live alone. I recently lost my employer-sponsored health insurance. I struggle every month to pay my utility bills on time.,0,1,0,0,1,137,unhoused,citizen,False,True
"I am self-employed doing handyman work, my income varies month to month. I am renting a room in a shared house for $879 per month. I am a single parent with 4 kids. I have been managing hypertension without proper medical care due to cost. My utility bills take up a large portion of my income. I am a legal permanent resident and have been in the US for over 5 years.",0,0,0,0,0,194,owned,qualified_alien,True,True
"I am a student and work part-time, earning around $3780 a month. I am currently renting an apartment for $1251 per month. I live with my spouse and 4 children. I recently lost my employer-sponsored health insurance. My utility bills take up a large portion of my income.",0,0,0,0,0,315,owned,citizen,True,True
I recently lost my job at a local restaurant due to layoffs. I am currently renting an apartment for $1272 per month. I share an apartment with a roommate. My child has hypertension and needs ongoing medical care. I struggle every month to pay my utility bills on time.,0,0,0,0,0,226,renting,citizen,False,True
I work part-time at a warehouse earning about $1668 per month. I am currently renting an apartment for $1200 per month. I live with my partner. My child has asthma and needs ongoing medical care.,0,0,0,0,0,139,unhoused,citizen,False,False
"I am self-employed doing food delivery work, my income varies month to month. I have been unhoused for 5 months and am staying in a shelter. I share an apartment with a roommate. I have no health insurance. I received a shutoff notice for my gas service.",1,1,0,0,1,114,unhoused,citizen,False,True
"I receive disability benefits of $1680 per month and cannot work. I am renting a room in a shared house for $1335 per month. I am a single parent with 3 kids. I have no health insurance. My electricity bill has been very high this winter, around $460 per month. I am a legal permanent resident and have been in the US for over 5 years.",0,0,0,0,1,140,owned,qualified_alien,True,True
I recently lost my job at a local restaurant due to layoffs. I have been unhoused for 2 months and am staying in a shelter. I am a single parent with 3 kids. I am pregnant and currently uninsured. My utility bills take up a large portion of my income.,1,1,0,0,1,112,owned,citizen,True,True
I work part-time at a warehouse earning about $3192 per month. I am currently renting an apartment for $1141 per month. I live alone. I have a chronic condition (diabetes) that requires regular medication. I am behind on my heating bills by $391.,0,0,0,0,0,266,owned,citizen,True,True
"I work 20 hours a week at warehouse, making $1440 monthly. I am currently renting an apartment for $799 per month. I am caring for my elderly grandmother who lives with me. I have been managing arthritis without proper medical care due to cost. I struggle every month to pay my utility bills on time. I am a legal permanent resident and have been in the US for over 5 years.",1,1,0,0,1,120,renting,qualified_alien,True,True
I am currently unemployed and have been looking for work for 12 months. I am currently renting an apartment for $1352 per month. I share an apartment with a roommate. I have a chronic condition (diabetes) that requires regular medication. I struggle every month to pay my utility bills on time. I do not have legal immigration status.,0,0,0,0,1,67,staying_with_family,undocumented,False,True
"I recently lost my job at Target due to layoffs. I am staying with family temporarily as I cannot afford my own place. I have 2 children ages 9, 6, 4. I have no health insurance.",1,1,0,1,0,88,renting,citizen,True,False
"I work 25 hours a week at grocery store, making $1932 monthly. I am renting a room in a shared house for $823 per month. I share an apartment with a roommate. I recently lost my employer-sponsored health insurance.",0,0,0,0,0,161,renting,citizen,False,False
"I work 10 hours a week at retail shop, making $3336 monthly. I am renting a room in a shared house for $903 per month. I have 3 children ages 11, 13, 10. I am pregnant and currently uninsured. I struggle every month to pay my utility bills on time.",0,0,0,0,0,278,renting,citizen,True,True
"I am a student and work part-time, earning around $1500 a month. I recently became homeless after my landlord evicted me. I have 4 children ages 3. I have no health insurance. My electricity bill has been very high this winter, around $531 per month. I am a legal permanent resident and have been in the US for over 5 years.",1,1,0,0,1,125,staying_with_family,qualified_alien,True,True
"I work 10 hours a week at restaurant, making $804 monthly. I am renting a room in a shared house for $1035 per month. I share an apartment with a roommate. My child has asthma and needs ongoing medical care. My electricity bill has been very high this winter, around $329 per month.",1,1,0,0,1,67,owned,citizen,False,True
"I am currently unemployed and have been looking for work for 9 months. I have been unhoused for 3 months and am staying in a shelter. I have 4 children ages 5. I have been managing diabetes without proper medical care due to cost. My electricity bill has been very high this winter, around $532 per month. I am a legal permanent resident and have been in the US for over 5 years.",0,0,0,0,0,178,unhoused,qualified_alien,True,True
I work part-time at a warehouse earning about $3696 per month. I own my home but am struggling to keep up with the mortgage. I share an apartment with a roommate. My child has depression and needs ongoing medical care. I received a shutoff notice for my gas service.,0,0,0,0,0,308,owned,citizen,False,True
I receive disability benefits of $3468 per month and cannot work. I have been unhoused for 3 months and am staying in a shelter. I am a single parent with 3 kids. I have been managing depression without proper medical care due to cost. I am behind on my heating bills by $216.,0,0,0,0,0,289,renting,citizen,True,True
I am currently unemployed and have been looking for work for 15 months. I recently became homeless after my landlord evicted me. I live alone. I am pregnant and currently uninsured. I am a legal permanent resident and have been in the US for over 5 years.,0,0,0,0,0,160,renting,qualified_alien,True,False
I work part-time at a restaurant earning about $2676 per month. I am currently renting an apartment for $1645 per month. I live alone. I am pregnant and currently uninsured. I am behind on my heating bills by $547.,0,0,0,0,0,223,renting,citizen,False,True
I work part-time at a retail shop earning about $504 per month. I have been unhoused for 8 months and am staying in a shelter. I live alone. My child has depression and needs ongoing medical care. I received a shutoff notice for my gas service.,1,1,1,0,1,42,unhoused,citizen,False,True
I receive disability benefits of $444 per month and cannot work. I am renting a room in a shared house for $985 per month. I am caring for my elderly mother who lives with me. I have a chronic condition (diabetes) that requires regular medication. I am a legal permanent resident and have been in the US for over 5 years.,1,1,0,0,0,37,owned,qualified_alien,True,False
"I am a full-time caregiver for my spouse and have no outside income. I am renting a room in a shared house for $707 per month. My household includes myself, my partner, and our 3 children. I am pregnant and currently uninsured. I received a shutoff notice for my gas service. I am a legal permanent resident and have been in the US for over 5 years.",1,1,0,0,1,122,staying_with_family,qualified_alien,True,True
"I work 25 hours a week at cleaning service, making $792 monthly. I have been unhoused for 11 months and am staying in a shelter. I share an apartment with a roommate. I have been managing arthritis without proper medical care due to cost. My electricity bill has been very high this winter, around $480 per month.",1,1,0,0,1,66,unhoused,citizen,False,True
"I am a student and work part-time, earning around $744 a month. I am currently renting an apartment for $1639 per month. I share an apartment with a roommate. I am pregnant and currently uninsured.",1,1,0,0,0,62,owned,citizen,False,False
I recently lost my job at a small business due to layoffs. I am renting a room in a shared house for $1183 per month. I live with my partner. I recently lost my employer-sponsored health insurance. I am behind on my heating bills by $308.,0,0,0,0,0,353,unhoused,citizen,False,True
"I work 10 hours a week at warehouse, making $3540 monthly. I own my home but am struggling to keep up with the mortgage. I live alone. My child has arthritis and needs ongoing medical care. I am behind on my heating bills by $575.",0,0,0,0,0,295,staying_with_family,citizen,True,True
"I am self-employed doing food delivery work, my income varies month to month. I am currently renting an apartment for $1286 per month. I live alone. I have no health insurance. I struggle every month to pay my utility bills on time. I am a legal permanent resident and have been in the US for over 5 years.",0,0,0,0,0,159,renting,qualified_alien,False,True
"I work 10 hours a week at restaurant, making $876 monthly. I am staying with family temporarily as I cannot afford my own place. I share an apartment with a roommate. My child has diabetes and needs ongoing medical care. My electricity bill has been very high this winter, around $578 per month.",1,1,0,0,1,73,renting,citizen,False,True
"I am self-employed doing freelance cleaning work, my income varies month to month. I am renting a room in a shared house for $1639 per month. I share an apartment with a roommate. I have no health insurance. I struggle every month to pay my utility bills on time.",1,1,0,0,1,112,unhoused,citizen,False,True
I work part-time at a warehouse earning about $720 per month. I am staying with family temporarily as I cannot afford my own place. I live with my partner. I have been managing asthma without proper medical care due to cost. I am behind on my heating bills by $182.,1,1,0,0,1,60,owned,citizen,False,True
I am a full-time caregiver for my mother and have no outside income. I recently became homeless after my landlord evicted me. I am a single parent with 1 kids. My child has depression and needs ongoing medical care. I struggle every month to pay my utility bills on time.,0,0,0,0,0,189,unhoused,citizen,True,True
"I work 20 hours a week at retail shop, making $4536 monthly. I am currently renting an apartment for $1271 per month. I live with my partner. I have a chronic condition (depression) that requires regular medication. I do not have legal immigration status.",0,0,0,0,0,378,owned,undocumented,False,False
"I am a full-time caregiver for my father and have no outside income. I am renting a room in a shared house for $927 per month. I live alone. I am pregnant and currently uninsured. My electricity bill has been very high this winter, around $214 per month. I am a legal permanent resident and have been in the US for over 5 years.",0,0,0,0,0,243,owned,qualified_alien,False,True
I am a full-time caregiver for my father and have no outside income. I have been unhoused for 4 months and am staying in a shelter. I live alone. I have no health insurance. I struggle every month to pay my utility bills on time. I do not have legal immigration status.,0,0,0,0,0,293,renting,undocumented,False,True
"I am a student and work part-time, earning around $1752 a month. I recently became homeless after my landlord evicted me. My household includes myself, my partner, and our 3 children. I recently lost my employer-sponsored health insurance.",0,0,0,0,0,146,staying_with_family,citizen,True,False
I am a full-time caregiver for my spouse and have no outside income. I am currently renting an apartment for $734 per month. I live with my partner. I have been managing depression without proper medical care due to cost. My utility bills take up a large portion of my income.,1,1,0,0,1,70,unhoused,citizen,False,True
I recently lost my job at Target due to layoffs. I am currently renting an apartment for $854 per month. I have 3 children ages 6. I have been managing asthma without proper medical care due to cost. I received a shutoff notice for my gas service. I am a legal permanent resident and have been in the US for over 5 years.,0,0,0,0,1,140,renting,qualified_alien,True,True
I work part-time at a warehouse earning about $1188 per month. I am currently renting an apartment for $658 per month. I live alone. I have been managing arthritis without proper medical care due to cost. I received a shutoff notice for my gas service.,1,1,0,1,1,99,owned,citizen,True,True
"I am a student and work part-time, earning around $4512 a month. I am staying with family temporarily as I cannot afford my own place. I live with my partner. I have been managing hypertension without proper medical care due to cost. I am a legal permanent resident and have been in the US for over 5 years.",0,0,0,0,0,376,owned,qualified_alien,False,False
"I am self-employed doing freelance cleaning work, my income varies month to month. I own my home but am struggling to keep up with the mortgage. I am a single parent with 3 kids. I am pregnant and currently uninsured.",1,1,0,1,0,45,owned,citizen,True,False
I am a full-time caregiver for my father and have no outside income. I am renting a room in a shared house for $616 per month. I live with my spouse and 2 children. I have no health insurance. I do not have legal immigration status.,0,0,0,0,0,51,staying_with_family,undocumented,True,False
"I receive disability benefits of $1860 per month and cannot work. I am renting a room in a shared house for $1348 per month. I have 4 children ages 2, 2, 2. I have been managing hypertension without proper medical care due to cost. I struggle every month to pay my utility bills on time. I am a legal permanent resident and have been in the US for over 5 years.",0,0,0,0,0,155,renting,qualified_alien,True,True
I receive disability benefits of $2352 per month and cannot work. I have been unhoused for 11 months and am staying in a shelter. I live alone. My child has arthritis and needs ongoing medical care. I received a shutoff notice for my gas service.,0,0,0,0,0,196,owned,citizen,False,True
"I am a student and work part-time, earning around $4236 a month. I am renting a room in a shared house for $825 per month. I live alone. I have been managing asthma without proper medical care due to cost. I struggle every month to pay my utility bills on time. I do not have legal immigration status.",0,0,0,0,0,353,owned,undocumented,True,True
"I am a student and work part-time, earning around $828 a month. I have been unhoused for 6 months and am staying in a shelter. I share an apartment with a roommate. I have been managing hypertension without proper medical care due to cost. My utility bills take up a large portion of my income. I do not have legal immigration status.",0,0,0,0,1,69,unhoused,undocumented,False,True
"I am a student and work part-time, earning around $1992 a month. I am renting a room in a shared house for $1712 per month. I live with my spouse and 3 children. I have a chronic condition (diabetes) that requires regular medication. I received a shutoff notice for my gas service.",0,0,0,0,0,166,unhoused,citizen,True,True
"I am self-employed doing food delivery work, my income varies month to month. I own my home but am struggling to keep up with the mortgage. I live with my spouse and 1 children. I have been managing depression without proper medical care due to cost. I do not have legal immigration status.",0,0,0,0,0,97,owned,undocumented,True,False
"I work part-time at a cleaning service earning about $1872 per month. I am currently renting an apartment for $1413 per month. I have 3 children ages 1. I am pregnant and currently uninsured. My electricity bill has been very high this winter, around $321 per month.",0,0,0,0,0,156,owned,citizen,True,True
I work part-time at a warehouse earning about $4020 per month. I recently became homeless after my landlord evicted me. I am caring for my elderly father who lives with me. I am pregnant and currently uninsured. I do not have legal immigration status.,0,0,0,0,0,335,unhoused,undocumented,True,False
"I work 20 hours a week at retail shop, making $1272 monthly. I recently became homeless after my landlord evicted me. I am a single parent with 3 kids. I have a chronic condition (asthma) that requires regular medication.",1,1,0,0,0,106,staying_with_family,citizen,True,False
I recently lost my job at a small business due to layoffs. I am renting a room in a shared house for $1564 per month. I share an apartment with a roommate. I recently lost my employer-sponsored health insurance.,0,0,0,0,0,195,renting,citizen,False,False
"I am self-employed doing freelance cleaning work, my income varies month to month. I recently became homeless after my landlord evicted me. I am caring for my elderly mother who lives with me. My child has asthma and needs ongoing medical care.",0,0,0,0,0,335,owned,citizen,True,False
I am currently unemployed and have been looking for work for 7 months. I recently became homeless after my landlord evicted me. I live alone. I recently lost my employer-sponsored health insurance. I struggle every month to pay my utility bills on time.,1,1,0,1,1,52,staying_with_family,citizen,True,True
I work part-time at a cleaning service earning about $3564 per month. I am currently renting an apartment for $1211 per month. I share an apartment with a roommate. I have been managing arthritis without proper medical care due to cost. I struggle every month to pay my utility bills on time. I do not have legal immigration status.,0,0,0,0,0,297,renting,undocumented,False,True
I work part-time at a retail shop earning about $1944 per month. I am currently renting an apartment for $668 per month. I share an apartment with a roommate. I have been managing diabetes without proper medical care due to cost. I am behind on my heating bills by $529.,0,0,0,0,0,162,unhoused,citizen,False,True
I am a full-time caregiver for my father and have no outside income. I have been unhoused for 1 months and am staying in a shelter. I am caring for my elderly father who lives with me. I have been managing depression without proper medical care due to cost.,1,1,0,0,0,106,renting,citizen,True,False
"I am a student and work part-time, earning around $4548 a month. I am renting a room in a shared house for $1445 per month. I share an apartment with a roommate. I am pregnant and currently uninsured.",0,0,0,0,0,379,staying_with_family,citizen,False,False
"I am self-employed doing rideshare work, my income varies month to month. I am renting a room in a shared house for $1744 per month. I live with my spouse and 2 children. I recently lost my employer-sponsored health insurance. I am a legal permanent resident and have been in the US for over 5 years.",0,0,0,0,0,163,renting,qualified_alien,True,False
"I work 20 hours a week at cleaning service, making $1548 monthly. I am renting a room in a shared house for $1618 per month. I live alone. My child has diabetes and needs ongoing medical care. My utility bills take up a large portion of my income.",1,1,0,0,1,129,staying_with_family,citizen,True,True
"I work 25 hours a week at retail shop, making $1788 monthly. I recently became homeless after my landlord evicted me. I live alone. I have been managing hypertension without proper medical care due to cost. I am behind on my heating bills by $221.",0,0,0,0,1,149,staying_with_family,citizen,False,True
I am currently unemployed and have been looking for work for 14 months. I am staying with family temporarily as I cannot afford my own place. I am a single parent with 1 kids. I am pregnant and currently uninsured. I struggle every month to pay my utility bills on time.,1,1,0,1,1,66,renting,citizen,True,True
I recently lost my job at Target due to layoffs. I am renting a room in a shared house for $1116 per month. I am a single parent with 4 kids. My child has arthritis and needs ongoing medical care. I am behind on my heating bills by $506. I do not have legal immigration status.,0,0,0,0,0,166,renting,undocumented,True,True
I am currently unemployed and have been looking for work for 1 months. I have been unhoused for 2 months and am staying in a shelter. I share an apartment with a roommate. I have no health insurance. I am behind on my heating bills by $594. I am a legal permanent resident and have been in the US for over 5 years.,1,1,1,0,1,34,renting,qualified_alien,False,True
"I am currently unemployed and have been looking for work for 6 months. I own my home but am struggling to keep up with the mortgage. I have 2 children ages 13, 11, 13. I recently lost my employer-sponsored health insurance. My utility bills take up a large portion of my income.",1,1,0,1,1,64,renting,citizen,True,True
"I work 25 hours a week at grocery store, making $1008 monthly. I have been unhoused for 7 months and am staying in a shelter. I live with my spouse and 2 children. I have been managing diabetes without proper medical care due to cost. My electricity bill has been very high this winter, around $287 per month.",1,1,0,1,1,84,renting,citizen,True,True
I receive disability benefits of $4680 per month and cannot work. I am staying with family temporarily as I cannot afford my own place. I share an apartment with a roommate. I am pregnant and currently uninsured.,0,0,0,0,0,390,owned,citizen,False,False
"I work 10 hours a week at restaurant, making $1608 monthly. I am renting a room in a shared house for $1097 per month. I am caring for my elderly father who lives with me. I have a chronic condition (hypertension) that requires regular medication. I struggle every month to pay my utility bills on time. I do not have legal immigration status.",0,0,0,0,1,134,renting,undocumented,True,True
"I am self-employed doing handyman work, my income varies month to month. I have been unhoused for 7 months and am staying in a shelter. I am a single parent with 4 kids. I have been managing arthritis without proper medical care due to cost. I am behind on my heating bills by $303. I am a legal permanent resident and have been in the US for over 5 years.",0,0,0,0,0,271,owned,qualified_alien,True,True
"I am a student and work part-time, earning around $1872 a month. I am currently renting an apartment for $1754 per month. I am caring for my elderly father who lives with me. I have a chronic condition (diabetes) that requires regular medication. I am a legal permanent resident and have been in the US for over 5 years.",0,0,0,0,0,156,unhoused,qualified_alien,True,False
"I work 25 hours a week at retail shop, making $2328 monthly. I am currently renting an apartment for $1336 per month. I am caring for my elderly grandmother who lives with me. I have been managing hypertension without proper medical care due to cost. I am behind on my heating bills by $481.",0,0,0,0,0,194,unhoused,citizen,True,True
"I am self-employed doing handyman work, my income varies month to month. I am currently renting an apartment for $1588 per month. I live with my partner. My child has diabetes and needs ongoing medical care.",0,0,0,0,0,182,staying_with_family,citizen,False,False
I am a full-time caregiver for my mother and have no outside income. I have been unhoused for 12 months and am staying in a shelter. I live alone. I recently lost my employer-sponsored health insurance. I am behind on my heating bills by $432. I am a legal permanent resident and have been in the US for over 5 years.,0,0,0,0,1,149,owned,qualified_alien,True,True
"I work 25 hours a week at cleaning service, making $1224 monthly. I am currently renting an apartment for $1039 per month. I live with my partner. I have been managing diabetes without proper medical care due to cost. My utility bills take up a large portion of my income.",1,1,0,0,1,102,staying_with_family,citizen,False,True
"I am a student and work part-time, earning around $1848 a month. I have been unhoused for 10 months and am staying in a shelter. I live alone. I have been managing hypertension without proper medical care due to cost. My utility bills take up a large portion of my income. I am a legal permanent resident and have been in the US for over 5 years.",0,0,0,0,0,154,unhoused,qualified_alien,False,True
I recently lost my job at a small business due to layoffs. I am staying with family temporarily as I cannot afford my own place. I share an apartment with a roommate. I have been managing asthma without proper medical care due to cost. My utility bills take up a large portion of my income.,1,1,1,0,1,25,unhoused,citizen,False,True
I am currently unemployed and have been looking for work for 16 months. I recently became homeless after my landlord evicted me. I share an apartment with a roommate. My child has depression and needs ongoing medical care. I am behind on my heating bills by $192. I do not have legal immigration status.,0,0,0,0,1,148,staying_with_family,undocumented,False,True
"I am a student and work part-time, earning around $672 a month. I have been unhoused for 1 months and am staying in a shelter. My household includes myself, my partner, and our 4 children. I have been managing asthma without proper medical care due to cost.",1,1,0,1,0,56,owned,citizen,True,False
"I am self-employed doing handyman work, my income varies month to month. I am staying with family temporarily as I cannot afford my own place. I live alone. I have a chronic condition (hypertension) that requires regular medication. I am a legal permanent resident and have been in the US for over 5 years.",0,0,0,0,0,188,renting,qualified_alien,True,False
I recently lost my job at Target due to layoffs. I own my home but am struggling to keep up with the mortgage. I am caring for my elderly mother who lives with me. I have been managing diabetes without proper medical care due to cost. I struggle every month to pay my utility bills on time. I am a legal permanent resident and have been in the US for over 5 years.,1,1,0,0,1,56,unhoused,qualified_alien,True,True
I work part-time at a restaurant earning about $3804 per month. I am staying with family temporarily as I cannot afford my own place. I live with my partner. I have a chronic condition (hypertension) that requires regular medication. My utility bills take up a large portion of my income. I do not have legal immigration status.,0,0,0,0,0,317,owned,undocumented,False,True
I am currently unemployed and have been looking for work for 4 months. I am staying with family temporarily as I cannot afford my own place. I am a single parent with 2 kids. I have no health insurance. I am behind on my heating bills by $176.,1,1,1,1,1,28,renting,citizen,True,True
"I am a student and work part-time, earning around $1452 a month. I recently became homeless after my landlord evicted me. I live with my spouse and 2 children. I have no health insurance.",1,1,0,0,0,121,staying_with_family,citizen,True,False
"I work part-time at a cleaning service earning about $1212 per month. I recently became homeless after my landlord evicted me. My household includes myself, my partner, and our 2 children. I have no health insurance. My electricity bill has been very high this winter, around $451 per month.",1,1,0,0,1,101,staying_with_family,citizen,True,True
I receive disability benefits of $2100 per month and cannot work. I recently became homeless after my landlord evicted me. I live with my partner. My child has diabetes and needs ongoing medical care.,0,0,0,0,0,175,unhoused,citizen,False,False
"I work 10 hours a week at cleaning service, making $420 monthly. I am renting a room in a shared house for $738 per month. I live with my partner. I recently lost my employer-sponsored health insurance. My electricity bill has been very high this winter, around $554 per month.",1,1,0,0,1,35,owned,citizen,False,True
I recently lost my job at a local restaurant due to layoffs. I am renting a room in a shared house for $1269 per month. I share an apartment with a roommate. I have been managing diabetes without proper medical care due to cost. I received a shutoff notice for my gas service. I am a legal permanent resident and have been in the US for over 5 years.,0,0,0,0,0,361,staying_with_family,qualified_alien,False,True
I am currently unemployed and have been looking for work for 10 months. I am currently renting an apartment for $935 per month. I live with my partner. I am pregnant and currently uninsured. I received a shutoff notice for my gas service. I am a legal permanent resident and have been in the US for over 5 years.,1,1,0,0,1,127,renting,qualified_alien,False,True
I work part-time at a cleaning service earning about $516 per month. I have been unhoused for 8 months and am staying in a shelter. I am caring for my elderly mother who lives with me. I am pregnant and currently uninsured.,1,1,1,1,0,43,renting,citizen,True,False
"I recently lost my job at a small business due to layoffs. I own my home but am struggling to keep up with the mortgage. I live alone. I am pregnant and currently uninsured. My electricity bill has been very high this winter, around $407 per month.",1,1,1,0,1,34,renting,citizen,False,True
"I receive disability benefits of $756 per month and cannot work. I have been unhoused for 5 months and am staying in a shelter. My household includes myself, my partner, and our 2 children. I have been managing arthritis without proper medical care due to cost. I am behind on my heating bills by $227.",1,1,0,1,1,63,staying_with_family,citizen,True,True
I receive disability benefits of $1608 per month and cannot work. I am staying with family temporarily as I cannot afford my own place. I live alone. I recently lost my employer-sponsored health insurance. I struggle every month to pay my utility bills on time.,0,1,0,0,1,134,renting,citizen,False,True
I work part-time at a retail shop earning about $924 per month. I have been unhoused for 12 months and am staying in a shelter. I share an apartment with a roommate. I have a chronic condition (hypertension) that requires regular medication. I struggle every month to pay my utility bills on time. I do not have legal immigration status.,0,0,0,0,1,77,renting,undocumented,False,True
"I work 25 hours a week at cleaning service, making $408 monthly. I own my home but am struggling to keep up with the mortgage. I live alone. I recently lost my employer-sponsored health insurance. My utility bills take up a large portion of my income.",1,1,1,0,1,34,unhoused,citizen,False,True
I receive disability benefits of $1212 per month and cannot work. I own my home but am struggling to keep up with the mortgage. I live alone. I recently lost my employer-sponsored health insurance. I received a shutoff notice for my gas service. I am a legal permanent resident and have been in the US for over 5 years.,1,1,0,0,1,101,owned,qualified_alien,True,True
"I am a student and work part-time, earning around $1692 a month. I am currently renting an apartment for $944 per month. I live with my spouse and 4 children. My child has asthma and needs ongoing medical care.",0,0,0,0,0,141,renting,citizen,True,False
"I am self-employed doing handyman work, my income varies month to month. I have been unhoused for 3 months and am staying in a shelter. I live with my partner. I recently lost my employer-sponsored health insurance. I am behind on my heating bills by $472.",0,0,0,0,0,154,staying_with_family,citizen,False,True
I am a full-time caregiver for my spouse and have no outside income. I am staying with family temporarily as I cannot afford my own place. I live alone. I recently lost my employer-sponsored health insurance. I received a shutoff notice for my gas service. I do not have legal immigration status.,0,0,0,0,1,133,staying_with_family,undocumented,True,True
"I recently lost my job at a local restaurant due to layoffs. I recently became homeless after my landlord evicted me. I am caring for my elderly mother who lives with me. My child has diabetes and needs ongoing medical care. My electricity bill has been very high this winter, around $178 per month.",1,1,0,0,1,128,staying_with_family,citizen,True,True
I recently lost my job at a local restaurant due to layoffs. I am renting a room in a shared house for $890 per month. I am caring for my elderly grandmother who lives with me. I have been managing depression without proper medical care due to cost.,0,0,0,0,0,206,renting,citizen,True,False
"I am a student and work part-time, earning around $2088 a month. I have been unhoused for 3 months and am staying in a shelter. I have 1 children ages 13, 2, 6. I have a chronic condition (arthritis) that requires regular medication. I am behind on my heating bills by $477.",0,0,0,0,0,174,unhoused,citizen,True,True
"I work part-time at a retail shop earning about $2328 per month. I recently became homeless after my landlord evicted me. I live with my partner. I have no health insurance. My electricity bill has been very high this winter, around $347 per month.",0,0,0,0,0,194,renting,citizen,False,True
"I am a student and work part-time, earning around $2916 a month. I am currently renting an apartment for $1252 per month. I live alone. I have no health insurance. I am behind on my heating bills by $342. I am a legal permanent resident and have been in the US for over 5 years.",0,0,0,0,0,243,staying_with_family,qualified_alien,False,True
I am currently unemployed and have been looking for work for 14 months. I have been unhoused for 4 months and am staying in a shelter. I live with my spouse and 3 children. I have no health insurance. My utility bills take up a large portion of my income. I do not have legal immigration status.,0,0,0,0,1,30,owned,undocumented,True,True
"I am a student and work part-time, earning around $1800 a month. I have been unhoused for 8 months and am staying in a shelter. I live alone. I have a chronic condition (depression) that requires regular medication. I struggle every month to pay my utility bills on time. I am a legal permanent resident and have been in the US for over 5 years.",0,0,0,0,1,150,renting,qualified_alien,False,True
"I am a student and work part-time, earning around $2688 a month. I have been unhoused for 1 months and am staying in a shelter. I have 1 children ages 12. My child has arthritis and needs ongoing medical care. I am behind on my heating bills by $433.",0,0,0,0,0,224,unhoused,citizen,True,True
"I am currently unemployed and have been looking for work for 17 months. I am staying with family temporarily as I cannot afford my own place. I live alone. I have no health insurance. My electricity bill has been very high this winter, around $499 per month. I am a legal permanent resident and have been in the US for over 5 years.",0,0,0,0,0,308,unhoused,qualified_alien,False,True
"I am a full-time caregiver for my mother and have no outside income. I own my home but am struggling to keep up with the mortgage. I share an apartment with a roommate. I am pregnant and currently uninsured. My electricity bill has been very high this winter, around $204 per month.",0,0,0,0,1,149,owned,citizen,False,True
"I am a student and work part-time, earning around $1716 a month. I am renting a room in a shared house for $1422 per month. I live with my partner. I have a chronic condition (asthma) that requires regular medication. My electricity bill has been very high this winter, around $531 per month.",0,0,0,0,1,143,staying_with_family,citizen,False,True
I work part-time at a warehouse earning about $2136 per month. I recently became homeless after my landlord evicted me. I share an apartment with a roommate. I have no health insurance. I struggle every month to pay my utility bills on time.,0,0,0,0,0,178,owned,citizen,False,True
"I work 15 hours a week at cleaning service, making $2316 monthly. I am currently renting an apartment for $1110 per month. I live with my spouse and 1 children. My child has arthritis and needs ongoing medical care. I do not have legal immigration status.",0,0,0,0,0,193,renting,undocumented,True,False
"I am a student and work part-time, earning around $540 a month. I recently became homeless after my landlord evicted me. I live alone. I recently lost my employer-sponsored health insurance. I am behind on my heating bills by $496.",1,1,1,1,1,45,unhoused,citizen,True,True
"I am currently unemployed and have been looking for work for 8 months. I have been unhoused for 5 months and am staying in a shelter. I have 4 children ages 13, 4. I am pregnant and currently uninsured. My utility bills take up a large portion of my income. I am a legal permanent resident and have been in the US for over 5 years.",1,1,1,0,1,33,renting,qualified_alien,True,True
I am a full-time caregiver for my spouse and have no outside income. I am staying with family temporarily as I cannot afford my own place. I live with my partner. I have been managing hypertension without proper medical care due to cost.,1,1,0,0,0,58,staying_with_family,citizen,False,False
I am currently unemployed and have been looking for work for 7 months. I have been unhoused for 11 months and am staying in a shelter. I am caring for my elderly mother who lives with me. I have been managing hypertension without proper medical care due to cost. My utility bills take up a large portion of my income.,0,0,0,0,0,368,owned,citizen,True,True
"I work 25 hours a week at restaurant, making $936 monthly. I own my home but am struggling to keep up with the mortgage. I share an apartment with a roommate. I am pregnant and currently uninsured. My electricity bill has been very high this winter, around $391 per month.",1,1,0,0,1,78,unhoused,citizen,False,True
I recently lost my job at a small business due to layoffs. I recently became homeless after my landlord evicted me. I live with my partner. I have a chronic condition (asthma) that requires regular medication. I received a shutoff notice for my gas service. I am a legal permanent resident and have been in the US for over 5 years.,0,0,0,0,0,231,owned,qualified_alien,False,True
"I work part-time at a cleaning service earning about $972 per month. I own my home but am struggling to keep up with the mortgage. I live alone. I recently lost my employer-sponsored health insurance. My electricity bill has been very high this winter, around $470 per month. I do not have legal immigration status.",0,0,0,0,1,81,unhoused,undocumented,True,True
I receive disability benefits of $1908 per month and cannot work. I recently became homeless after my landlord evicted me. I share an apartment with a roommate. I have a chronic condition (depression) that requires regular medication. I am behind on my heating bills by $325.,0,0,0,0,0,159,owned,citizen,False,True
I recently lost my job at Target due to layoffs. I recently became homeless after my landlord evicted me. I share an apartment with a roommate. I have a chronic condition (arthritis) that requires regular medication. I am a legal permanent resident and have been in the US for over 5 years.,1,1,0,0,0,112,unhoused,qualified_alien,False,False
"I work 15 hours a week at cleaning service, making $708 monthly. I recently became homeless after my landlord evicted me. I live with my spouse and 1 children. I am pregnant and currently uninsured. My electricity bill has been very high this winter, around $294 per month.",1,1,0,1,1,59,renting,citizen,True,True
"I work 15 hours a week at warehouse, making $1044 monthly. I own my home but am struggling to keep up with the mortgage. I live alone. I have no health insurance. My electricity bill has been very high this winter, around $520 per month. I do not have legal immigration status.",0,0,0,0,1,87,owned,undocumented,True,True
I recently lost my job at a local restaurant due to layoffs. I am currently renting an apartment for $794 per month. I live alone. I recently lost my employer-sponsored health insurance.,1,1,0,0,0,87,staying_with_family,citizen,False,False
"I work 25 hours a week at retail shop, making $2244 monthly. I recently became homeless after my landlord evicted me. I have 1 children ages 4. I am pregnant and currently uninsured.",0,0,0,0,0,187,renting,citizen,True,False
I recently lost my job at Amazon due to layoffs. I am currently renting an apartment for $1135 per month. I live with my partner. I have no health insurance. My utility bills take up a large portion of my income. I do not have legal immigration status.,0,0,0,0,0,247,owned,undocumented,False,True
"I work 15 hours a week at cleaning service, making $672 monthly. I own my home but am struggling to keep up with the mortgage. I live alone. I have no health insurance. I am behind on my heating bills by $431.",1,1,0,1,1,56,staying_with_family,citizen,True,True
"I am a student and work part-time, earning around $732 a month. I own my home but am struggling to keep up with the mortgage. I am caring for my elderly grandmother who lives with me. I am pregnant and currently uninsured. I struggle every month to pay my utility bills on time. I am a legal permanent resident and have been in the US for over 5 years.",1,1,0,0,1,61,staying_with_family,qualified_alien,True,True
"I am self-employed doing freelance cleaning work, my income varies month to month. I am currently renting an apartment for $693 per month. I live with my spouse and 2 children. I recently lost my employer-sponsored health insurance.",0,0,0,0,0,159,staying_with_family,citizen,True,False
I work part-time at a retail shop earning about $1272 per month. I recently became homeless after my landlord evicted me. I live with my spouse and 4 children. My child has arthritis and needs ongoing medical care.,1,1,0,0,0,106,owned,citizen,True,False
I receive disability benefits of $3588 per month and cannot work. I am renting a room in a shared house for $1242 per month. I share an apartment with a roommate. I am pregnant and currently uninsured. I am behind on my heating bills by $257.,0,0,0,0,0,299,unhoused,citizen,False,True
I am a full-time caregiver for my father and have no outside income. I am currently renting an apartment for $1670 per month. I live alone. I have no health insurance. I received a shutoff notice for my gas service.,0,0,0,0,0,168,unhoused,citizen,True,True
"I am currently unemployed and have been looking for work for 12 months. I am renting a room in a shared house for $1189 per month. My household includes myself, my partner, and our 1 children. I have a chronic condition (arthritis) that requires regular medication.",0,0,0,0,0,167,unhoused,citizen,True,False
"I am self-employed doing food delivery work, my income varies month to month. I am staying with family temporarily as I cannot afford my own place. I live with my spouse and 1 children. I recently lost my employer-sponsored health insurance. I received a shutoff notice for my gas service.",0,0,0,0,0,252,unhoused,citizen,True,True
I receive disability benefits of $1320 per month and cannot work. I am staying with family temporarily as I cannot afford my own place. I live alone. I am pregnant and currently uninsured. I struggle every month to pay my utility bills on time. I do not have legal immigration status.,0,0,0,0,1,110,owned,undocumented,False,True
"I am a student and work part-time, earning around $1272 a month. I recently became homeless after my landlord evicted me. I share an apartment with a roommate. I have a chronic condition (depression) that requires regular medication.",1,1,0,0,0,106,unhoused,citizen,False,False
"I am a student and work part-time, earning around $2160 a month. I am currently renting an apartment for $796 per month. I am caring for my elderly grandmother who lives with me. My child has diabetes and needs ongoing medical care. I am behind on my heating bills by $425. I do not have legal immigration status.",0,0,0,0,0,180,renting,undocumented,True,True
I work part-time at a grocery store earning about $876 per month. I am staying with family temporarily as I cannot afford my own place. I live with my spouse and 4 children. My child has diabetes and needs ongoing medical care. My utility bills take up a large portion of my income.,1,1,0,1,1,73,unhoused,citizen,True,True
I receive disability benefits of $732 per month and cannot work. I am currently renting an apartment for $1570 per month. I am caring for my elderly grandmother who lives with me. I have a chronic condition (asthma) that requires regular medication.,1,1,0,1,0,61,renting,citizen,True,False
I work part-time at a warehouse earning about $1488 per month. I am renting a room in a shared house for $891 per month. I live alone. I recently lost my employer-sponsored health insurance. I received a shutoff notice for my gas service.,1,1,0,0,1,124,renting,citizen,False,True
"I am self-employed doing food delivery work, my income varies month to month. I have been unhoused for 4 months and am staying in a shelter. I am a single parent with 4 kids. I am pregnant and currently uninsured.",0,0,0,0,0,393,renting,citizen,True,False
"I work 25 hours a week at restaurant, making $3372 monthly. I own my home but am struggling to keep up with the mortgage. I live with my partner. I am pregnant and currently uninsured. I am behind on my heating bills by $480.",0,0,0,0,0,281,unhoused,citizen,False,True
"I am currently unemployed and have been looking for work for 13 months. I am renting a room in a shared house for $1566 per month. I have 3 children ages 8, 10. My child has arthritis and needs ongoing medical care. My utility bills take up a large portion of my income.",1,1,0,1,1,86,owned,citizen,True,True
I recently lost my job at Amazon due to layoffs. I am currently renting an apartment for $1141 per month. I live alone. I have no health insurance. I do not have legal immigration status.,0,0,0,0,0,104,unhoused,undocumented,False,False
I receive disability benefits of $3852 per month and cannot work. I am renting a room in a shared house for $759 per month. I am a single parent with 4 kids. I have a chronic condition (depression) that requires regular medication. I struggle every month to pay my utility bills on time.,0,0,0,0,0,321,renting,citizen,True,True
"I recently lost my job at a local restaurant due to layoffs. I have been unhoused for 8 months and am staying in a shelter. My household includes myself, my partner, and our 4 children. My child has diabetes and needs ongoing medical care.",1,1,0,0,0,113,unhoused,citizen,True,False
I am currently unemployed and have been looking for work for 6 months. I recently became homeless after my landlord evicted me. I live alone. My child has arthritis and needs ongoing medical care. I struggle every month to pay my utility bills on time. I do not have legal immigration status.,0,0,0,0,1,83,unhoused,undocumented,False,True
I am a full-time caregiver for my father and have no outside income. I am staying with family temporarily as I cannot afford my own place. I have 4 children ages 4. My child has arthritis and needs ongoing medical care. I do not have legal immigration status.,0,0,0,0,0,91,unhoused,undocumented,True,False
I am currently unemployed and have been looking for work for 14 months. I am renting a room in a shared house for $1478 per month. I live with my spouse and 4 children. I have a chronic condition (depression) that requires regular medication. I am behind on my heating bills by $589. I am a legal permanent resident and have been in the US for over 5 years.,1,1,0,0,1,58,renting,qualified_alien,True,True
I work part-time at a grocery store earning about $2400 per month. I have been unhoused for 3 months and am staying in a shelter. I live with my spouse and 3 children. I have a chronic condition (depression) that requires regular medication. I am behind on my heating bills by $361.,0,0,0,0,0,200,unhoused,citizen,True,True
"I work 15 hours a week at grocery store, making $2304 monthly. I am staying with family temporarily as I cannot afford my own place. I am a single parent with 1 kids. I have no health insurance. I am behind on my heating bills by $391.",0,0,0,0,0,192,staying_with_family,citizen,True,True
"I work 15 hours a week at cleaning service, making $948 monthly. I own my home but am struggling to keep up with the mortgage. I live alone. I have been managing arthritis without proper medical care due to cost. I received a shutoff notice for my gas service.",1,1,0,0,1,79,owned,citizen,False,True
"I recently lost my job at a small business due to layoffs. I am renting a room in a shared house for $1010 per month. I live alone. I have been managing diabetes without proper medical care due to cost. My electricity bill has been very high this winter, around $431 per month.",1,1,0,0,1,119,unhoused,citizen,False,True
"I work 10 hours a week at restaurant, making $2100 monthly. I am currently renting an apartment for $1630 per month. I am a single parent with 1 kids. I am pregnant and currently uninsured. I am behind on my heating bills by $537. I do not have legal immigration status.",0,0,0,0,0,175,unhoused,undocumented,True,True
"I am self-employed doing freelance cleaning work, my income varies month to month. I have been unhoused for 5 months and am staying in a shelter. I live alone. My child has hypertension and needs ongoing medical care. I am a legal permanent resident and have been in the US for over 5 years.",0,0,0,0,0,375,renting,qualified_alien,False,False
"I am self-employed doing food delivery work, my income varies month to month. I am staying with family temporarily as I cannot afford my own place. I am caring for my elderly mother who lives with me. I have no health insurance.",0,0,0,0,0,153,owned,citizen,True,False
"I receive disability benefits of $2532 per month and cannot work. I am staying with family temporarily as I cannot afford my own place. I live with my partner. My child has arthritis and needs ongoing medical care. My electricity bill has been very high this winter, around $407 per month. I do not have legal immigration status.",0,0,0,0,0,211,owned,undocumented,False,True
"I am self-employed doing freelance cleaning work, my income varies month to month. I have been unhoused for 9 months and am staying in a shelter. I am a single parent with 2 kids. I recently lost my employer-sponsored health insurance.",1,1,0,1,0,42,staying_with_family,citizen,True,False
I recently lost my job at a local restaurant due to layoffs. I am staying with family temporarily as I cannot afford my own place. I live alone. My child has diabetes and needs ongoing medical care. I am a legal permanent resident and have been in the US for over 5 years.,0,0,0,0,0,184,owned,qualified_alien,False,False
I am currently unemployed and have been looking for work for 13 months. I own my home but am struggling to keep up with the mortgage. I share an apartment with a roommate. I have a chronic condition (hypertension) that requires regular medication. I received a shutoff notice for my gas service.,0,0,0,0,0,194,staying_with_family,citizen,False,True
"I am self-employed doing freelance cleaning work, my income varies month to month. I am renting a room in a shared house for $1598 per month. I live with my partner. I have no health insurance. My utility bills take up a large portion of my income.",1,1,0,0,1,55,staying_with_family,citizen,False,True
I work part-time at a warehouse earning about $1788 per month. I recently became homeless after my landlord evicted me. I am a single parent with 4 kids. I am pregnant and currently uninsured. I struggle every month to pay my utility bills on time. I do not have legal immigration status.,0,0,0,0,1,149,staying_with_family,undocumented,True,True
I work part-time at a retail shop earning about $1104 per month. I am currently renting an apartment for $812 per month. I share an apartment with a roommate. I recently lost my employer-sponsored health insurance. I struggle every month to pay my utility bills on time.,1,1,0,0,1,92,owned,citizen,False,True
I am a full-time caregiver for my mother and have no outside income. I recently became homeless after my landlord evicted me. I am caring for my elderly father who lives with me. I am pregnant and currently uninsured. I do not have legal immigration status.,0,0,0,0,0,96,unhoused,undocumented,True,False
I recently lost my job at a small business due to layoffs. I have been unhoused for 7 months and am staying in a shelter. I live with my partner. I am pregnant and currently uninsured.,0,0,0,0,0,187,staying_with_family,citizen,False,False
"I work 25 hours a week at warehouse, making $2988 monthly. I am staying with family temporarily as I cannot afford my own place. I share an apartment with a roommate. I have been managing hypertension without proper medical care due to cost. I received a shutoff notice for my gas service. I am a legal permanent resident and have been in the US for over 5 years.",0,0,0,0,0,249,staying_with_family,qualified_alien,False,True
"I am a student and work part-time, earning around $1380 a month. I am staying with family temporarily as I cannot afford my own place. I live alone. I recently lost my employer-sponsored health insurance.",1,1,0,0,0,115,renting,citizen,False,False
"I am self-employed doing handyman work, my income varies month to month. I recently became homeless after my landlord evicted me. I live alone. I recently lost my employer-sponsored health insurance.",0,0,0,0,0,384,renting,citizen,False,False
"I work 25 hours a week at grocery store, making $2628 monthly. I recently became homeless after my landlord evicted me. I live with my spouse and 1 children. I have a chronic condition (hypertension) that requires regular medication.",0,0,0,0,0,219,unhoused,citizen,True,False
I am currently unemployed and have been looking for work for 7 months. I am staying with family temporarily as I cannot afford my own place. I live alone. I am pregnant and currently uninsured. I am a legal permanent resident and have been in the US for over 5 years.,1,1,0,0,0,30,owned,qualified_alien,True,False
I am a full-time caregiver for my mother and have no outside income. I own my home but am struggling to keep up with the mortgage. I am caring for my elderly grandmother who lives with me. My child has hypertension and needs ongoing medical care. I am behind on my heating bills by $278.,1,1,0,1,1,64,unhoused,citizen,True,True
I recently lost my job at a local restaurant due to layoffs. I am renting a room in a shared house for $928 per month. I am caring for my elderly grandmother who lives with me. I have a chronic condition (depression) that requires regular medication. I do not have legal immigration status.,0,0,0,0,0,381,owned,undocumented,True,False
"I am self-employed doing food delivery work, my income varies month to month. I am staying with family temporarily as I cannot afford my own place. I live with my spouse and 3 children. I have been managing diabetes without proper medical care due to cost. My electricity bill has been very high this winter, around $577 per month. I do not have legal immigration status.",0,0,0,0,1,130,renting,undocumented,True,True
"I work 20 hours a week at cleaning service, making $1068 monthly. I am renting a room in a shared house for $745 per month. I live alone. I have been managing depression without proper medical care due to cost. I am a legal permanent resident and have been in the US for over 5 years.",1,1,0,0,0,89,renting,qualified_alien,False,False
I am a full-time caregiver for my father and have no outside income. I am currently renting an apartment for $1042 per month. I live alone. I am pregnant and currently uninsured. My utility bills take up a large portion of my income. I do not have legal immigration status.,0,0,0,0,1,79,owned,undocumented,True,True
I work part-time at a warehouse earning about $960 per month. I am renting a room in a shared house for $1507 per month. I am a single parent with 3 kids. I have a chronic condition (arthritis) that requires regular medication. I am behind on my heating bills by $438. I am a legal permanent resident and have been in the US for over 5 years.,1,1,0,0,1,80,owned,qualified_alien,True,True
I am currently unemployed and have been looking for work for 10 months. I have been unhoused for 4 months and am staying in a shelter. I live with my partner. I have no health insurance. My utility bills take up a large portion of my income. I am a legal permanent resident and have been in the US for over 5 years.,0,0,0,0,0,179,owned,qualified_alien,False,True
"I am self-employed doing rideshare work, my income varies month to month. I am staying with family temporarily as I cannot afford my own place. I live with my partner. My child has asthma and needs ongoing medical care.",1,1,0,0,0,55,staying_with_family,citizen,False,False
I am a full-time caregiver for my spouse and have no outside income. I recently became homeless after my landlord evicted me. I share an apartment with a roommate. My child has diabetes and needs ongoing medical care. I received a shutoff notice for my gas service. I do not have legal immigration status.,0,0,0,0,1,143,renting,undocumented,False,True
"I work 25 hours a week at cleaning service, making $1212 monthly. I own my home but am struggling to keep up with the mortgage. I am a single parent with 1 kids. I have no health insurance. I do not have legal immigration status.",0,0,0,0,0,101,owned,undocumented,True,False
"I am self-employed doing food delivery work, my income varies month to month. I own my home but am struggling to keep up with the mortgage. I share an apartment with a roommate. I have no health insurance. I struggle every month to pay my utility bills on time. I do not have legal immigration status.",0,0,0,0,1,108,staying_with_family,undocumented,False,True
"I am a student and work part-time, earning around $1860 a month. I have been unhoused for 12 months and am staying in a shelter. I live alone. I have no health insurance. I am behind on my heating bills by $467.",0,0,0,0,0,155,renting,citizen,False,True
"I am self-employed doing freelance cleaning work, my income varies month to month. I recently became homeless after my landlord evicted me. My household includes myself, my partner, and our 1 children. I have no health insurance.",0,0,0,0,0,167,renting,citizen,True,False
I am a full-time caregiver for my father and have no outside income. I am renting a room in a shared house for $803 per month. I live with my partner. I am pregnant and currently uninsured.,0,0,0,0,0,214,renting,citizen,False,False
I am a full-time caregiver for my spouse and have no outside income. I have been unhoused for 11 months and am staying in a shelter. I live with my partner. I recently lost my employer-sponsored health insurance. I received a shutoff notice for my gas service.,0,0,0,0,0,329,renting,citizen,False,True
I recently lost my job at Target due to layoffs. I am staying with family temporarily as I cannot afford my own place. I share an apartment with a roommate. I have a chronic condition (depression) that requires regular medication. My utility bills take up a large portion of my income.,1,1,0,0,1,23,owned,citizen,False,True
I recently lost my job at Target due to layoffs. I am renting a room in a shared house for $842 per month. I am a single parent with 2 kids. I have a chronic condition (depression) that requires regular medication. I received a shutoff notice for my gas service.,1,1,0,0,1,122,unhoused,citizen,True,True
"I am self-employed doing freelance cleaning work, my income varies month to month. I own my home but am struggling to keep up with the mortgage. I am caring for my elderly father who lives with me. My child has asthma and needs ongoing medical care. I am behind on my heating bills by $248. I do not have legal immigration status.",0,0,0,0,1,93,renting,undocumented,True,True
"I am self-employed doing handyman work, my income varies month to month. I have been unhoused for 4 months and am staying in a shelter. I live with my partner. My child has diabetes and needs ongoing medical care. My utility bills take up a large portion of my income. I am a legal permanent resident and have been in the US for over 5 years.",1,1,0,0,1,34,owned,qualified_alien,False,True
"I am self-employed doing rideshare work, my income varies month to month. I recently became homeless after my landlord evicted me. I am a single parent with 4 kids. I recently lost my employer-sponsored health insurance. I received a shutoff notice for my gas service. I am a legal permanent resident and have been in the US for over 5 years.",1,1,0,0,1,72,renting,qualified_alien,True,True
I recently lost my job at a local restaurant due to layoffs. I own my home but am struggling to keep up with the mortgage. I live alone. I have no health insurance.,0,0,0,0,0,237,staying_with_family,citizen,True,False
I recently lost my job at Target due to layoffs. I recently became homeless after my landlord evicted me. I am a single parent with 3 kids. I recently lost my employer-sponsored health insurance. I am a legal permanent resident and have been in the US for over 5 years.,0,0,0,0,0,335,unhoused,qualified_alien,True,False
"I am a student and work part-time, earning around $2448 a month. I am currently renting an apartment for $613 per month. I am caring for my elderly mother who lives with me. I have no health insurance. I am a legal permanent resident and have been in the US for over 5 years.",0,0,0,0,0,204,staying_with_family,qualified_alien,True,False
I recently lost my job at Target due to layoffs. I am currently renting an apartment for $1212 per month. I live with my partner. My child has diabetes and needs ongoing medical care. I struggle every month to pay my utility bills on time.,0,1,0,0,1,135,owned,citizen,False,True
"I am self-employed doing rideshare work, my income varies month to month. I recently became homeless after my landlord evicted me. I share an apartment with a roommate. I have a chronic condition (hypertension) that requires regular medication. My utility bills take up a large portion of my income.",1,1,0,0,1,85,renting,citizen,False,True
"I am self-employed doing rideshare work, my income varies month to month. I recently became homeless after my landlord evicted me. I have 4 children ages 2, 11. I am pregnant and currently uninsured. My electricity bill has been very high this winter, around $477 per month. I am a legal permanent resident and have been in the US for over 5 years.",0,0,0,0,0,358,staying_with_family,qualified_alien,True,True
"I am currently unemployed and have been looking for work for 4 months. I am staying with family temporarily as I cannot afford my own place. My household includes myself, my partner, and our 4 children. I recently lost my employer-sponsored health insurance. My utility bills take up a large portion of my income.",1,1,0,1,1,32,owned,citizen,True,True
I am a full-time caregiver for my father and have no outside income. I own my home but am struggling to keep up with the mortgage. I am caring for my elderly father who lives with me. I have been managing hypertension without proper medical care due to cost. I do not have legal immigration status.,0,0,0,0,0,138,owned,undocumented,True,False
I receive disability benefits of $780 per month and cannot work. I am currently renting an apartment for $1013 per month. I live with my partner. I am pregnant and currently uninsured. I struggle every month to pay my utility bills on time.,1,1,0,0,1,65,staying_with_family,citizen,False,True
I recently lost my job at a small business due to layoffs. I have been unhoused for 11 months and am staying in a shelter. I am caring for my elderly mother who lives with me. I am pregnant and currently uninsured.,0,0,0,0,0,174,owned,citizen,True,False
I am a full-time caregiver for my father and have no outside income. I am currently renting an apartment for $631 per month. I share an apartment with a roommate. I am pregnant and currently uninsured.,1,1,0,0,0,117,owned,citizen,False,False
"I am self-employed doing freelance cleaning work, my income varies month to month. I am staying with family temporarily as I cannot afford my own place. My household includes myself, my partner, and our 1 children. I have no health insurance. I struggle every month to pay my utility bills on time.",0,0,0,0,0,175,owned,citizen,True,True
"I work part-time at a cleaning service earning about $2256 per month. I own my home but am struggling to keep up with the mortgage. My household includes myself, my partner, and our 4 children. I am pregnant and currently uninsured. I received a shutoff notice for my gas service.",0,0,0,0,0,188,owned,citizen,True,True
"I am a student and work part-time, earning around $3408 a month. I am currently renting an apartment for $1430 per month. I live alone. I have a chronic condition (arthritis) that requires regular medication.",0,0,0,0,0,284,staying_with_family,citizen,False,False
I recently lost my job at Amazon due to layoffs. I am renting a room in a shared house for $1482 per month. I share an apartment with a roommate. I have a chronic condition (arthritis) that requires regular medication. I am behind on my heating bills by $238. I do not have legal immigration status.,0,0,0,0,0,337,staying_with_family,undocumented,False,True
I work part-time at a warehouse earning about $4680 per month. I am currently renting an apartment for $1376 per month. I live with my spouse and 1 children. I am pregnant and currently uninsured. I am behind on my heating bills by $488. I do not have legal immigration status.,0,0,0,0,0,390,renting,undocumented,True,True
I receive disability benefits of $3300 per month and cannot work. I am renting a room in a shared house for $1427 per month. I live with my partner. I have no health insurance. My utility bills take up a large portion of my income.,0,0,0,0,0,275,staying_with_family,citizen,False,True
I am a full-time caregiver for my spouse and have no outside income. I am staying with family temporarily as I cannot afford my own place. I live alone. I am pregnant and currently uninsured. I received a shutoff notice for my gas service.,0,0,0,0,0,176,renting,citizen,False,True
"I am a student and work part-time, earning around $1080 a month. I recently became homeless after my landlord evicted me. I live alone. My child has arthritis and needs ongoing medical care.",1,1,0,0,0,90,unhoused,citizen,False,False
"I am a student and work part-time, earning around $2256 a month. I am currently renting an apartment for $1763 per month. I share an apartment with a roommate. I have a chronic condition (diabetes) that requires regular medication.",0,0,0,0,0,188,unhoused,citizen,False,False
I work part-time at a retail shop earning about $1692 per month. I am renting a room in a shared house for $622 per month. I live with my partner. I am pregnant and currently uninsured. My utility bills take up a large portion of my income. I do not have legal immigration status.,0,0,0,0,1,141,staying_with_family,undocumented,False,True
I receive disability benefits of $2112 per month and cannot work. I have been unhoused for 5 months and am staying in a shelter. I live with my spouse and 1 children. I have a chronic condition (asthma) that requires regular medication. My utility bills take up a large portion of my income.,0,0,0,0,0,176,unhoused,citizen,True,True
"I am a full-time caregiver for my spouse and have no outside income. I am currently renting an apartment for $1302 per month. I have 2 children ages 14, 13. I have been managing depression without proper medical care due to cost. I am behind on my heating bills by $257. I do not have legal immigration status.",0,0,1,0,1,37,unhoused,undocumented,True,True
I receive disability benefits of $2100 per month and cannot work. I have been unhoused for 9 months and am staying in a shelter. I live with my partner. I have no health insurance. I struggle every month to pay my utility bills on time.,0,0,0,0,0,175,renting,citizen,False,True
"I work 10 hours a week at restaurant, making $756 monthly. I recently became homeless after my landlord evicted me. I live with my spouse and 2 children. I am pregnant and currently uninsured. My electricity bill has been very high this winter, around $575 per month. I do not have legal immigration status.",0,0,0,0,1,63,renting,undocumented,True,True
"I am self-employed doing rideshare work, my income varies month to month. I recently became homeless after my landlord evicted me. I live alone. I have no health insurance.",1,1,0,0,0,24,staying_with_family,citizen,False,False
"I am a student and work part-time, earning around $1260 a month. I have been unhoused for 7 months and am staying in a shelter. I live with my spouse and 3 children. I recently lost my employer-sponsored health insurance. My electricity bill has been very high this winter, around $401 per month.",1,1,0,0,1,105,owned,citizen,True,True
I work part-time at a restaurant earning about $2952 per month. I am renting a room in a shared house for $1113 per month. I live alone. I have been managing depression without proper medical care due to cost. I received a shutoff notice for my gas service.,0,0,0,0,0,246,renting,citizen,True,True
I work part-time at a warehouse earning about $768 per month. I am renting a room in a shared house for $1696 per month. I live with my partner. I have been managing hypertension without proper medical care due to cost. I struggle every month to pay my utility bills on time. I am a legal permanent resident and have been in the US for over 5 years.,1,1,0,0,1,64,staying_with_family,qualified_alien,False,True
"I am self-employed doing handyman work, my income varies month to month. I recently became homeless after my landlord evicted me. My household includes myself, my partner, and our 3 children. I recently lost my employer-sponsored health insurance. I am a legal permanent resident and have been in the US for over 5 years.",0,0,0,0,0,142,renting,qualified_alien,True,False
I receive disability benefits of $1116 per month and cannot work. I am currently renting an apartment for $1291 per month. I live alone. My child has diabetes and needs ongoing medical care. I am behind on my heating bills by $563. I am a legal permanent resident and have been in the US for over 5 years.,1,1,0,0,1,93,staying_with_family,qualified_alien,False,True
I am currently unemployed and have been looking for work for 16 months. I am staying with family temporarily as I cannot afford my own place. I live alone. My child has arthritis and needs ongoing medical care.,1,1,0,0,0,123,unhoused,citizen,False,False
"I am self-employed doing freelance cleaning work, my income varies month to month. I am renting a room in a shared house for $1717 per month. I am a single parent with 2 kids. I have no health insurance. I do not have legal immigration status.",0,0,0,0,0,30,staying_with_family,undocumented,True,False
I recently lost my job at a small business due to layoffs. I am currently renting an apartment for $613 per month. I live alone. I have no health insurance. I received a shutoff notice for my gas service. I am a legal permanent resident and have been in the US for over 5 years.,0,0,0,0,0,184,unhoused,qualified_alien,False,True
"I work 25 hours a week at warehouse, making $1560 monthly. I am currently renting an apartment for $1216 per month. I live with my spouse and 1 children. I have no health insurance. I received a shutoff notice for my gas service.",1,1,0,0,1,130,unhoused,citizen,True,True
I recently lost my job at Target due to layoffs. I recently became homeless after my landlord evicted me. I live alone. My child has hypertension and needs ongoing medical care.,0,0,0,0,0,257,unhoused,citizen,False,False
"I am a student and work part-time, earning around $492 a month. I am renting a room in a shared house for $1267 per month. I live alone. I have been managing hypertension without proper medical care due to cost. I am behind on my heating bills by $548. I do not have legal immigration status.",0,0,1,0,1,41,renting,undocumented,False,True
"I am a student and work part-time, earning around $1212 a month. I own my home but am struggling to keep up with the mortgage. I live with my partner. I recently lost my employer-sponsored health insurance.",1,1,0,0,0,101,staying_with_family,citizen,False,False
I receive disability benefits of $1116 per month and cannot work. I have been unhoused for 5 months and am staying in a shelter. I share an apartment with a roommate. I recently lost my employer-sponsored health insurance. I am behind on my heating bills by $445.,1,1,0,0,1,93,owned,citizen,False,True
"I am currently unemployed and have been looking for work for 14 months. I am staying with family temporarily as I cannot afford my own place. I live alone. I have been managing arthritis without proper medical care due to cost. My electricity bill has been very high this winter, around $367 per month. I do not have legal immigration status.",0,0,0,0,0,306,unhoused,undocumented,True,True
I am currently unemployed and have been looking for work for 14 months. I recently became homeless after my landlord evicted me. I live with my partner. I have been managing hypertension without proper medical care due to cost. I am behind on my heating bills by $510. I am a legal permanent resident and have been in the US for over 5 years.,1,1,0,0,1,53,staying_with_family,qualified_alien,False,True
"I am a student and work part-time, earning around $3804 a month. I own my home but am struggling to keep up with the mortgage. I share an apartment with a roommate. I am pregnant and currently uninsured. I am behind on my heating bills by $553. I am a legal permanent resident and have been in the US for over 5 years.",0,0,0,0,0,317,unhoused,qualified_alien,False,True
I am currently unemployed and have been looking for work for 12 months. I have been unhoused for 9 months and am staying in a shelter. I live alone. I have been managing depression without proper medical care due to cost. My utility bills take up a large portion of my income.,1,1,0,0,1,63,owned,citizen,False,True
I work part-time at a restaurant earning about $1908 per month. I recently became homeless after my landlord evicted me. I am caring for my elderly mother who lives with me. My child has diabetes and needs ongoing medical care. I do not have legal immigration status.,0,0,0,0,0,159,owned,undocumented,True,False
"I am a student and work part-time, earning around $300 a month. I am renting a room in a shared house for $870 per month. I live with my partner. My child has depression and needs ongoing medical care. My electricity bill has been very high this winter, around $299 per month.",1,1,1,0,1,25,renting,citizen,False,True
I am a full-time caregiver for my spouse and have no outside income. I am staying with family temporarily as I cannot afford my own place. I live with my partner. I recently lost my employer-sponsored health insurance. I received a shutoff notice for my gas service. I do not have legal immigration status.,0,0,0,0,1,133,staying_with_family,undocumented,False,True
"I receive disability benefits of $1788 per month and cannot work. I am currently renting an apartment for $1248 per month. I have 4 children ages 12, 6. I am pregnant and currently uninsured.",0,0,0,0,0,149,staying_with_family,citizen,True,False
I work part-time at a retail shop earning about $2100 per month. I am staying with family temporarily as I cannot afford my own place. I am caring for my elderly grandmother who lives with me. I have been managing asthma without proper medical care due to cost. My utility bills take up a large portion of my income. I do not have legal immigration status.,0,0,0,0,0,175,staying_with_family,undocumented,True,True
I receive disability benefits of $936 per month and cannot work. I have been unhoused for 10 months and am staying in a shelter. I share an apartment with a roommate. I recently lost my employer-sponsored health insurance. My utility bills take up a large portion of my income.,1,1,0,0,1,78,staying_with_family,citizen,False,True
"I work part-time at a retail shop earning about $840 per month. I am renting a room in a shared house for $1647 per month. My household includes myself, my partner, and our 3 children. My child has hypertension and needs ongoing medical care. My electricity bill has been very high this winter, around $295 per month. I do not have legal immigration status.",0,0,0,0,1,70,renting,undocumented,True,True
"I am a student and work part-time, earning around $504 a month. I am renting a room in a shared house for $776 per month. I have 3 children ages 11, 3. My child has diabetes and needs ongoing medical care. My electricity bill has been very high this winter, around $359 per month. I am a legal permanent resident and have been in the US for over 5 years.",1,1,1,0,1,42,unhoused,qualified_alien,True,True
"I am a student and work part-time, earning around $2940 a month. I am currently renting an apartment for $605 per month. I live with my partner. I have a chronic condition (depression) that requires regular medication. My electricity bill has been very high this winter, around $484 per month.",0,0,0,0,0,245,unhoused,citizen,False,True
I work part-time at a cleaning service earning about $2952 per month. I recently became homeless after my landlord evicted me. I live alone. I have a chronic condition (arthritis) that requires regular medication.,0,0,0,0,0,246,unhoused,citizen,False,False
"I recently lost my job at Amazon due to layoffs. I recently became homeless after my landlord evicted me. I live with my partner. I have a chronic condition (arthritis) that requires regular medication. My electricity bill has been very high this winter, around $413 per month.",1,1,0,0,1,117,renting,citizen,False,True
I receive disability benefits of $384 per month and cannot work. I am staying with family temporarily as I cannot afford my own place. I live with my partner. My child has depression and needs ongoing medical care. I received a shutoff notice for my gas service. I do not have legal immigration status.,0,0,1,0,1,32,unhoused,undocumented,False,True
"I work part-time at a retail shop earning about $1128 per month. I own my home but am struggling to keep up with the mortgage. My household includes myself, my partner, and our 3 children. I am pregnant and currently uninsured. I am behind on my heating bills by $513. I do not have legal immigration status.",0,0,0,0,1,94,unhoused,undocumented,True,True
I work part-time at a grocery store earning about $984 per month. I am currently renting an apartment for $1002 per month. I live alone. I have been managing arthritis without proper medical care due to cost.,1,1,0,0,0,82,unhoused,citizen,False,False
I work part-time at a cleaning service earning about $2292 per month. I have been unhoused for 2 months and am staying in a shelter. I live alone. I have been managing hypertension without proper medical care due to cost.,0,0,0,0,0,191,renting,citizen,False,False
I am currently unemployed and have been looking for work for 17 months. I am currently renting an apartment for $802 per month. I am caring for my elderly grandmother who lives with me. I have no health insurance. I do not have legal immigration status.,0,0,0,0,0,118,unhoused,undocumented,True,False
I work part-time at a grocery store earning about $1236 per month. I have been unhoused for 12 months and am staying in a shelter. I live alone. I have no health insurance. I struggle every month to pay my utility bills on time. I am a legal permanent resident and have been in the US for over 5 years.,1,1,0,0,1,103,unhoused,qualified_alien,False,True
"I work 15 hours a week at grocery store, making $2268 monthly. I recently became homeless after my landlord evicted me. I live alone. My child has depression and needs ongoing medical care.",0,0,0,0,0,189,staying_with_family,citizen,True,False
"I work 20 hours a week at warehouse, making $1416 monthly. I am renting a room in a shared house for $1159 per month. I live with my spouse and 3 children. I have a chronic condition (asthma) that requires regular medication. I struggle every month to pay my utility bills on time.",1,1,0,0,1,118,renting,citizen,True,True
I work part-time at a grocery store earning about $1164 per month. I have been unhoused for 2 months and am staying in a shelter. I share an apartment with a roommate. I am pregnant and currently uninsured.,1,1,0,0,0,97,unhoused,citizen,False,False
I am currently unemployed and have been looking for work for 2 months. I own my home but am struggling to keep up with the mortgage. I live alone. I have no health insurance. My utility bills take up a large portion of my income. I do not have legal immigration status.,0,0,0,0,0,276,staying_with_family,undocumented,False,True
"I am a student and work part-time, earning around $1560 a month. I am staying with family temporarily as I cannot afford my own place. I live with my partner. I have a chronic condition (depression) that requires regular medication. My utility bills take up a large portion of my income. I am a legal permanent resident and have been in the US for over 5 years.",1,1,0,0,1,130,staying_with_family,qualified_alien,False,True
I am a full-time caregiver for my mother and have no outside income. I own my home but am struggling to keep up with the mortgage. I live with my partner. I have a chronic condition (diabetes) that requires regular medication.,0,0,0,0,0,176,owned,citizen,False,False
I recently lost my job at a local restaurant due to layoffs. I own my home but am struggling to keep up with the mortgage. I live with my spouse and 3 children. I have no health insurance.,0,0,0,0,0,162,renting,citizen,True,False
"I am a student and work part-time, earning around $528 a month. I am staying with family temporarily as I cannot afford my own place. I live alone. I am pregnant and currently uninsured.",1,1,0,1,0,44,staying_with_family,citizen,True,False
"I am a student and work part-time, earning around $852 a month. I have been unhoused for 11 months and am staying in a shelter. I share an apartment with a roommate. I have a chronic condition (asthma) that requires regular medication. I struggle every month to pay my utility bills on time.",1,1,0,0,1,71,owned,citizen,False,True
"I am self-employed doing rideshare work, my income varies month to month. I own my home but am struggling to keep up with the mortgage. I have 3 children ages 14, 11. I have been managing asthma without proper medical care due to cost. I struggle every month to pay my utility bills on time. I do not have legal immigration status.",0,0,0,0,1,120,renting,undocumented,True,True
"I am self-employed doing handyman work, my income varies month to month. I am currently renting an apartment for $1013 per month. I live with my partner. I recently lost my employer-sponsored health insurance.",1,1,0,0,0,99,staying_with_family,citizen,False,False
"I am a full-time caregiver for my father and have no outside income. I recently became homeless after my landlord evicted me. I live alone. I am pregnant and currently uninsured. My electricity bill has been very high this winter, around $417 per month.",1,1,0,0,1,36,staying_with_family,citizen,False,True
"I am a full-time caregiver for my mother and have no outside income. I am staying with family temporarily as I cannot afford my own place. I have 3 children ages 14, 9. I have no health insurance. My utility bills take up a large portion of my income.",0,0,0,0,0,265,renting,citizen,True,True
"I recently lost my job at a local restaurant due to layoffs. I am renting a room in a shared house for $671 per month. My household includes myself, my partner, and our 1 children. I have been managing hypertension without proper medical care due to cost. My electricity bill has been very high this winter, around $423 per month.",0,0,0,0,0,340,staying_with_family,citizen,True,True
"I am self-employed doing handyman work, my income varies month to month. I own my home but am struggling to keep up with the mortgage. I live alone. My child has depression and needs ongoing medical care. I struggle every month to pay my utility bills on time.",1,1,0,0,1,75,staying_with_family,citizen,False,True
I am a full-time caregiver for my spouse and have no outside income. I am staying with family temporarily as I cannot afford my own place. I live alone. I have been managing hypertension without proper medical care due to cost. I received a shutoff notice for my gas service. I do not have legal immigration status.,0,0,0,0,1,126,owned,undocumented,False,True
I recently lost my job at a local restaurant due to layoffs. I own my home but am struggling to keep up with the mortgage. I live with my spouse and 4 children. I have been managing arthritis without proper medical care due to cost. I am behind on my heating bills by $195.,1,1,0,1,1,88,staying_with_family,citizen,True,True
"I recently lost my job at Target due to layoffs. I am renting a room in a shared house for $1491 per month. My household includes myself, my partner, and our 4 children. I recently lost my employer-sponsored health insurance. I received a shutoff notice for my gas service. I am a legal permanent resident and have been in the US for over 5 years.",1,1,0,0,1,93,renting,qualified_alien,True,True
"I am self-employed doing food delivery work, my income varies month to month. I have been unhoused for 10 months and am staying in a shelter. I live with my partner. I recently lost my employer-sponsored health insurance. My utility bills take up a large portion of my income. I do not have legal immigration status.",0,0,0,0,0,234,unhoused,undocumented,False,True
"I am self-employed doing rideshare work, my income varies month to month. I am currently renting an apartment for $706 per month. I have 4 children ages 2, 1. I am pregnant and currently uninsured. I struggle every month to pay my utility bills on time.",0,0,0,0,0,203,unhoused,citizen,True,True
I am a full-time caregiver for my mother and have no outside income. I have been unhoused for 6 months and am staying in a shelter. I live alone. I recently lost my employer-sponsored health insurance. I received a shutoff notice for my gas service.,1,1,1,0,1,45,unhoused,citizen,False,True
"I am a student and work part-time, earning around $2004 a month. I am currently renting an apartment for $1070 per month. I live alone. I have no health insurance. My electricity bill has been very high this winter, around $376 per month. I am a legal permanent resident and have been in the US for over 5 years.",0,0,0,0,0,167,owned,qualified_alien,True,True
I receive disability benefits of $3816 per month and cannot work. I am renting a room in a shared house for $969 per month. I live alone. I recently lost my employer-sponsored health insurance.,0,0,0,0,0,318,renting,citizen,False,False
"I work part-time at a warehouse earning about $2076 per month. I recently became homeless after my landlord evicted me. I share an apartment with a roommate. I have a chronic condition (arthritis) that requires regular medication. My electricity bill has been very high this winter, around $318 per month. I am a legal permanent resident and have been in the US for over 5 years.",0,0,0,0,0,173,renting,qualified_alien,False,True
I am currently unemployed and have been looking for work for 3 months. I am staying with family temporarily as I cannot afford my own place. I live alone. My child has hypertension and needs ongoing medical care.,1,1,0,0,0,122,unhoused,citizen,True,False
I recently lost my job at a local restaurant due to layoffs. I own my home but am struggling to keep up with the mortgage. I am caring for my elderly father who lives with me. I am pregnant and currently uninsured. I struggle every month to pay my utility bills on time. I am a legal permanent resident and have been in the US for over 5 years.,0,0,0,0,1,150,staying_with_family,qualified_alien,True,True
"I am a student and work part-time, earning around $1632 a month. I am currently renting an apartment for $1578 per month. I have 2 children ages 10, 8, 14. I am pregnant and currently uninsured. My utility bills take up a large portion of my income.",0,1,0,0,1,136,staying_with_family,citizen,True,True
I receive disability benefits of $2736 per month and cannot work. I recently became homeless after my landlord evicted me. I have 4 children ages 3. I have been managing hypertension without proper medical care due to cost. I received a shutoff notice for my gas service.,0,0,0,0,0,228,staying_with_family,citizen,True,True
I receive disability benefits of $2256 per month and cannot work. I am currently renting an apartment for $951 per month. I live with my partner. My child has depression and needs ongoing medical care.,0,0,0,0,0,188,owned,citizen,False,False
"I am self-employed doing rideshare work, my income varies month to month. I recently became homeless after my landlord evicted me. I live alone. My child has arthritis and needs ongoing medical care.",0,0,0,0,0,193,staying_with_family,citizen,False,False
I recently lost my job at a small business due to layoffs. I am staying with family temporarily as I cannot afford my own place. I share an apartment with a roommate. My child has diabetes and needs ongoing medical care. I am a legal permanent resident and have been in the US for over 5 years.,0,0,0,0,0,398,unhoused,qualified_alien,False,False
"I receive disability benefits of $4344 per month and cannot work. I recently became homeless after my landlord evicted me. I live alone. My child has depression and needs ongoing medical care. My electricity bill has been very high this winter, around $403 per month. I am a legal permanent resident and have been in the US for over 5 years.",0,0,0,0,0,362,staying_with_family,qualified_alien,True,True
I am a full-time caregiver for my mother and have no outside income. I have been unhoused for 7 months and am staying in a shelter. I share an apartment with a roommate. I have been managing hypertension without proper medical care due to cost.,0,0,0,0,0,315,renting,citizen,False,False
"I am self-employed doing rideshare work, my income varies month to month. I have been unhoused for 4 months and am staying in a shelter. I am caring for my elderly father who lives with me. I have a chronic condition (asthma) that requires regular medication.",1,1,0,0,0,111,owned,citizen,True,False
"I am self-employed doing freelance cleaning work, my income varies month to month. I have been unhoused for 12 months and am staying in a shelter. I am caring for my elderly mother who lives with me. I have no health insurance.",0,1,0,0,0,135,staying_with_family,citizen,True,False
I recently lost my job at a small business due to layoffs. I have been unhoused for 3 months and am staying in a shelter. I live alone. My child has hypertension and needs ongoing medical care. I received a shutoff notice for my gas service.,1,1,0,1,1,59,unhoused,citizen,True,True
"I work 25 hours a week at warehouse, making $3552 monthly. I am renting a room in a shared house for $1340 per month. I live with my partner. I recently lost my employer-sponsored health insurance. My utility bills take up a large portion of my income.",0,0,0,0,0,296,owned,citizen,False,True
I recently lost my job at a local restaurant due to layoffs. I recently became homeless after my landlord evicted me. I share an apartment with a roommate. I have been managing hypertension without proper medical care due to cost.,1,1,0,0,0,102,staying_with_family,citizen,False,False
"I am a student and work part-time, earning around $1236 a month. I am renting a room in a shared house for $1285 per month. My household includes myself, my partner, and our 2 children. I am pregnant and currently uninsured. My utility bills take up a large portion of my income. I am a legal permanent resident and have been in the US for over 5 years.",1,1,0,0,1,103,staying_with_family,qualified_alien,True,True
"I work 20 hours a week at grocery store, making $816 monthly. I am renting a room in a shared house for $1325 per month. I live alone. I have a chronic condition (asthma) that requires regular medication. My utility bills take up a large portion of my income.",1,1,0,1,1,68,owned,citizen,True,True
I recently lost my job at Target due to layoffs. I am renting a room in a shared house for $994 per month. I live with my partner. I have no health insurance. I struggle every month to pay my utility bills on time.,1,1,0,0,1,121,owned,citizen,False,True
"I work 25 hours a week at cleaning service, making $2592 monthly. I own my home but am struggling to keep up with the mortgage. I live with my partner. I have been managing depression without proper medical care due to cost. I am a legal permanent resident and have been in the US for over 5 years.",0,0,0,0,0,216,unhoused,qualified_alien,False,False
I work part-time at a retail shop earning about $1092 per month. I have been unhoused for 10 months and am staying in a shelter. I live with my partner. I have no health insurance. I received a shutoff notice for my gas service. I am a legal permanent resident and have been in the US for over 5 years.,1,1,0,0,1,91,staying_with_family,qualified_alien,False,True
"I am a student and work part-time, earning around $456 a month. I have been unhoused for 3 months and am staying in a shelter. My household includes myself, my partner, and our 4 children. I have a chronic condition (diabetes) that requires regular medication. My electricity bill has been very high this winter, around $363 per month.",1,1,0,1,1,38,owned,citizen,True,True
I recently lost my job at a small business due to layoffs. I recently became homeless after my landlord evicted me. I am caring for my elderly father who lives with me. I am pregnant and currently uninsured. I struggle every month to pay my utility bills on time. I am a legal permanent resident and have been in the US for over 5 years.,0,0,0,0,0,345,owned,qualified_alien,True,True
I work part-time at a cleaning service earning about $444 per month. I am currently renting an apartment for $846 per month. I am caring for my elderly mother who lives with me. I recently lost my employer-sponsored health insurance. I struggle every month to pay my utility bills on time. I do not have legal immigration status.,0,0,0,0,1,37,owned,undocumented,True,True
I am currently unemployed and have been looking for work for 17 months. I am currently renting an apartment for $1709 per month. I live with my partner. I recently lost my employer-sponsored health insurance.,1,1,0,0,0,71,staying_with_family,citizen,False,False
"I recently lost my job at a local restaurant due to layoffs. I am staying with family temporarily as I cannot afford my own place. I live with my partner. My child has diabetes and needs ongoing medical care. My electricity bill has been very high this winter, around $253 per month.",0,0,0,0,1,142,staying_with_family,citizen,False,True
"I work 15 hours a week at retail shop, making $3924 monthly. I have been unhoused for 10 months and am staying in a shelter. I share an apartment with a roommate. I have no health insurance. My utility bills take up a large portion of my income.",0,0,0,0,0,327,renting,citizen,False,True
I recently lost my job at Target due to layoffs. I own my home but am struggling to keep up with the mortgage. I live with my spouse and 3 children. I have a chronic condition (arthritis) that requires regular medication. I received a shutoff notice for my gas service.,0,0,0,0,0,346,staying_with_family,citizen,True,True
I work part-time at a grocery store earning about $1260 per month. I am renting a room in a shared house for $1172 per month. I live alone. I am pregnant and currently uninsured. I received a shutoff notice for my gas service.,1,1,0,0,1,105,owned,citizen,False,True
"I am self-employed doing rideshare work, my income varies month to month. I am currently renting an apartment for $1575 per month. I live alone. I have no health insurance. My utility bills take up a large portion of my income.",0,0,0,0,0,393,owned,citizen,True,True
I recently lost my job at a small business due to layoffs. I am currently renting an apartment for $1053 per month. I live alone. I have been managing hypertension without proper medical care due to cost. I am behind on my heating bills by $269. I am a legal permanent resident and have been in the US for over 5 years.,1,1,0,0,1,77,owned,qualified_alien,True,True
"I work 15 hours a week at restaurant, making $3264 monthly. I recently became homeless after my landlord evicted me. I share an apartment with a roommate. I am pregnant and currently uninsured. I am behind on my heating bills by $183.",0,0,0,0,0,272,unhoused,citizen,False,True
I am currently unemployed and have been looking for work for 18 months. I recently became homeless after my landlord evicted me. I live with my spouse and 4 children. I have a chronic condition (arthritis) that requires regular medication. I do not have legal immigration status.,0,0,0,0,0,139,unhoused,undocumented,True,False
"I am self-employed doing food delivery work, my income varies month to month. I am staying with family temporarily as I cannot afford my own place. I live with my partner. I have a chronic condition (diabetes) that requires regular medication. I do not have legal immigration status.",0,0,0,0,0,159,staying_with_family,undocumented,False,False
"I am a full-time caregiver for my father and have no outside income. I am currently renting an apartment for $1283 per month. I have 1 children ages 15, 4, 15. I have no health insurance. My electricity bill has been very high this winter, around $167 per month.",0,0,0,0,0,208,staying_with_family,citizen,True,True
"I work part-time at a grocery store earning about $528 per month. I am currently renting an apartment for $1441 per month. I share an apartment with a roommate. I have been managing arthritis without proper medical care due to cost. My electricity bill has been very high this winter, around $382 per month.",1,1,0,0,1,44,staying_with_family,citizen,False,True
"I am self-employed doing rideshare work, my income varies month to month. I am staying with family temporarily as I cannot afford my own place. I am a single parent with 4 kids. I recently lost my employer-sponsored health insurance. My electricity bill has been very high this winter, around $215 per month.",1,1,0,1,1,44,owned,citizen,True,True
"I recently lost my job at a local restaurant due to layoffs. I am renting a room in a shared house for $896 per month. I have 1 children ages 12, 7. I have been managing asthma without proper medical care due to cost. My electricity bill has been very high this winter, around $324 per month. I do not have legal immigration status.",0,0,0,0,0,186,owned,undocumented,True,True
"I receive disability benefits of $4536 per month and cannot work. I own my home but am struggling to keep up with the mortgage. My household includes myself, my partner, and our 2 children. My child has hypertension and needs ongoing medical care. I struggle every month to pay my utility bills on time. I do not have legal immigration status.",0,0,0,0,0,378,owned,undocumented,True,True
I receive disability benefits of $540 per month and cannot work. I am staying with family temporarily as I cannot afford my own place. I live alone. I have a chronic condition (asthma) that requires regular medication.,1,1,1,0,0,45,renting,citizen,False,False
I am currently unemployed and have been looking for work for 5 months. I own my home but am struggling to keep up with the mortgage. I am a single parent with 2 kids. I recently lost my employer-sponsored health insurance. I am behind on my heating bills by $422.,1,1,0,0,1,116,renting,citizen,True,True
"I receive disability benefits of $3384 per month and cannot work. I am renting a room in a shared house for $1796 per month. I have 1 children ages 3, 6. My child has arthritis and needs ongoing medical care. I received a shutoff notice for my gas service.",0,0,0,0,0,282,unhoused,citizen,True,True
I am currently unemployed and have been looking for work for 7 months. I am staying with family temporarily as I cannot afford my own place. I live with my spouse and 2 children. I have no health insurance. I struggle every month to pay my utility bills on time. I am a legal permanent resident and have been in the US for over 5 years.,0,0,0,0,0,153,staying_with_family,qualified_alien,True,True
"I am a student and work part-time, earning around $1632 a month. I am staying with family temporarily as I cannot afford my own place. I live alone. I am pregnant and currently uninsured. My electricity bill has been very high this winter, around $552 per month. I am a legal permanent resident and have been in the US for over 5 years.",0,1,0,0,1,136,staying_with_family,qualified_alien,True,True
I am a full-time caregiver for my spouse and have no outside income. I recently became homeless after my landlord evicted me. I live alone. I am pregnant and currently uninsured. I struggle every month to pay my utility bills on time.,1,1,0,1,1,37,owned,citizen,True,True
"I am a student and work part-time, earning around $1548 a month. I recently became homeless after my landlord evicted me. I live with my spouse and 4 children. I recently lost my employer-sponsored health insurance. My electricity bill has been very high this winter, around $405 per month.",1,1,0,0,1,129,unhoused,citizen,True,True
I receive disability benefits of $1476 per month and cannot work. I have been unhoused for 11 months and am staying in a shelter. I am caring for my elderly mother who lives with me. I am pregnant and currently uninsured. I am behind on my heating bills by $393. I am a legal permanent resident and have been in the US for over 5 years.,1,1,0,0,1,123,staying_with_family,qualified_alien,True,True
"I am currently unemployed and have been looking for work for 16 months. I have been unhoused for 4 months and am staying in a shelter. I live with my partner. I have been managing arthritis without proper medical care due to cost. My electricity bill has been very high this winter, around $382 per month.",0,0,0,0,0,188,renting,citizen,False,True
I recently lost my job at a small business due to layoffs. I am staying with family temporarily as I cannot afford my own place. I live with my partner. I have been managing depression without proper medical care due to cost. I am behind on my heating bills by $459. I am a legal permanent resident and have been in the US for over 5 years.,1,1,0,0,1,104,owned,qualified_alien,False,True
I work part-time at a cleaning service earning about $3948 per month. I own my home but am struggling to keep up with the mortgage. I share an apartment with a roommate. I have no health insurance.,0,0,0,0,0,329,owned,citizen,False,False
"I work 25 hours a week at warehouse, making $2100 monthly. I am staying with family temporarily as I cannot afford my own place. I live with my spouse and 1 children. I have been managing arthritis without proper medical care due to cost. I received a shutoff notice for my gas service. I do not have legal immigration status.",0,0,0,0,0,175,staying_with_family,undocumented,True,True
I am a full-time caregiver for my spouse and have no outside income. I am currently renting an apartment for $1546 per month. I live alone. I have been managing depression without proper medical care due to cost.,0,0,0,0,0,327,renting,citizen,False,False
I recently lost my job at a small business due to layoffs. I am renting a room in a shared house for $1096 per month. I live with my partner. I recently lost my employer-sponsored health insurance. I received a shutoff notice for my gas service.,0,0,0,0,0,250,renting,citizen,False,True
I recently lost my job at a local restaurant due to layoffs. I am staying with family temporarily as I cannot afford my own place. I live alone. I have been managing arthritis without proper medical care due to cost. I am behind on my heating bills by $376.,1,1,1,0,1,30,unhoused,citizen,False,True
I am currently unemployed and have been looking for work for 13 months. I am currently renting an apartment for $632 per month. I live alone. I have no health insurance. I am behind on my heating bills by $498.,1,1,0,0,1,64,staying_with_family,citizen,False,True
I am a full-time caregiver for my father and have no outside income. I am currently renting an apartment for $1075 per month. I live alone. I have a chronic condition (hypertension) that requires regular medication.,1,1,0,0,0,85,unhoused,citizen,False,False
I receive disability benefits of $2184 per month and cannot work. I am renting a room in a shared house for $1623 per month. I share an apartment with a roommate. I am pregnant and currently uninsured. I am a legal permanent resident and have been in the US for over 5 years.,0,0,0,0,0,182,renting,qualified_alien,False,False
I am a full-time caregiver for my father and have no outside income. I am renting a room in a shared house for $1076 per month. I share an apartment with a roommate. I have been managing diabetes without proper medical care due to cost. I am behind on my heating bills by $160.,0,0,0,0,1,143,staying_with_family,citizen,False,True
"I am a full-time caregiver for my mother and have no outside income. I recently became homeless after my landlord evicted me. My household includes myself, my partner, and our 4 children. I have been managing diabetes without proper medical care due to cost.",1,1,0,0,0,129,staying_with_family,citizen,True,False
I am currently unemployed and have been looking for work for 8 months. I recently became homeless after my landlord evicted me. I live with my partner. I have no health insurance.,1,1,0,0,0,53,unhoused,citizen,False,False
"I am self-employed doing handyman work, my income varies month to month. I am staying with family temporarily as I cannot afford my own place. I live with my spouse and 2 children. My child has asthma and needs ongoing medical care. I received a shutoff notice for my gas service.",1,1,0,0,1,121,renting,citizen,True,True
"I work 25 hours a week at retail shop, making $3516 monthly. I have been unhoused for 3 months and am staying in a shelter. I am caring for my elderly father who lives with me. My child has hypertension and needs ongoing medical care. I struggle every month to pay my utility bills on time.",0,0,0,0,0,293,staying_with_family,citizen,True,True
I am currently unemployed and have been looking for work for 17 months. I recently became homeless after my landlord evicted me. I live with my partner. I have a chronic condition (arthritis) that requires regular medication.,1,1,0,0,0,111,staying_with_family,citizen,False,False
I am a full-time caregiver for my father and have no outside income. I recently became homeless after my landlord evicted me. I live with my spouse and 1 children. I am pregnant and currently uninsured. I am behind on my heating bills by $280.,0,0,0,0,0,232,unhoused,citizen,True,True
I work part-time at a warehouse earning about $420 per month. I recently became homeless after my landlord evicted me. I share an apartment with a roommate. I have been managing depression without proper medical care due to cost. My utility bills take up a large portion of my income. I am a legal permanent resident and have been in the US for over 5 years.,1,1,1,0,1,35,renting,qualified_alien,False,True
"I work 10 hours a week at grocery store, making $1704 monthly. I am currently renting an apartment for $1455 per month. I live with my spouse and 3 children. I recently lost my employer-sponsored health insurance. I am behind on my heating bills by $399.",0,0,0,0,1,142,unhoused,citizen,True,True
"I am self-employed doing rideshare work, my income varies month to month. I have been unhoused for 7 months and am staying in a shelter. I live alone. I have a chronic condition (diabetes) that requires regular medication.",1,1,0,0,0,113,unhoused,citizen,False,False
I am currently unemployed and have been looking for work for 2 months. I am renting a room in a shared house for $1144 per month. I live with my partner. I have a chronic condition (arthritis) that requires regular medication. I struggle every month to pay my utility bills on time.,0,0,0,0,0,323,renting,citizen,False,True
I am a full-time caregiver for my spouse and have no outside income. I am staying with family temporarily as I cannot afford my own place. I live alone. I am pregnant and currently uninsured. I am a legal permanent resident and have been in the US for over 5 years.,1,1,0,0,0,124,owned,qualified_alien,False,False
I am a full-time caregiver for my mother and have no outside income. I am renting a room in a shared house for $1592 per month. I share an apartment with a roommate. I am pregnant and currently uninsured. I do not have legal immigration status.,0,0,0,0,0,295,staying_with_family,undocumented,False,False
"I am currently unemployed and have been looking for work for 5 months. I own my home but am struggling to keep up with the mortgage. My household includes myself, my partner, and our 2 children. I have been managing diabetes without proper medical care due to cost. My electricity bill has been very high this winter, around $372 per month.",1,1,0,1,1,42,staying_with_family,citizen,True,True
I work part-time at a cleaning service earning about $3408 per month. I am renting a room in a shared house for $732 per month. I am a single parent with 4 kids. I have a chronic condition (diabetes) that requires regular medication. I received a shutoff notice for my gas service.,0,0,0,0,0,284,owned,citizen,True,True
"I work 25 hours a week at restaurant, making $1032 monthly. I have been unhoused for 11 months and am staying in a shelter. I live alone. I am pregnant and currently uninsured. My utility bills take up a large portion of my income. I do not have legal immigration status.",0,0,0,0,1,86,renting,undocumented,False,True
"I am self-employed doing freelance cleaning work, my income varies month to month. I recently became homeless after my landlord evicted me. I am a single parent with 3 kids. I recently lost my employer-sponsored health insurance.",0,0,0,0,0,338,owned,citizen,True,False
"I am self-employed doing handyman work, my income varies month to month. I am staying with family temporarily as I cannot afford my own place. I live with my spouse and 3 children. My child has diabetes and needs ongoing medical care. My utility bills take up a large portion of my income.",0,0,0,0,0,179,unhoused,citizen,True,True
"I am currently unemployed and have been looking for work for 10 months. I own my home but am struggling to keep up with the mortgage. I live alone. I recently lost my employer-sponsored health insurance. My electricity bill has been very high this winter, around $335 per month.",0,0,0,0,0,380,renting,citizen,False,True
I am currently unemployed and have been looking for work for 4 months. I am renting a room in a shared house for $1293 per month. I live with my spouse and 2 children. I recently lost my employer-sponsored health insurance. I am a legal permanent resident and have been in the US for over 5 years.,1,1,0,0,0,117,staying_with_family,qualified_alien,True,False
"I receive disability benefits of $4416 per month and cannot work. I am currently renting an apartment for $1601 per month. My household includes myself, my partner, and our 2 children. I have been managing diabetes without proper medical care due to cost. My utility bills take up a large portion of my income. I am a legal permanent resident and have been in the US for over 5 years.",0,0,0,0,0,368,renting,qualified_alien,True,True
"I recently lost my job at a small business due to layoffs. I am renting a room in a shared house for $1703 per month. I share an apartment with a roommate. I have no health insurance. My electricity bill has been very high this winter, around $242 per month.",1,1,0,0,1,111,renting,citizen,False,True
"I recently lost my job at a local restaurant due to layoffs. I am renting a room in a shared house for $1211 per month. I share an apartment with a roommate. I recently lost my employer-sponsored health insurance. My electricity bill has been very high this winter, around $277 per month.",0,0,0,0,0,202,owned,citizen,False,True
I am a full-time caregiver for my mother and have no outside income. I am currently renting an apartment for $985 per month. I am a single parent with 2 kids. I have a chronic condition (hypertension) that requires regular medication. I am behind on my heating bills by $523. I do not have legal immigration status.,0,0,0,0,0,276,unhoused,undocumented,True,True
"I am a student and work part-time, earning around $1680 a month. I recently became homeless after my landlord evicted me. My household includes myself, my partner, and our 2 children. I have a chronic condition (depression) that requires regular medication. I am a legal permanent resident and have been in the US for over 5 years.",0,0,0,0,0,140,owned,qualified_alien,True,False
I work part-time at a grocery store earning about $1944 per month. I am staying with family temporarily as I cannot afford my own place. I live alone. My child has asthma and needs ongoing medical care. I struggle every month to pay my utility bills on time. I do not have legal immigration status.,0,0,0,0,0,162,renting,undocumented,False,True
"I receive disability benefits of $1836 per month and cannot work. I own my home but am struggling to keep up with the mortgage. My household includes myself, my partner, and our 4 children. I have been managing arthritis without proper medical care due to cost. I am behind on my heating bills by $486.",0,0,0,0,0,153,staying_with_family,citizen,True,True
"I work 25 hours a week at warehouse, making $2148 monthly. I have been unhoused for 7 months and am staying in a shelter. I am caring for my elderly father who lives with me. I have a chronic condition (diabetes) that requires regular medication.",0,0,0,0,0,179,renting,citizen,True,False
"I receive disability benefits of $1032 per month and cannot work. I own my home but am struggling to keep up with the mortgage. My household includes myself, my partner, and our 1 children. I have no health insurance.",1,1,0,1,0,86,renting,citizen,True,False
"I am self-employed doing food delivery work, my income varies month to month. I own my home but am struggling to keep up with the mortgage. I have 3 children ages 11. I recently lost my employer-sponsored health insurance. My electricity bill has been very high this winter, around $298 per month.",1,1,0,1,1,64,staying_with_family,citizen,True,True
"I am currently unemployed and have been looking for work for 15 months. I am renting a room in a shared house for $1542 per month. I live with my partner. I have a chronic condition (diabetes) that requires regular medication. My electricity bill has been very high this winter, around $329 per month. I do not have legal immigration status.",0,0,0,0,1,111,renting,undocumented,False,True
I recently lost my job at a small business due to layoffs. I have been unhoused for 8 months and am staying in a shelter. I live with my partner. I have a chronic condition (hypertension) that requires regular medication.,0,0,0,0,0,154,renting,citizen,False,False
"I recently lost my job at Amazon due to layoffs. I am staying with family temporarily as I cannot afford my own place. I have 4 children ages 11, 2. I have been managing asthma without proper medical care due to cost. I struggle every month to pay my utility bills on time. I am a legal permanent resident and have been in the US for over 5 years.",0,0,0,0,0,154,renting,qualified_alien,True,True
"I work 10 hours a week at retail shop, making $3912 monthly. I am staying with family temporarily as I cannot afford my own place. I am caring for my elderly father who lives with me. I am pregnant and currently uninsured. I struggle every month to pay my utility bills on time.",0,0,0,0,0,326,unhoused,citizen,True,True
"I am self-employed doing food delivery work, my income varies month to month. I own my home but am struggling to keep up with the mortgage. I share an apartment with a roommate. I am pregnant and currently uninsured. I am behind on my heating bills by $246. I do not have legal immigration status.",0,0,0,0,0,222,unhoused,undocumented,False,True
I recently lost my job at Target due to layoffs. I own my home but am struggling to keep up with the mortgage. I share an apartment with a roommate. I have been managing asthma without proper medical care due to cost. I am behind on my heating bills by $322. I am a legal permanent resident and have been in the US for over 5 years.,1,1,0,0,1,74,unhoused,qualified_alien,False,True
I am a full-time caregiver for my mother and have no outside income. I am currently renting an apartment for $706 per month. I share an apartment with a roommate. I have a chronic condition (asthma) that requires regular medication. I received a shutoff notice for my gas service.,0,0,0,0,0,331,renting,citizen,False,True
I work part-time at a cleaning service earning about $1428 per month. I have been unhoused for 10 months and am staying in a shelter. I live with my partner. I recently lost my employer-sponsored health insurance. I am behind on my heating bills by $449. I am a legal permanent resident and have been in the US for over 5 years.,1,1,0,0,1,119,owned,qualified_alien,False,True
"I am self-employed doing rideshare work, my income varies month to month. I recently became homeless after my landlord evicted me. I am caring for my elderly mother who lives with me. My child has arthritis and needs ongoing medical care. I received a shutoff notice for my gas service. I do not have legal immigration status.",0,0,1,0,1,44,renting,undocumented,True,True
I am currently unemployed and have been looking for work for 6 months. I am renting a room in a shared house for $724 per month. I live alone. I have been managing depression without proper medical care due to cost. I struggle every month to pay my utility bills on time. I am a legal permanent resident and have been in the US for over 5 years.,0,0,0,0,0,294,renting,qualified_alien,False,True
"I receive disability benefits of $2916 per month and cannot work. I recently became homeless after my landlord evicted me. I live with my spouse and 3 children. I have a chronic condition (arthritis) that requires regular medication. My electricity bill has been very high this winter, around $237 per month. I do not have legal immigration status.",0,0,0,0,0,243,staying_with_family,undocumented,True,True
I recently lost my job at Target due to layoffs. I recently became homeless after my landlord evicted me. I am caring for my elderly grandmother who lives with me. I recently lost my employer-sponsored health insurance.,0,0,0,0,0,199,renting,citizen,True,False
I recently lost my job at Amazon due to layoffs. I recently became homeless after my landlord evicted me. I live with my partner. I recently lost my employer-sponsored health insurance. I received a shutoff notice for my gas service.,1,1,0,0,1,77,renting,citizen,False,True
"I work part-time at a warehouse earning about $2880 per month. I am renting a room in a shared house for $1604 per month. I live alone. I have been managing hypertension without proper medical care due to cost. My electricity bill has been very high this winter, around $308 per month. I am a legal permanent resident and have been in the US for over 5 years.",0,0,0,0,0,240,unhoused,qualified_alien,False,True
"I work 10 hours a week at cleaning service, making $1104 monthly. I own my home but am struggling to keep up with the mortgage. I live alone. I have been managing diabetes without proper medical care due to cost.",1,1,0,0,0,92,renting,citizen,False,False
I am a full-time caregiver for my mother and have no outside income. I have been unhoused for 8 months and am staying in a shelter. I have 2 children ages 9. I am pregnant and currently uninsured.,1,1,0,1,0,96,renting,citizen,True,False
"I am currently unemployed and have been looking for work for 8 months. I have been unhoused for 4 months and am staying in a shelter. My household includes myself, my partner, and our 4 children. I recently lost my employer-sponsored health insurance. I received a shutoff notice for my gas service. I do not have legal immigration status.",0,0,0,0,1,144,renting,undocumented,True,True
"I am a full-time caregiver for my father and have no outside income. I am currently renting an apartment for $1155 per month. My household includes myself, my partner, and our 3 children. I have been managing asthma without proper medical care due to cost.",0,0,0,0,0,173,renting,citizen,True,False
I receive disability benefits of $3780 per month and cannot work. I have been unhoused for 8 months and am staying in a shelter. I live with my spouse and 4 children. I recently lost my employer-sponsored health insurance. I struggle every month to pay my utility bills on time.,0,0,0,0,0,315,renting,citizen,True,True
"I am self-employed doing rideshare work, my income varies month to month. I have been unhoused for 8 months and am staying in a shelter. I have 1 children ages 12. I recently lost my employer-sponsored health insurance. I struggle every month to pay my utility bills on time.",1,1,0,0,1,115,staying_with_family,citizen,True,True
I recently lost my job at a small business due to layoffs. I am currently renting an apartment for $1791 per month. I live with my spouse and 2 children. I recently lost my employer-sponsored health insurance.,1,1,0,0,0,116,unhoused,citizen,True,False
"I receive disability benefits of $4152 per month and cannot work. I am currently renting an apartment for $919 per month. My household includes myself, my partner, and our 1 children. My child has depression and needs ongoing medical care.",0,0,0,0,0,346,unhoused,citizen,True,False
"I work part-time at a retail shop earning about $1968 per month. I am currently renting an apartment for $1048 per month. I have 1 children ages 15, 16, 11. I have been managing depression without proper medical care due to cost. I am a legal permanent resident and have been in the US for over 5 years.",0,0,0,0,0,164,unhoused,qualified_alien,True,False
I am a full-time caregiver for my spouse and have no outside income. I am currently renting an apartment for $733 per month. I share an apartment with a roommate. I have no health insurance.,0,0,0,0,0,152,staying_with_family,citizen,False,False
I am currently unemployed and have been looking for work for 16 months. I am currently renting an apartment for $1330 per month. I live with my partner. I am pregnant and currently uninsured. I received a shutoff notice for my gas service.,1,1,1,0,1,32,unhoused,citizen,False,True
I recently lost my job at a small business due to layoffs. I am staying with family temporarily as I cannot afford my own place. I live with my spouse and 1 children. I have been managing asthma without proper medical care due to cost. I am behind on my heating bills by $406. I am a legal permanent resident and have been in the US for over 5 years.,1,1,0,0,1,45,owned,qualified_alien,True,True
"I work 10 hours a week at retail shop, making $2364 monthly. I am renting a room in a shared house for $1618 per month. I live alone. I recently lost my employer-sponsored health insurance. My utility bills take up a large portion of my income.",0,0,0,0,0,197,staying_with_family,citizen,False,True
I receive disability benefits of $2700 per month and cannot work. I own my home but am struggling to keep up with the mortgage. I am a single parent with 4 kids. I have a chronic condition (hypertension) that requires regular medication.,0,0,0,0,0,225,owned,citizen,True,False
"I am a student and work part-time, earning around $1764 a month. I am currently renting an apartment for $1195 per month. I live alone. I am pregnant and currently uninsured. My electricity bill has been very high this winter, around $264 per month.",0,0,0,0,1,147,owned,citizen,False,True
"I work part-time at a grocery store earning about $3480 per month. I have been unhoused for 6 months and am staying in a shelter. I am a single parent with 4 kids. I have a chronic condition (depression) that requires regular medication. My electricity bill has been very high this winter, around $429 per month. I do not have legal immigration status.",0,0,0,0,0,290,staying_with_family,undocumented,True,True
"I work 15 hours a week at restaurant, making $1332 monthly. I am staying with family temporarily as I cannot afford my own place. I live with my partner. I have a chronic condition (hypertension) that requires regular medication. I am behind on my heating bills by $192. I do not have legal immigration status.",0,0,0,0,1,111,owned,undocumented,False,True
I receive disability benefits of $348 per month and cannot work. I am staying with family temporarily as I cannot afford my own place. I live with my spouse and 4 children. I have been managing arthritis without proper medical care due to cost. I struggle every month to pay my utility bills on time. I am a legal permanent resident and have been in the US for over 5 years.,1,1,0,0,1,29,owned,qualified_alien,True,True
I recently lost my job at Amazon due to layoffs. I recently became homeless after my landlord evicted me. I live alone. I have been managing depression without proper medical care due to cost. My utility bills take up a large portion of my income.,1,1,0,0,1,116,owned,citizen,False,True
I am currently unemployed and have been looking for work for 12 months. I am currently renting an apartment for $1622 per month. I live with my partner. My child has depression and needs ongoing medical care. I received a shutoff notice for my gas service.,1,1,0,0,1,94,staying_with_family,citizen,False,True
I recently lost my job at a small business due to layoffs. I have been unhoused for 2 months and am staying in a shelter. I live alone. I have been managing arthritis without proper medical care due to cost. My utility bills take up a large portion of my income.,0,0,0,0,0,185,renting,citizen,True,True
"I work 20 hours a week at warehouse, making $720 monthly. I own my home but am struggling to keep up with the mortgage. I live with my partner. I recently lost my employer-sponsored health insurance. I received a shutoff notice for my gas service. I am a legal permanent resident and have been in the US for over 5 years.",1,1,0,0,1,60,owned,qualified_alien,False,True
I am currently unemployed and have been looking for work for 1 months. I am renting a room in a shared house for $1480 per month. I am caring for my elderly mother who lives with me. I am pregnant and currently uninsured. I am behind on my heating bills by $475.,0,0,0,0,0,279,unhoused,citizen,True,True
I recently lost my job at a small business due to layoffs. I am staying with family temporarily as I cannot afford my own place. I live alone. My child has diabetes and needs ongoing medical care. My utility bills take up a large portion of my income. I am a legal permanent resident and have been in the US for over 5 years.,0,0,0,0,0,153,unhoused,qualified_alien,False,True
"I am a full-time caregiver for my spouse and have no outside income. I am staying with family temporarily as I cannot afford my own place. My household includes myself, my partner, and our 1 children. I have no health insurance. My electricity bill has been very high this winter, around $206 per month.",0,0,0,0,0,221,renting,citizen,True,True
"I am a student and work part-time, earning around $1428 a month. I own my home but am struggling to keep up with the mortgage. My household includes myself, my partner, and our 1 children. I have a chronic condition (depression) that requires regular medication.",1,1,0,0,0,119,owned,citizen,True,False
"I work part-time at a restaurant earning about $852 per month. I recently became homeless after my landlord evicted me. I have 1 children ages 1, 5, 7. I have no health insurance. My electricity bill has been very high this winter, around $317 per month. I do not have legal immigration status.",0,0,0,0,1,71,unhoused,undocumented,True,True
"I am a full-time caregiver for my spouse and have no outside income. I own my home but am struggling to keep up with the mortgage. I have 2 children ages 9, 13, 4. I am pregnant and currently uninsured. I am behind on my heating bills by $556.",1,1,0,1,1,95,owned,citizen,True,True
I work part-time at a retail shop earning about $3732 per month. I am currently renting an apartment for $1520 per month. I live alone. I have no health insurance. I am behind on my heating bills by $564. I do not have legal immigration status.,0,0,0,0,0,311,staying_with_family,undocumented,True,True
"I am a full-time caregiver for my mother and have no outside income. I own my home but am struggling to keep up with the mortgage. I have 1 children ages 10, 7. I recently lost my employer-sponsored health insurance. My utility bills take up a large portion of my income.",1,1,0,0,1,108,renting,citizen,True,True
I am currently unemployed and have been looking for work for 16 months. I am currently renting an apartment for $1527 per month. I am caring for my elderly father who lives with me. I have no health insurance.,0,0,0,0,0,347,staying_with_family,citizen,True,False
I am currently unemployed and have been looking for work for 3 months. I have been unhoused for 7 months and am staying in a shelter. I live alone. I have been managing depression without proper medical care due to cost. I do not have legal immigration status.,0,0,0,0,0,234,renting,undocumented,True,False
I work part-time at a retail shop earning about $612 per month. I recently became homeless after my landlord evicted me. I live alone. I have been managing diabetes without proper medical care due to cost.,1,1,0,0,0,51,renting,citizen,False,False
"I work 10 hours a week at warehouse, making $1740 monthly. I have been unhoused for 10 months and am staying in a shelter. I live with my partner. I have been managing depression without proper medical care due to cost. My electricity bill has been very high this winter, around $417 per month.",0,0,0,0,1,145,renting,citizen,False,True
I work part-time at a restaurant earning about $4440 per month. I recently became homeless after my landlord evicted me. I live alone. I have been managing asthma without proper medical care due to cost. I struggle every month to pay my utility bills on time.,0,0,0,0,0,370,owned,citizen,True,True
I am a full-time caregiver for my mother and have no outside income. I have been unhoused for 8 months and am staying in a shelter. I am caring for my elderly father who lives with me. My child has asthma and needs ongoing medical care. I received a shutoff notice for my gas service. I do not have legal immigration status.,0,0,0,0,0,193,unhoused,undocumented,True,True
I recently lost my job at a small business due to layoffs. I am currently renting an apartment for $1727 per month. I live with my partner. My child has asthma and needs ongoing medical care. I am behind on my heating bills by $353.,0,0,0,0,0,238,renting,citizen,False,True
"I work 25 hours a week at warehouse, making $624 monthly. I am renting a room in a shared house for $1165 per month. I share an apartment with a roommate. My child has arthritis and needs ongoing medical care.",1,1,0,0,0,52,staying_with_family,citizen,False,False
I receive disability benefits of $1044 per month and cannot work. I recently became homeless after my landlord evicted me. I live with my partner. I have no health insurance. I received a shutoff notice for my gas service.,1,1,0,0,1,87,renting,citizen,False,True
"I am a student and work part-time, earning around $1884 a month. I am staying with family temporarily as I cannot afford my own place. I live alone. I have no health insurance. I struggle every month to pay my utility bills on time.",0,0,0,0,0,157,owned,citizen,False,True
I am currently unemployed and have been looking for work for 16 months. I am renting a room in a shared house for $1195 per month. I share an apartment with a roommate. I am pregnant and currently uninsured. I am behind on my heating bills by $546. I do not have legal immigration status.,0,0,0,0,1,92,renting,undocumented,False,True
"I receive disability benefits of $2028 per month and cannot work. I have been unhoused for 9 months and am staying in a shelter. My household includes myself, my partner, and our 4 children. I am pregnant and currently uninsured. I am behind on my heating bills by $360. I am a legal permanent resident and have been in the US for over 5 years.",0,0,0,0,0,169,staying_with_family,qualified_alien,True,True
"I work 25 hours a week at warehouse, making $3504 monthly. I am currently renting an apartment for $1160 per month. My household includes myself, my partner, and our 4 children. My child has arthritis and needs ongoing medical care. I struggle every month to pay my utility bills on time.",0,0,0,0,0,292,renting,citizen,True,True
I am a full-time caregiver for my father and have no outside income. I recently became homeless after my landlord evicted me. I am a single parent with 2 kids. I have a chronic condition (diabetes) that requires regular medication. I struggle every month to pay my utility bills on time. I am a legal permanent resident and have been in the US for over 5 years.,0,1,0,0,1,136,renting,qualified_alien,True,True
I am currently unemployed and have been looking for work for 2 months. I recently became homeless after my landlord evicted me. I live alone. I have been managing hypertension without proper medical care due to cost. I am behind on my heating bills by $525.,0,0,0,0,0,214,owned,citizen,False,True
"I work 20 hours a week at retail shop, making $1296 monthly. I have been unhoused for 10 months and am staying in a shelter. I live with my spouse and 3 children. My child has arthritis and needs ongoing medical care. I am a legal permanent resident and have been in the US for over 5 years.",1,1,0,0,0,108,renting,qualified_alien,True,False
"I work 20 hours a week at warehouse, making $2040 monthly. I have been unhoused for 8 months and am staying in a shelter. I live with my partner. My child has depression and needs ongoing medical care. My electricity bill has been very high this winter, around $436 per month. I do not have legal immigration status.",0,0,0,0,0,170,staying_with_family,undocumented,False,True
I receive disability benefits of $1560 per month and cannot work. I am renting a room in a shared house for $1542 per month. I live alone. I have no health insurance. My utility bills take up a large portion of my income.,1,1,0,0,1,130,owned,citizen,True,True
"I am a student and work part-time, earning around $768 a month. I am currently renting an apartment for $1593 per month. I share an apartment with a roommate. I recently lost my employer-sponsored health insurance. My electricity bill has been very high this winter, around $150 per month. I do not have legal immigration status.",0,0,0,0,1,64,unhoused,undocumented,False,True
"I am a student and work part-time, earning around $348 a month. I am staying with family temporarily as I cannot afford my own place. I live with my partner. I am pregnant and currently uninsured.",1,1,1,0,0,29,unhoused,citizen,False,False
"I am self-employed doing handyman work, my income varies month to month. I have been unhoused for 10 months and am staying in a shelter. I live with my partner. I have a chronic condition (hypertension) that requires regular medication. I struggle every month to pay my utility bills on time.",1,1,0,0,1,123,renting,citizen,False,True
"I work 25 hours a week at cleaning service, making $3684 monthly. I have been unhoused for 8 months and am staying in a shelter. I share an apartment with a roommate. My child has hypertension and needs ongoing medical care.",0,0,0,0,0,307,unhoused,citizen,False,False
I recently lost my job at a local restaurant due to layoffs. I recently became homeless after my landlord evicted me. I live alone. I have been managing depression without proper medical care due to cost. I do not have legal immigration status.,0,0,0,0,0,91,owned,undocumented,False,False
"I work 15 hours a week at grocery store, making $1848 monthly. I recently became homeless after my landlord evicted me. My household includes myself, my partner, and our 4 children. I recently lost my employer-sponsored health insurance. I struggle every month to pay my utility bills on time.",0,0,0,0,0,154,unhoused,citizen,True,True
"I am currently unemployed and have been looking for work for 6 months. I recently became homeless after my landlord evicted me. I have 2 children ages 16, 15. I have a chronic condition (asthma) that requires regular medication. I am behind on my heating bills by $529. I am a legal permanent resident and have been in the US for over 5 years.",1,1,1,0,1,23,renting,qualified_alien,True,True
I am currently unemployed and have been looking for work for 12 months. I recently became homeless after my landlord evicted me. I live alone. I recently lost my employer-sponsored health insurance. I struggle every month to pay my utility bills on time.,1,1,1,0,1,30,renting,citizen,False,True
I recently lost my job at Amazon due to layoffs. I am currently renting an apartment for $1707 per month. I live alone. I have a chronic condition (diabetes) that requires regular medication. I am behind on my heating bills by $297. I am a legal permanent resident and have been in the US for over 5 years.,0,0,0,0,0,218,staying_with_family,qualified_alien,True,True
I work part-time at a restaurant earning about $1932 per month. I have been unhoused for 6 months and am staying in a shelter. I live alone. I recently lost my employer-sponsored health insurance. My utility bills take up a large portion of my income. I do not have legal immigration status.,0,0,0,0,0,161,staying_with_family,undocumented,False,True
"I am currently unemployed and have been looking for work for 12 months. I have been unhoused for 2 months and am staying in a shelter. I live alone. I have a chronic condition (asthma) that requires regular medication. My electricity bill has been very high this winter, around $178 per month. I do not have legal immigration status.",0,0,0,0,0,261,renting,undocumented,True,True
"I work 10 hours a week at retail shop, making $4044 monthly. I am currently renting an apartment for $1353 per month. I have 3 children ages 2, 8. I have no health insurance. My electricity bill has been very high this winter, around $266 per month. I do not have legal immigration status.",0,0,0,0,0,337,renting,undocumented,True,True
"I recently lost my job at a local restaurant due to layoffs. I am renting a room in a shared house for $1100 per month. I have 4 children ages 4, 3. I have a chronic condition (arthritis) that requires regular medication.",1,1,1,1,0,46,renting,citizen,True,False
"I am self-employed doing rideshare work, my income varies month to month. I own my home but am struggling to keep up with the mortgage. I live alone. I have been managing arthritis without proper medical care due to cost.",0,0,0,0,0,257,owned,citizen,True,False
"I am a student and work part-time, earning around $1056 a month. I am renting a room in a shared house for $1386 per month. I live alone. My child has depression and needs ongoing medical care. I struggle every month to pay my utility bills on time.",1,1,0,1,1,88,renting,citizen,True,True
"I am currently unemployed and have been looking for work for 11 months. I am renting a room in a shared house for $1488 per month. I share an apartment with a roommate. I have been managing diabetes without proper medical care due to cost. My electricity bill has been very high this winter, around $433 per month.",0,0,0,0,0,248,renting,citizen,False,True
"I receive disability benefits of $4044 per month and cannot work. I have been unhoused for 2 months and am staying in a shelter. I have 3 children ages 13, 2. I have a chronic condition (hypertension) that requires regular medication. I received a shutoff notice for my gas service. I do not have legal immigration status.",0,0,0,0,0,337,staying_with_family,undocumented,True,True
I am currently unemployed and have been looking for work for 15 months. I recently became homeless after my landlord evicted me. I live with my spouse and 1 children. My child has asthma and needs ongoing medical care. I received a shutoff notice for my gas service.,0,1,0,0,1,132,owned,citizen,True,True
I am currently unemployed and have been looking for work for 8 months. I have been unhoused for 9 months and am staying in a shelter. I share an apartment with a roommate. I recently lost my employer-sponsored health insurance. I received a shutoff notice for my gas service.,1,1,0,0,1,98,unhoused,citizen,False,True
I work part-time at a grocery store earning about $252 per month. I have been unhoused for 2 months and am staying in a shelter. I share an apartment with a roommate. My child has hypertension and needs ongoing medical care. I am behind on my heating bills by $162.,1,1,1,0,1,21,unhoused,citizen,False,True
"I am currently unemployed and have been looking for work for 6 months. I am currently renting an apartment for $817 per month. I have 3 children ages 12, 7, 13. I have no health insurance. I am a legal permanent resident and have been in the US for over 5 years.",0,0,0,0,0,286,owned,qualified_alien,True,False
I am currently unemployed and have been looking for work for 16 months. I am renting a room in a shared house for $1200 per month. I am a single parent with 2 kids. I have been managing diabetes without proper medical care due to cost. I am behind on my heating bills by $377. I do not have legal immigration status.,0,0,0,0,1,129,staying_with_family,undocumented,True,True
"I am a student and work part-time, earning around $2124 a month. I am renting a room in a shared house for $882 per month. I am a single parent with 3 kids. My child has depression and needs ongoing medical care. My utility bills take up a large portion of my income.",0,0,0,0,0,177,renting,citizen,True,True
"I am a student and work part-time, earning around $2964 a month. I am staying with family temporarily as I cannot afford my own place. I share an apartment with a roommate. I am pregnant and currently uninsured.",0,0,0,0,0,247,renting,citizen,False,False
I am a full-time caregiver for my father and have no outside income. I recently became homeless after my landlord evicted me. I live with my partner. I have a chronic condition (depression) that requires regular medication. I am behind on my heating bills by $525.,0,0,0,0,0,233,unhoused,citizen,False,True
"I am a student and work part-time, earning around $1524 a month. I am staying with family temporarily as I cannot afford my own place. I am a single parent with 1 kids. I have a chronic condition (asthma) that requires regular medication. I am behind on my heating bills by $171. I do not have legal immigration status.",0,0,0,0,1,127,renting,undocumented,True,True
I receive disability benefits of $1884 per month and cannot work. I have been unhoused for 4 months and am staying in a shelter. I share an apartment with a roommate. I have a chronic condition (asthma) that requires regular medication.,0,0,0,0,0,157,owned,citizen,False,False
"I am self-employed doing freelance cleaning work, my income varies month to month. I am renting a room in a shared house for $1473 per month. I live with my spouse and 2 children. I have been managing diabetes without proper medical care due to cost. I struggle every month to pay my utility bills on time. I do not have legal immigration status.",0,0,0,0,1,94,renting,undocumented,True,True
"I am self-employed doing freelance cleaning work, my income varies month to month. I recently became homeless after my landlord evicted me. I live alone. I have been managing arthritis without proper medical care due to cost. I received a shutoff notice for my gas service.",0,0,0,0,1,142,renting,citizen,True,True
"I am self-employed doing food delivery work, my income varies month to month. I recently became homeless after my landlord evicted me. I have 2 children ages 3, 7, 1. I have no health insurance. My utility bills take up a large portion of my income.",1,1,0,1,1,73,unhoused,citizen,True,True
I am a full-time caregiver for my father and have no outside income. I recently became homeless after my landlord evicted me. I share an apartment with a roommate. My child has arthritis and needs ongoing medical care. I received a shutoff notice for my gas service. I do not have legal immigration status.,0,0,0,0,0,210,owned,undocumented,False,True
"I work 10 hours a week at warehouse, making $600 monthly. I recently became homeless after my landlord evicted me. I have 4 children ages 14, 8. I have a chronic condition (hypertension) that requires regular medication. My utility bills take up a large portion of my income. I am a legal permanent resident and have been in the US for over 5 years.",1,1,0,0,1,50,owned,qualified_alien,True,True
"I work 25 hours a week at restaurant, making $1656 monthly. I am staying with family temporarily as I cannot afford my own place. I live alone. I have a chronic condition (depression) that requires regular medication. I struggle every month to pay my utility bills on time.",0,1,0,0,1,138,owned,citizen,False,True
I am currently unemployed and have been looking for work for 13 months. I am currently renting an apartment for $1662 per month. I am a single parent with 2 kids. I recently lost my employer-sponsored health insurance.,1,1,0,1,0,56,owned,citizen,True,False
I am currently unemployed and have been looking for work for 1 months. I am staying with family temporarily as I cannot afford my own place. I live alone. I have no health insurance. I struggle every month to pay my utility bills on time. I do not have legal immigration status.,0,0,0,0,0,285,unhoused,undocumented,True,True
"I work 25 hours a week at grocery store, making $864 monthly. I am renting a room in a shared house for $1239 per month. I live with my spouse and 1 children. I have no health insurance. My utility bills take up a large portion of my income. I do not have legal immigration status.",0,0,0,0,1,72,renting,undocumented,True,True
"I am self-employed doing handyman work, my income varies month to month. I recently became homeless after my landlord evicted me. I live alone. I am pregnant and currently uninsured. I do not have legal immigration status.",0,0,0,0,0,99,staying_with_family,undocumented,False,False
I recently lost my job at Target due to layoffs. I am staying with family temporarily as I cannot afford my own place. I live with my partner. I am pregnant and currently uninsured. My utility bills take up a large portion of my income. I do not have legal immigration status.,0,0,0,0,0,160,staying_with_family,undocumented,False,True
I recently lost my job at a small business due to layoffs. I am staying with family temporarily as I cannot afford my own place. I share an apartment with a roommate. My child has hypertension and needs ongoing medical care. I am behind on my heating bills by $314. I am a legal permanent resident and have been in the US for over 5 years.,0,0,0,0,0,216,owned,qualified_alien,False,True
"I am currently unemployed and have been looking for work for 6 months. I am currently renting an apartment for $679 per month. I live with my spouse and 2 children. I have no health insurance. My electricity bill has been very high this winter, around $372 per month. I am a legal permanent resident and have been in the US for over 5 years.",1,1,1,0,1,49,renting,qualified_alien,True,True
"I am self-employed doing handyman work, my income varies month to month. I have been unhoused for 3 months and am staying in a shelter. I am caring for my elderly father who lives with me. I recently lost my employer-sponsored health insurance. I do not have legal immigration status.",0,0,0,0,0,165,owned,undocumented,True,False
"I am currently unemployed and have been looking for work for 15 months. I am renting a room in a shared house for $1062 per month. My household includes myself, my partner, and our 1 children. My child has arthritis and needs ongoing medical care. I received a shutoff notice for my gas service.",1,1,0,1,1,85,unhoused,citizen,True,True
I receive disability benefits of $1560 per month and cannot work. I am renting a room in a shared house for $1167 per month. I share an apartment with a roommate. I have been managing depression without proper medical care due to cost. I am behind on my heating bills by $236. I do not have legal immigration status.,0,0,0,0,1,130,renting,undocumented,False,True
"I work part-time at a warehouse earning about $1140 per month. I have been unhoused for 2 months and am staying in a shelter. I have 4 children ages 13, 16. I have a chronic condition (arthritis) that requires regular medication.",1,1,0,1,0,95,unhoused,citizen,True,False
"I am a student and work part-time, earning around $1368 a month. I am currently renting an apartment for $1348 per month. My household includes myself, my partner, and our 3 children. I have a chronic condition (asthma) that requires regular medication. My electricity bill has been very high this winter, around $250 per month.",1,1,0,0,1,114,unhoused,citizen,True,True
I receive disability benefits of $576 per month and cannot work. I own my home but am struggling to keep up with the mortgage. I share an apartment with a roommate. I have been managing hypertension without proper medical care due to cost. I received a shutoff notice for my gas service.,1,1,0,0,1,48,owned,citizen,False,True
I work part-time at a restaurant earning about $4608 per month. I am currently renting an apartment for $1459 per month. I live alone. My child has diabetes and needs ongoing medical care. I received a shutoff notice for my gas service. I am a legal permanent resident and have been in the US for over 5 years.,0,0,0,0,0,384,staying_with_family,qualified_alien,False,True
"I am a full-time caregiver for my mother and have no outside income. I am staying with family temporarily as I cannot afford my own place. My household includes myself, my partner, and our 3 children. I have no health insurance.",1,1,0,1,0,74,owned,citizen,True,False
I am a full-time caregiver for my mother and have no outside income. I am currently renting an apartment for $973 per month. I live alone. I recently lost my employer-sponsored health insurance. My utility bills take up a large portion of my income.,1,1,0,0,1,93,renting,citizen,False,True
"I am self-employed doing freelance cleaning work, my income varies month to month. I recently became homeless after my landlord evicted me. I live with my partner. I recently lost my employer-sponsored health insurance. I received a shutoff notice for my gas service. I am a legal permanent resident and have been in the US for over 5 years.",1,1,0,0,1,130,owned,qualified_alien,False,True
"I am a student and work part-time, earning around $1116 a month. I recently became homeless after my landlord evicted me. I am caring for my elderly grandmother who lives with me. My child has hypertension and needs ongoing medical care.",1,1,0,1,0,93,owned,citizen,True,False
"I am self-employed doing rideshare work, my income varies month to month. I am staying with family temporarily as I cannot afford my own place. I am a single parent with 3 kids. I have no health insurance.",0,0,0,0,0,167,owned,citizen,True,False
I am a full-time caregiver for my father and have no outside income. I am renting a room in a shared house for $1534 per month. I am caring for my elderly father who lives with me. I have been managing hypertension without proper medical care due to cost.,0,0,0,0,0,308,owned,citizen,True,False
I work part-time at a retail shop earning about $4488 per month. I am renting a room in a shared house for $940 per month. I am caring for my elderly mother who lives with me. I have no health insurance. I am behind on my heating bills by $560.,0,0,0,0,0,374,owned,citizen,True,True
I receive disability benefits of $2916 per month and cannot work. I recently became homeless after my landlord evicted me. I share an apartment with a roommate. I am pregnant and currently uninsured.,0,0,0,0,0,243,renting,citizen,False,False
"I am a student and work part-time, earning around $240 a month. I have been unhoused for 7 months and am staying in a shelter. I am a single parent with 3 kids. My child has arthritis and needs ongoing medical care. My electricity bill has been very high this winter, around $263 per month. I do not have legal immigration status.",0,0,0,0,1,20,staying_with_family,undocumented,True,True
"I work 15 hours a week at warehouse, making $1428 monthly. I am staying with family temporarily as I cannot afford my own place. I live alone. I have a chronic condition (depression) that requires regular medication. I am behind on my heating bills by $367.",1,1,0,0,1,119,owned,citizen,False,True
I recently lost my job at Amazon due to layoffs. I recently became homeless after my landlord evicted me. I live with my spouse and 1 children. I am pregnant and currently uninsured. I struggle every month to pay my utility bills on time.,0,0,0,0,0,300,renting,citizen,True,True
I work part-time at a cleaning service earning about $4416 per month. I have been unhoused for 3 months and am staying in a shelter. I live with my partner. I am pregnant and currently uninsured.,0,0,0,0,0,368,staying_with_family,citizen,False,False
"I am a student and work part-time, earning around $900 a month. I own my home but am struggling to keep up with the mortgage. I live alone. I am pregnant and currently uninsured. I received a shutoff notice for my gas service. I do not have legal immigration status.",0,0,0,0,1,75,owned,undocumented,False,True
"I am a student and work part-time, earning around $492 a month. I am currently renting an apartment for $1688 per month. I live with my partner. I recently lost my employer-sponsored health insurance. My electricity bill has been very high this winter, around $423 per month.",1,1,0,0,1,41,owned,citizen,False,True
"I am self-employed doing rideshare work, my income varies month to month. I have been unhoused for 3 months and am staying in a shelter. I share an apartment with a roommate. I have been managing diabetes without proper medical care due to cost. I struggle every month to pay my utility bills on time.",0,0,0,0,0,363,staying_with_family,citizen,False,True
I receive disability benefits of $2088 per month and cannot work. I am renting a room in a shared house for $1652 per month. I live alone. I have been managing diabetes without proper medical care due to cost. I received a shutoff notice for my gas service. I am a legal permanent resident and have been in the US for over 5 years.,0,0,0,0,0,174,staying_with_family,qualified_alien,False,True
I recently lost my job at Amazon due to layoffs. I own my home but am struggling to keep up with the mortgage. I am a single parent with 4 kids. I have no health insurance. I am behind on my heating bills by $182. I do not have legal immigration status.,0,0,0,0,1,94,owned,undocumented,True,True
I am currently unemployed and have been looking for work for 11 months. I own my home but am struggling to keep up with the mortgage. I share an apartment with a roommate. I have been managing asthma without proper medical care due to cost. I struggle every month to pay my utility bills on time. I do not have legal immigration status.,0,0,0,0,0,351,owned,undocumented,False,True
I am a full-time caregiver for my mother and have no outside income. I am staying with family temporarily as I cannot afford my own place. I share an apartment with a roommate. I have a chronic condition (arthritis) that requires regular medication. I struggle every month to pay my utility bills on time.,0,0,0,0,0,362,owned,citizen,False,True
"I work part-time at a retail shop earning about $4116 per month. I have been unhoused for 3 months and am staying in a shelter. My household includes myself, my partner, and our 4 children. I am pregnant and currently uninsured. I am a legal permanent resident and have been in the US for over 5 years.",0,0,0,0,0,343,unhoused,qualified_alien,True,False
"I work 15 hours a week at retail shop, making $480 monthly. I own my home but am struggling to keep up with the mortgage. I am caring for my elderly father who lives with me. I am pregnant and currently uninsured. I struggle every month to pay my utility bills on time. I do not have legal immigration status.",0,0,0,0,1,40,owned,undocumented,True,True
"I work 25 hours a week at restaurant, making $1452 monthly. I am currently renting an apartment for $1358 per month. My household includes myself, my partner, and our 4 children. I have been managing asthma without proper medical care due to cost. I am behind on my heating bills by $391. I do not have legal immigration status.",0,0,0,0,1,121,unhoused,undocumented,True,True
"I am a student and work part-time, earning around $1512 a month. I am renting a room in a shared house for $827 per month. I am a single parent with 2 kids. I have no health insurance.",1,1,0,0,0,126,owned,citizen,True,False
"I work part-time at a grocery store earning about $4008 per month. I own my home but am struggling to keep up with the mortgage. I live with my spouse and 4 children. I have a chronic condition (arthritis) that requires regular medication. My electricity bill has been very high this winter, around $519 per month.",0,0,0,0,0,334,staying_with_family,citizen,True,True
I work part-time at a grocery store earning about $2196 per month. I have been unhoused for 12 months and am staying in a shelter. I live with my spouse and 3 children. I have no health insurance.,0,0,0,0,0,183,unhoused,citizen,True,False
I recently lost my job at a small business due to layoffs. I recently became homeless after my landlord evicted me. I share an apartment with a roommate. I have a chronic condition (depression) that requires regular medication. I do not have legal immigration status.,0,0,0,0,0,114,owned,undocumented,False,False
"I work 15 hours a week at cleaning service, making $1452 monthly. I am renting a room in a shared house for $1243 per month. I am a single parent with 4 kids. My child has depression and needs ongoing medical care.",1,1,0,0,0,121,owned,citizen,True,False
I work part-time at a restaurant earning about $1476 per month. I am renting a room in a shared house for $1067 per month. I live alone. I have a chronic condition (diabetes) that requires regular medication.,1,1,0,0,0,123,owned,citizen,False,False
"I work part-time at a retail shop earning about $540 per month. I am staying with family temporarily as I cannot afford my own place. My household includes myself, my partner, and our 4 children. I have a chronic condition (arthritis) that requires regular medication. I received a shutoff notice for my gas service. I do not have legal immigration status.",0,0,0,0,1,45,owned,undocumented,True,True
"I am a student and work part-time, earning around $1668 a month. I own my home but am struggling to keep up with the mortgage. I live alone. My child has asthma and needs ongoing medical care. My electricity bill has been very high this winter, around $427 per month.",0,0,0,0,1,139,renting,citizen,False,True
"I am self-employed doing handyman work, my income varies month to month. I recently became homeless after my landlord evicted me. I am caring for my elderly grandmother who lives with me. I recently lost my employer-sponsored health insurance. I received a shutoff notice for my gas service.",1,1,0,1,1,57,staying_with_family,citizen,True,True
"I am a student and work part-time, earning around $4332 a month. I have been unhoused for 8 months and am staying in a shelter. I am a single parent with 2 kids. I recently lost my employer-sponsored health insurance. My utility bills take up a large portion of my income.",0,0,0,0,0,361,renting,citizen,True,True
I am a full-time caregiver for my spouse and have no outside income. I recently became homeless after my landlord evicted me. I share an apartment with a roommate. My child has arthritis and needs ongoing medical care. I struggle every month to pay my utility bills on time. I do not have legal immigration status.,0,0,0,0,1,40,owned,undocumented,False,True
I am a full-time caregiver for my father and have no outside income. I am currently renting an apartment for $1427 per month. I live with my partner. I have a chronic condition (asthma) that requires regular medication. I struggle every month to pay my utility bills on time.,0,0,0,0,0,268,owned,citizen,False,True
"I work 25 hours a week at cleaning service, making $1872 monthly. I am currently renting an apartment for $752 per month. I live alone. I have a chronic condition (depression) that requires regular medication. My utility bills take up a large portion of my income.",0,0,0,0,0,156,owned,citizen,False,True
"I am currently unemployed and have been looking for work for 4 months. I have been unhoused for 8 months and am staying in a shelter. I have 1 children ages 14, 5. I am pregnant and currently uninsured. My utility bills take up a large portion of my income.",0,0,0,0,0,377,unhoused,citizen,True,True
I am currently unemployed and have been looking for work for 5 months. I am staying with family temporarily as I cannot afford my own place. I live with my spouse and 2 children. I have been managing hypertension without proper medical care due to cost. I do not have legal immigration status.,0,0,0,0,0,187,owned,undocumented,True,False
I am currently unemployed and have been looking for work for 17 months. I am renting a room in a shared house for $1269 per month. I live with my partner. I have a chronic condition (arthritis) that requires regular medication. I received a shutoff notice for my gas service. I am a legal permanent resident and have been in the US for over 5 years.,1,1,0,0,1,36,staying_with_family,qualified_alien,False,True
"I work part-time at a cleaning service earning about $288 per month. I own my home but am struggling to keep up with the mortgage. I live alone. I have been managing hypertension without proper medical care due to cost. My electricity bill has been very high this winter, around $243 per month. I do not have legal immigration status.",0,0,1,0,1,24,renting,undocumented,False,True
"I work 25 hours a week at grocery store, making $3804 monthly. I have been unhoused for 10 months and am staying in a shelter. My household includes myself, my partner, and our 3 children. I am pregnant and currently uninsured. I am a legal permanent resident and have been in the US for over 5 years.",0,0,0,0,0,317,renting,qualified_alien,True,False
I am currently unemployed and have been looking for work for 5 months. I am staying with family temporarily as I cannot afford my own place. I live with my partner. I recently lost my employer-sponsored health insurance. I received a shutoff notice for my gas service.,0,0,0,0,1,149,unhoused,citizen,False,True
"I am a student and work part-time, earning around $1128 a month. I am staying with family temporarily as I cannot afford my own place. I am caring for my elderly grandmother who lives with me. I am pregnant and currently uninsured. My electricity bill has been very high this winter, around $233 per month.",1,1,0,1,1,94,staying_with_family,citizen,True,True
I am a full-time caregiver for my mother and have no outside income. I own my home but am struggling to keep up with the mortgage. I live alone. I have a chronic condition (hypertension) that requires regular medication. I received a shutoff notice for my gas service. I am a legal permanent resident and have been in the US for over 5 years.,0,0,0,0,1,146,owned,qualified_alien,False,True
"I am a full-time caregiver for my mother and have no outside income. I am renting a room in a shared house for $918 per month. I share an apartment with a roommate. My child has diabetes and needs ongoing medical care. My electricity bill has been very high this winter, around $455 per month. I am a legal permanent resident and have been in the US for over 5 years.",1,1,0,0,1,24,staying_with_family,qualified_alien,False,True
I recently lost my job at Amazon due to layoffs. I am staying with family temporarily as I cannot afford my own place. I share an apartment with a roommate. I have a chronic condition (hypertension) that requires regular medication. My utility bills take up a large portion of my income. I am a legal permanent resident and have been in the US for over 5 years.,0,0,0,0,0,296,unhoused,qualified_alien,False,True
"I work 10 hours a week at warehouse, making $2496 monthly. I am staying with family temporarily as I cannot afford my own place. I live alone. My child has asthma and needs ongoing medical care.",0,0,0,0,0,208,renting,citizen,True,False
"I am a full-time caregiver for my mother and have no outside income. I am renting a room in a shared house for $865 per month. I live alone. I have been managing diabetes without proper medical care due to cost. My electricity bill has been very high this winter, around $517 per month.",0,0,0,0,0,280,staying_with_family,citizen,False,True
"I am a student and work part-time, earning around $1188 a month. I have been unhoused for 10 months and am staying in a shelter. My household includes myself, my partner, and our 1 children. I have no health insurance. My electricity bill has been very high this winter, around $577 per month.",1,1,0,1,1,99,owned,citizen,True,True
"I am self-employed doing handyman work, my income varies month to month. I own my home but am struggling to keep up with the mortgage. I am a single parent with 3 kids. My child has arthritis and needs ongoing medical care. I struggle every month to pay my utility bills on time. I do not have legal immigration status.",0,0,0,0,0,151,renting,undocumented,True,True
I recently lost my job at a small business due to layoffs. I recently became homeless after my landlord evicted me. I live with my partner. I have a chronic condition (depression) that requires regular medication.,0,0,0,0,0,174,renting,citizen,False,False
"I am self-employed doing food delivery work, my income varies month to month. I have been unhoused for 4 months and am staying in a shelter. I share an apartment with a roommate. I am pregnant and currently uninsured. I received a shutoff notice for my gas service. I do not have legal immigration status.",0,0,0,0,1,116,staying_with_family,undocumented,False,True
"I am self-employed doing freelance cleaning work, my income varies month to month. I own my home but am struggling to keep up with the mortgage. I am a single parent with 2 kids. I have been managing arthritis without proper medical care due to cost. I received a shutoff notice for my gas service. I do not have legal immigration status.",0,0,0,0,1,124,unhoused,undocumented,True,True
"I am self-employed doing handyman work, my income varies month to month. I have been unhoused for 4 months and am staying in a shelter. I am a single parent with 2 kids. My child has asthma and needs ongoing medical care.",0,0,0,0,0,216,unhoused,citizen,True,False
"I am a student and work part-time, earning around $756 a month. I am currently renting an apartment for $1299 per month. I live alone. My child has hypertension and needs ongoing medical care. My electricity bill has been very high this winter, around $470 per month. I do not have legal immigration status.",0,0,0,0,1,63,owned,undocumented,False,True
"I am a full-time caregiver for my spouse and have no outside income. I am currently renting an apartment for $1173 per month. My household includes myself, my partner, and our 3 children. I have a chronic condition (hypertension) that requires regular medication.",0,0,0,0,0,382,owned,citizen,True,False
I receive disability benefits of $4596 per month and cannot work. I am currently renting an apartment for $801 per month. I live alone. I have been managing arthritis without proper medical care due to cost. I struggle every month to pay my utility bills on time. I do not have legal immigration status.,0,0,0,0,0,383,unhoused,undocumented,True,True
"I work 10 hours a week at grocery store, making $3468 monthly. I have been unhoused for 5 months and am staying in a shelter. I live with my spouse and 1 children. I have a chronic condition (hypertension) that requires regular medication. I do not have legal immigration status.",0,0,0,0,0,289,staying_with_family,undocumented,True,False
"I am a full-time caregiver for my father and have no outside income. I have been unhoused for 12 months and am staying in a shelter. I have 3 children ages 4, 3. My child has hypertension and needs ongoing medical care.",0,0,0,0,0,188,staying_with_family,citizen,True,False
I am a full-time caregiver for my mother and have no outside income. I am currently renting an apartment for $988 per month. I am a single parent with 3 kids. I have no health insurance. My utility bills take up a large portion of my income.,0,0,0,0,0,394,unhoused,citizen,True,True
I receive disability benefits of $1968 per month and cannot work. I am renting a room in a shared house for $917 per month. I live with my partner. I have no health insurance. I am behind on my heating bills by $576. I am a legal permanent resident and have been in the US for over 5 years.,0,0,0,0,0,164,owned,qualified_alien,False,True
I am currently unemployed and have been looking for work for 16 months. I am renting a room in a shared house for $1789 per month. I share an apartment with a roommate. I am pregnant and currently uninsured.,0,0,0,0,0,258,unhoused,citizen,False,False
"I am a full-time caregiver for my spouse and have no outside income. I am staying with family temporarily as I cannot afford my own place. I have 1 children ages 16, 11, 4. I recently lost my employer-sponsored health insurance. My utility bills take up a large portion of my income.",0,0,0,0,0,268,owned,citizen,True,True
I work part-time at a grocery store earning about $408 per month. I recently became homeless after my landlord evicted me. I share an apartment with a roommate. I have a chronic condition (diabetes) that requires regular medication. I received a shutoff notice for my gas service. I do not have legal immigration status.,0,0,0,0,1,34,staying_with_family,undocumented,False,True
"I am a student and work part-time, earning around $4596 a month. I am renting a room in a shared house for $1433 per month. I am caring for my elderly grandmother who lives with me. I have a chronic condition (arthritis) that requires regular medication.",0,0,0,0,0,383,staying_with_family,citizen,True,False
"I recently lost my job at a small business due to layoffs. I am currently renting an apartment for $1426 per month. My household includes myself, my partner, and our 4 children. I have a chronic condition (asthma) that requires regular medication.",1,1,0,1,0,27,staying_with_family,citizen,True,False
"I am self-employed doing freelance cleaning work, my income varies month to month. I am renting a room in a shared house for $1127 per month. I share an apartment with a roommate. I have no health insurance. I am a legal permanent resident and have been in the US for over 5 years.",0,0,0,0,0,246,owned,qualified_alien,False,False
"I receive disability benefits of $1488 per month and cannot work. I recently became homeless after my landlord evicted me. I share an apartment with a roommate. I recently lost my employer-sponsored health insurance. My electricity bill has been very high this winter, around $596 per month. I do not have legal immigration status.",0,0,0,0,1,124,renting,undocumented,False,True
"I am a student and work part-time, earning around $1080 a month. I am currently renting an apartment for $1314 per month. I have 2 children ages 16. I am pregnant and currently uninsured. My utility bills take up a large portion of my income.",1,1,0,1,1,90,staying_with_family,citizen,True,True
"I am a student and work part-time, earning around $960 a month. I recently became homeless after my landlord evicted me. I live alone. I have been managing hypertension without proper medical care due to cost.",1,1,0,0,0,80,renting,citizen,False,False
"I am self-employed doing handyman work, my income varies month to month. I own my home but am struggling to keep up with the mortgage. I live alone. I have a chronic condition (arthritis) that requires regular medication. I struggle every month to pay my utility bills on time.",0,0,0,0,0,334,unhoused,citizen,False,True
I work part-time at a cleaning service earning about $2328 per month. I am currently renting an apartment for $696 per month. I live with my spouse and 2 children. I am pregnant and currently uninsured. I do not have legal immigration status.,0,0,0,0,0,194,renting,undocumented,True,False
"I am self-employed doing handyman work, my income varies month to month. I recently became homeless after my landlord evicted me. I live with my spouse and 2 children. I have been managing hypertension without proper medical care due to cost.",1,1,0,1,0,74,unhoused,citizen,True,False
I receive disability benefits of $3552 per month and cannot work. I recently became homeless after my landlord evicted me. I live with my partner. My child has hypertension and needs ongoing medical care.,0,0,0,0,0,296,renting,citizen,False,False
"I am self-employed doing food delivery work, my income varies month to month. I am staying with family temporarily as I cannot afford my own place. I have 3 children ages 13, 10, 10. I am pregnant and currently uninsured. My electricity bill has been very high this winter, around $539 per month.",1,1,0,1,1,73,staying_with_family,citizen,True,True
"I am a student and work part-time, earning around $2676 a month. I am currently renting an apartment for $738 per month. I live with my spouse and 3 children. I have no health insurance.",0,0,0,0,0,223,unhoused,citizen,True,False
I receive disability benefits of $1884 per month and cannot work. I own my home but am struggling to keep up with the mortgage. I share an apartment with a roommate. I have no health insurance. I do not have legal immigration status.,0,0,0,0,0,157,renting,undocumented,False,False
I receive disability benefits of $3432 per month and cannot work. I recently became homeless after my landlord evicted me. I share an apartment with a roommate. I am pregnant and currently uninsured. I am a legal permanent resident and have been in the US for over 5 years.,0,0,0,0,0,286,renting,qualified_alien,False,False
"I am self-employed doing rideshare work, my income varies month to month. I am currently renting an apartment for $1059 per month. I live alone. I am pregnant and currently uninsured.",0,0,0,0,0,152,owned,citizen,False,False
"I am self-employed doing freelance cleaning work, my income varies month to month. I am staying with family temporarily as I cannot afford my own place. I live with my partner. I recently lost my employer-sponsored health insurance. I received a shutoff notice for my gas service. I do not have legal immigration status.",0,0,0,0,0,347,owned,undocumented,False,True
I am currently unemployed and have been looking for work for 15 months. I have been unhoused for 7 months and am staying in a shelter. I live with my partner. My child has depression and needs ongoing medical care.,1,1,0,0,0,92,owned,citizen,False,False
"I am self-employed doing food delivery work, my income varies month to month. I am renting a room in a shared house for $1436 per month. I share an apartment with a roommate. I have a chronic condition (asthma) that requires regular medication. I struggle every month to pay my utility bills on time.",0,0,0,0,0,300,owned,citizen,False,True
I am a full-time caregiver for my father and have no outside income. I am currently renting an apartment for $1022 per month. I share an apartment with a roommate. I have been managing asthma without proper medical care due to cost. I do not have legal immigration status.,0,0,0,0,0,367,owned,undocumented,False,False
I recently lost my job at Amazon due to layoffs. I am currently renting an apartment for $617 per month. I live with my partner. I have no health insurance. I received a shutoff notice for my gas service.,0,0,0,0,0,365,unhoused,citizen,False,True
"I am a student and work part-time, earning around $804 a month. I am renting a room in a shared house for $927 per month. I have 4 children ages 14. I am pregnant and currently uninsured. I struggle every month to pay my utility bills on time. I do not have legal immigration status.",0,0,0,0,1,67,owned,undocumented,True,True
"I work 10 hours a week at retail shop, making $1500 monthly. I recently became homeless after my landlord evicted me. I am caring for my elderly grandmother who lives with me. I am pregnant and currently uninsured.",1,1,0,0,0,125,staying_with_family,citizen,True,False
I recently lost my job at a local restaurant due to layoffs. I am renting a room in a shared house for $1613 per month. I am caring for my elderly father who lives with me. I recently lost my employer-sponsored health insurance. I received a shutoff notice for my gas service.,1,1,0,1,1,76,unhoused,citizen,True,True
"I work 10 hours a week at grocery store, making $984 monthly. I am renting a room in a shared house for $664 per month. I am caring for my elderly mother who lives with me. My child has depression and needs ongoing medical care.",1,1,0,1,0,82,renting,citizen,True,False
"I work 20 hours a week at restaurant, making $4548 monthly. I am staying with family temporarily as I cannot afford my own place. I am a single parent with 1 kids. I have no health insurance. I am behind on my heating bills by $562.",0,0,0,0,0,379,owned,citizen,True,True
I work part-time at a grocery store earning about $1044 per month. I am renting a room in a shared house for $1543 per month. I live with my partner. I have been managing diabetes without proper medical care due to cost. My utility bills take up a large portion of my income.,1,1,0,0,1,87,owned,citizen,False,True
"I work 25 hours a week at warehouse, making $276 monthly. I recently became homeless after my landlord evicted me. I live with my spouse and 2 children. I have been managing arthritis without proper medical care due to cost.",1,1,1,1,0,23,unhoused,citizen,True,False
"I am self-employed doing food delivery work, my income varies month to month. I am staying with family temporarily as I cannot afford my own place. I am caring for my elderly father who lives with me. I have a chronic condition (hypertension) that requires regular medication.",1,1,0,1,0,75,renting,citizen,True,False
I am a full-time caregiver for my mother and have no outside income. I recently became homeless after my landlord evicted me. I share an apartment with a roommate. I have a chronic condition (arthritis) that requires regular medication.,0,0,0,0,0,198,owned,citizen,False,False
"I am a student and work part-time, earning around $1968 a month. I am staying with family temporarily as I cannot afford my own place. I am a single parent with 4 kids. My child has depression and needs ongoing medical care. I struggle every month to pay my utility bills on time.",0,0,0,0,0,164,staying_with_family,citizen,True,True
I recently lost my job at Amazon due to layoffs. I am renting a room in a shared house for $976 per month. I live alone. I have no health insurance. I struggle every month to pay my utility bills on time.,1,1,1,0,1,29,unhoused,citizen,False,True
"I receive disability benefits of $2472 per month and cannot work. I am staying with family temporarily as I cannot afford my own place. I live alone. I have a chronic condition (diabetes) that requires regular medication. My electricity bill has been very high this winter, around $315 per month.",0,0,0,0,0,206,staying_with_family,citizen,False,True
I receive disability benefits of $1332 per month and cannot work. I am staying with family temporarily as I cannot afford my own place. I live with my partner. I have been managing hypertension without proper medical care due to cost.,1,1,0,0,0,111,staying_with_family,citizen,False,False
"I am self-employed doing handyman work, my income varies month to month. I have been unhoused for 6 months and am staying in a shelter. I share an apartment with a roommate. I recently lost my employer-sponsored health insurance. I received a shutoff notice for my gas service.",0,0,0,0,0,295,renting,citizen,False,True
I am a full-time caregiver for my mother and have no outside income. I am renting a room in a shared house for $1605 per month. I am caring for my elderly father who lives with me. I recently lost my employer-sponsored health insurance. I am behind on my heating bills by $336. I am a legal permanent resident and have been in the US for over 5 years.,1,1,0,0,1,117,unhoused,qualified_alien,True,True
"I am a student and work part-time, earning around $1560 a month. I am renting a room in a shared house for $1698 per month. I share an apartment with a roommate. I recently lost my employer-sponsored health insurance. My utility bills take up a large portion of my income.",1,1,0,0,1,130,unhoused,citizen,False,True
I am currently unemployed and have been looking for work for 10 months. I am currently renting an apartment for $1463 per month. I am a single parent with 4 kids. My child has arthritis and needs ongoing medical care. I am behind on my heating bills by $454.,1,1,0,0,1,127,owned,citizen,True,True
I receive disability benefits of $2052 per month and cannot work. I am currently renting an apartment for $1268 per month. I live with my partner. I have a chronic condition (asthma) that requires regular medication. I received a shutoff notice for my gas service.,0,0,0,0,0,171,staying_with_family,citizen,False,True
I am currently unemployed and have been looking for work for 10 months. I am currently renting an apartment for $739 per month. I live alone. I have no health insurance. I am behind on my heating bills by $515. I am a legal permanent resident and have been in the US for over 5 years.,0,0,0,0,0,361,owned,qualified_alien,False,True
"I work 15 hours a week at grocery store, making $2124 monthly. I am currently renting an apartment for $1024 per month. I live alone. I have no health insurance. I am a legal permanent resident and have been in the US for over 5 years.",0,0,0,0,0,177,renting,qualified_alien,False,False
"I am self-employed doing freelance cleaning work, my income varies month to month. I recently became homeless after my landlord evicted me. I am caring for my elderly grandmother who lives with me. I have no health insurance.",1,1,1,1,0,34,renting,citizen,True,False
I am a full-time caregiver for my spouse and have no outside income. I am currently renting an apartment for $1176 per month. I share an apartment with a roommate. I have a chronic condition (arthritis) that requires regular medication.,1,1,0,0,0,118,staying_with_family,citizen,False,False
I work part-time at a retail shop earning about $1872 per month. I am staying with family temporarily as I cannot afford my own place. I live with my partner. I have no health insurance.,0,0,0,0,0,156,owned,citizen,False,False
"I am self-employed doing freelance cleaning work, my income varies month to month. I am staying with family temporarily as I cannot afford my own place. I live with my spouse and 4 children. I recently lost my employer-sponsored health insurance. I struggle every month to pay my utility bills on time.",1,1,0,0,1,129,owned,citizen,True,True
"I receive disability benefits of $696 per month and cannot work. I am currently renting an apartment for $1353 per month. My household includes myself, my partner, and our 2 children. My child has diabetes and needs ongoing medical care. I received a shutoff notice for my gas service.",1,1,0,1,1,58,renting,citizen,True,True
I am currently unemployed and have been looking for work for 16 months. I am staying with family temporarily as I cannot afford my own place. I share an apartment with a roommate. I am pregnant and currently uninsured. I received a shutoff notice for my gas service.,0,0,0,0,0,169,staying_with_family,citizen,False,True
I am currently unemployed and have been looking for work for 16 months. I am renting a room in a shared house for $690 per month. I live alone. I have a chronic condition (hypertension) that requires regular medication. I struggle every month to pay my utility bills on time.,1,1,0,0,1,117,unhoused,citizen,False,True
I am currently unemployed and have been looking for work for 14 months. I have been unhoused for 10 months and am staying in a shelter. I am a single parent with 4 kids. I have a chronic condition (arthritis) that requires regular medication. My utility bills take up a large portion of my income.,0,1,0,0,1,134,unhoused,citizen,True,True
I receive disability benefits of $1536 per month and cannot work. I am renting a room in a shared house for $1118 per month. I am a single parent with 3 kids. I have a chronic condition (arthritis) that requires regular medication. I am behind on my heating bills by $456.,1,1,0,0,1,128,staying_with_family,citizen,True,True
I work part-time at a cleaning service earning about $1380 per month. I am renting a room in a shared house for $937 per month. I live alone. I have been managing hypertension without proper medical care due to cost. I struggle every month to pay my utility bills on time. I am a legal permanent resident and have been in the US for over 5 years.,1,1,0,0,1,115,unhoused,qualified_alien,False,True
"I work part-time at a retail shop earning about $4092 per month. I am currently renting an apartment for $1614 per month. I live alone. I recently lost my employer-sponsored health insurance. My electricity bill has been very high this winter, around $567 per month.",0,0,0,0,0,341,staying_with_family,citizen,True,True
I work part-time at a restaurant earning about $1596 per month. I recently became homeless after my landlord evicted me. I share an apartment with a roommate. I am pregnant and currently uninsured. I received a shutoff notice for my gas service.,0,1,0,0,1,133,renting,citizen,False,True
I am a full-time caregiver for my father and have no outside income. I recently became homeless after my landlord evicted me. I live with my spouse and 1 children. My child has hypertension and needs ongoing medical care. My utility bills take up a large portion of my income. I am a legal permanent resident and have been in the US for over 5 years.,0,0,0,0,0,310,renting,qualified_alien,True,True
"I am a full-time caregiver for my mother and have no outside income. I am currently renting an apartment for $862 per month. My household includes myself, my partner, and our 1 children. I have a chronic condition (arthritis) that requires regular medication. I struggle every month to pay my utility bills on time.",0,0,0,0,0,317,owned,citizen,True,True
I recently lost my job at a local restaurant due to layoffs. I am staying with family temporarily as I cannot afford my own place. I live with my spouse and 4 children. I have been managing asthma without proper medical care due to cost.,1,1,0,1,0,79,staying_with_family,citizen,True,False
"I am a student and work part-time, earning around $1260 a month. I am staying with family temporarily as I cannot afford my own place. I live with my spouse and 4 children. I am pregnant and currently uninsured. My utility bills take up a large portion of my income.",1,1,0,0,1,105,unhoused,citizen,True,True
I am a full-time caregiver for my mother and have no outside income. I am staying with family temporarily as I cannot afford my own place. I live alone. I have been managing asthma without proper medical care due to cost.,0,0,0,0,0,272,staying_with_family,citizen,False,False
"I work 15 hours a week at cleaning service, making $2400 monthly. I have been unhoused for 12 months and am staying in a shelter. My household includes myself, my partner, and our 4 children. I am pregnant and currently uninsured. My electricity bill has been very high this winter, around $418 per month.",0,0,0,0,0,200,staying_with_family,citizen,True,True
"I am self-employed doing handyman work, my income varies month to month. I am staying with family temporarily as I cannot afford my own place. My household includes myself, my partner, and our 1 children. I recently lost my employer-sponsored health insurance. I struggle every month to pay my utility bills on time.",0,0,0,0,0,198,unhoused,citizen,True,True
"I work 15 hours a week at restaurant, making $3168 monthly. I recently became homeless after my landlord evicted me. I live with my spouse and 2 children. I have been managing asthma without proper medical care due to cost. I am behind on my heating bills by $456.",0,0,0,0,0,264,owned,citizen,True,True
I work part-time at a grocery store earning about $636 per month. I own my home but am struggling to keep up with the mortgage. I share an apartment with a roommate. I am pregnant and currently uninsured. I do not have legal immigration status.,0,0,0,0,0,53,staying_with_family,undocumented,False,False
"I recently lost my job at Amazon due to layoffs. I am renting a room in a shared house for $728 per month. My household includes myself, my partner, and our 3 children. I have a chronic condition (asthma) that requires regular medication. My utility bills take up a large portion of my income. I do not have legal immigration status.",0,0,0,0,0,331,staying_with_family,undocumented,True,True
"I am self-employed doing freelance cleaning work, my income varies month to month. I own my home but am struggling to keep up with the mortgage. I have 1 children ages 10, 8, 7. I have been managing hypertension without proper medical care due to cost. I am behind on my heating bills by $481.",0,0,0,0,0,286,owned,citizen,True,True
I am a full-time caregiver for my father and have no outside income. I am renting a room in a shared house for $1405 per month. I live alone. I am pregnant and currently uninsured. My utility bills take up a large portion of my income.,0,0,0,0,0,263,staying_with_family,citizen,True,True
I am a full-time caregiver for my mother and have no outside income. I am currently renting an apartment for $743 per month. I live alone. I am pregnant and currently uninsured. I received a shutoff notice for my gas service. I do not have legal immigration status.,0,0,0,0,0,214,staying_with_family,undocumented,False,True
I receive disability benefits of $840 per month and cannot work. I am renting a room in a shared house for $1768 per month. I share an apartment with a roommate. I have a chronic condition (asthma) that requires regular medication. I am behind on my heating bills by $161.,1,1,0,0,1,70,renting,citizen,False,True
I recently lost my job at a local restaurant due to layoffs. I am staying with family temporarily as I cannot afford my own place. I live alone. My child has arthritis and needs ongoing medical care. I am behind on my heating bills by $238. I am a legal permanent resident and have been in the US for over 5 years.,1,1,0,0,1,118,unhoused,qualified_alien,False,True
"I work 10 hours a week at warehouse, making $936 monthly. I recently became homeless after my landlord evicted me. I live alone. I have been managing depression without proper medical care due to cost. My utility bills take up a large portion of my income.",1,1,0,0,1,78,unhoused,citizen,False,True
I am a full-time caregiver for my spouse and have no outside income. I am staying with family temporarily as I cannot afford my own place. I share an apartment with a roommate. I have no health insurance. I struggle every month to pay my utility bills on time. I am a legal permanent resident and have been in the US for over 5 years.,0,0,0,0,0,200,unhoused,qualified_alien,False,True
"I am self-employed doing rideshare work, my income varies month to month. I recently became homeless after my landlord evicted me. I share an apartment with a roommate. I have no health insurance. My utility bills take up a large portion of my income. I am a legal permanent resident and have been in the US for over 5 years.",0,0,0,0,0,157,owned,qualified_alien,False,True
"I am self-employed doing handyman work, my income varies month to month. I am staying with family temporarily as I cannot afford my own place. I share an apartment with a roommate. I am pregnant and currently uninsured. I am a legal permanent resident and have been in the US for over 5 years.",0,0,0,0,0,326,staying_with_family,qualified_alien,False,False
I work part-time at a grocery store earning about $1620 per month. I am staying with family temporarily as I cannot afford my own place. I live with my partner. I have a chronic condition (asthma) that requires regular medication. I am behind on my heating bills by $359.,0,1,0,0,1,135,renting,citizen,False,True
"I recently lost my job at a small business due to layoffs. I am currently renting an apartment for $1000 per month. I share an apartment with a roommate. I have no health insurance. My electricity bill has been very high this winter, around $287 per month. I do not have legal immigration status.",0,0,0,0,1,91,renting,undocumented,False,True
"I am self-employed doing freelance cleaning work, my income varies month to month. I am renting a room in a shared house for $716 per month. I live alone. I recently lost my employer-sponsored health insurance. I struggle every month to pay my utility bills on time.",0,0,0,0,0,232,owned,citizen,False,True
I work part-time at a warehouse earning about $1932 per month. I am currently renting an apartment for $1188 per month. I share an apartment with a roommate. My child has depression and needs ongoing medical care. I am a legal permanent resident and have been in the US for over 5 years.,0,0,0,0,0,161,owned,qualified_alien,False,False
"I work 25 hours a week at cleaning service, making $4020 monthly. I am currently renting an apartment for $1023 per month. I am caring for my elderly father who lives with me. My child has hypertension and needs ongoing medical care. I received a shutoff notice for my gas service. I do not have legal immigration status.",0,0,0,0,0,335,owned,undocumented,True,True
"I am a student and work part-time, earning around $480 a month. I am staying with family temporarily as I cannot afford my own place. I live with my spouse and 4 children. My child has asthma and needs ongoing medical care. I struggle every month to pay my utility bills on time. I am a legal permanent resident and have been in the US for over 5 years.",1,1,1,0,1,40,unhoused,qualified_alien,True,True
"I work 25 hours a week at cleaning service, making $1716 monthly. I own my home but am struggling to keep up with the mortgage. I am a single parent with 2 kids. I recently lost my employer-sponsored health insurance. I received a shutoff notice for my gas service.",0,0,0,0,1,143,renting,citizen,True,True
"I am a student and work part-time, earning around $1896 a month. I am renting a room in a shared house for $1799 per month. I live with my partner. My child has depression and needs ongoing medical care. My utility bills take up a large portion of my income. I am a legal permanent resident and have been in the US for over 5 years.",0,0,0,0,0,158,renting,qualified_alien,False,True
I receive disability benefits of $1560 per month and cannot work. I own my home but am struggling to keep up with the mortgage. I live alone. My child has arthritis and needs ongoing medical care. I am behind on my heating bills by $363.,1,1,0,0,1,130,staying_with_family,citizen,True,True
I am currently unemployed and have been looking for work for 9 months. I recently became homeless after my landlord evicted me. I live alone. I am pregnant and currently uninsured.,0,0,0,0,0,185,unhoused,citizen,True,False
"I am self-employed doing handyman work, my income varies month to month. I am renting a room in a shared house for $1215 per month. My household includes myself, my partner, and our 4 children. I have no health insurance. I do not have legal immigration status.",0,0,0,0,0,173,unhoused,undocumented,True,False
"I work 10 hours a week at retail shop, making $3168 monthly. I am staying with family temporarily as I cannot afford my own place. I live alone. My child has asthma and needs ongoing medical care. I struggle every month to pay my utility bills on time.",0,0,0,0,0,264,unhoused,citizen,True,True
"I work 20 hours a week at retail shop, making $2136 monthly. I am renting a room in a shared house for $937 per month. I have 3 children ages 13, 3, 4. I have no health insurance. I am behind on my heating bills by $426. I am a legal permanent resident and have been in the US for over 5 years.",0,0,0,0,0,178,unhoused,qualified_alien,True,True
I receive disability benefits of $1344 per month and cannot work. I have been unhoused for 1 months and am staying in a shelter. I am caring for my elderly mother who lives with me. I recently lost my employer-sponsored health insurance.,1,1,0,0,0,112,renting,citizen,True,False
I receive disability benefits of $1728 per month and cannot work. I have been unhoused for 7 months and am staying in a shelter. I live with my partner. I have been managing asthma without proper medical care due to cost. I do not have legal immigration status.,0,0,0,0,0,144,renting,undocumented,False,False
I receive disability benefits of $2256 per month and cannot work. I am staying with family temporarily as I cannot afford my own place. I live alone. I am pregnant and currently uninsured. I am behind on my heating bills by $205. I am a legal permanent resident and have been in the US for over 5 years.,0,0,0,0,0,188,owned,qualified_alien,False,True
"I am a student and work part-time, earning around $576 a month. I recently became homeless after my landlord evicted me. I have 4 children ages 12. I have no health insurance. I received a shutoff notice for my gas service.",1,1,0,1,1,48,owned,citizen,True,True
"I work 15 hours a week at cleaning service, making $4428 monthly. I own my home but am struggling to keep up with the mortgage. I live with my partner. I recently lost my employer-sponsored health insurance. I am behind on my heating bills by $272. I am a legal permanent resident and have been in the US for over 5 years.",0,0,0,0,0,369,owned,qualified_alien,False,True
I am a full-time caregiver for my mother and have no outside income. I own my home but am struggling to keep up with the mortgage. I live alone. I recently lost my employer-sponsored health insurance. I am a legal permanent resident and have been in the US for over 5 years.,1,1,0,0,0,119,unhoused,qualified_alien,False,False
I am currently unemployed and have been looking for work for 15 months. I have been unhoused for 7 months and am staying in a shelter. I am caring for my elderly grandmother who lives with me. I am pregnant and currently uninsured. I received a shutoff notice for my gas service. I am a legal permanent resident and have been in the US for over 5 years.,0,0,0,0,0,271,unhoused,qualified_alien,True,True
"I work 15 hours a week at grocery store, making $2256 monthly. I am staying with family temporarily as I cannot afford my own place. I live with my spouse and 1 children. I am pregnant and currently uninsured. My electricity bill has been very high this winter, around $406 per month.",0,0,0,0,0,188,renting,citizen,True,True
I receive disability benefits of $900 per month and cannot work. I recently became homeless after my landlord evicted me. I share an apartment with a roommate. My child has diabetes and needs ongoing medical care. I received a shutoff notice for my gas service. I do not have legal immigration status.,0,0,0,0,1,75,staying_with_family,undocumented,False,True
"I work 20 hours a week at retail shop, making $1332 monthly. I have been unhoused for 9 months and am staying in a shelter. My household includes myself, my partner, and our 1 children. I have no health insurance. My electricity bill has been very high this winter, around $548 per month.",1,1,0,0,1,111,owned,citizen,True,True
"I am a student and work part-time, earning around $828 a month. I am currently renting an apartment for $1323 per month. I live with my partner. I recently lost my employer-sponsored health insurance. I received a shutoff notice for my gas service.",1,1,0,0,1,69,staying_with_family,citizen,False,True
"I am self-employed doing freelance cleaning work, my income varies month to month. I am currently renting an apartment for $1649 per month. I live alone. I recently lost my employer-sponsored health insurance. My utility bills take up a large portion of my income.",1,1,0,0,1,120,unhoused,citizen,False,True
"I am a full-time caregiver for my mother and have no outside income. I am renting a room in a shared house for $1327 per month. My household includes myself, my partner, and our 3 children. My child has diabetes and needs ongoing medical care. I am behind on my heating bills by $581. I do not have legal immigration status.",0,0,0,0,1,130,staying_with_family,undocumented,True,True
I am a full-time caregiver for my father and have no outside income. I am renting a room in a shared house for $1471 per month. I live alone. I recently lost my employer-sponsored health insurance. I struggle every month to pay my utility bills on time. I am a legal permanent resident and have been in the US for over 5 years.,1,1,1,0,1,26,unhoused,qualified_alien,True,True
I am currently unemployed and have been looking for work for 1 months. I am renting a room in a shared house for $805 per month. I live alone. I have no health insurance. I am a legal permanent resident and have been in the US for over 5 years.,0,0,0,0,0,183,renting,qualified_alien,False,False
I receive disability benefits of $1224 per month and cannot work. I own my home but am struggling to keep up with the mortgage. I live with my spouse and 1 children. I have no health insurance. I do not have legal immigration status.,0,0,0,0,0,102,unhoused,undocumented,True,False
I work part-time at a warehouse earning about $2736 per month. I am staying with family temporarily as I cannot afford my own place. I live alone. I have been managing arthritis without proper medical care due to cost. I am behind on my heating bills by $358. I am a legal permanent resident and have been in the US for over 5 years.,0,0,0,0,0,228,renting,qualified_alien,True,True
"I work 15 hours a week at cleaning service, making $1488 monthly. I am renting a room in a shared house for $1442 per month. I live with my partner. I have a chronic condition (asthma) that requires regular medication. My utility bills take up a large portion of my income. I do not have legal immigration status.",0,0,0,0,1,124,staying_with_family,undocumented,False,True
I receive disability benefits of $3192 per month and cannot work. I recently became homeless after my landlord evicted me. I live alone. I have been managing diabetes without proper medical care due to cost.,0,0,0,0,0,266,renting,citizen,False,False
"I work part-time at a retail shop earning about $1020 per month. I am staying with family temporarily as I cannot afford my own place. My household includes myself, my partner, and our 1 children. I have been managing arthritis without proper medical care due to cost. I received a shutoff notice for my gas service.",1,1,0,1,1,85,owned,citizen,True,True
"I am self-employed doing handyman work, my income varies month to month. I am currently renting an apartment for $1487 per month. I have 1 children ages 15. I have a chronic condition (asthma) that requires regular medication. I struggle every month to pay my utility bills on time.",0,0,0,0,0,253,owned,citizen,True,True
"I work part-time at a restaurant earning about $1788 per month. I recently became homeless after my landlord evicted me. I live with my spouse and 3 children. My child has asthma and needs ongoing medical care. My electricity bill has been very high this winter, around $549 per month. I am a legal permanent resident and have been in the US for over 5 years.",0,0,0,0,1,149,unhoused,qualified_alien,True,True
I receive disability benefits of $1464 per month and cannot work. I am renting a room in a shared house for $819 per month. I live with my partner. I have a chronic condition (asthma) that requires regular medication. My utility bills take up a large portion of my income.,1,1,0,0,1,122,unhoused,citizen,False,True
"I work 15 hours a week at grocery store, making $2964 monthly. I recently became homeless after my landlord evicted me. I live with my spouse and 3 children. I am pregnant and currently uninsured. My utility bills take up a large portion of my income.",0,0,0,0,0,247,renting,citizen,True,True
"I am a student and work part-time, earning around $1260 a month. I am renting a room in a shared house for $633 per month. I live alone. I have no health insurance. I am behind on my heating bills by $268.",1,1,0,0,1,105,unhoused,citizen,False,True
"I am a student and work part-time, earning around $3840 a month. I am currently renting an apartment for $1125 per month. I am caring for my elderly grandmother who lives with me. I am pregnant and currently uninsured. I am behind on my heating bills by $197.",0,0,0,0,0,320,renting,citizen,True,True
I recently lost my job at Target due to layoffs. I am currently renting an apartment for $1631 per month. I have 3 children ages 14. I have a chronic condition (hypertension) that requires regular medication.,0,0,0,0,0,146,unhoused,citizen,True,False
"I am self-employed doing food delivery work, my income varies month to month. I have been unhoused for 1 months and am staying in a shelter. I share an apartment with a roommate. My child has asthma and needs ongoing medical care. My utility bills take up a large portion of my income.",1,1,0,0,1,68,renting,citizen,False,True
I recently lost my job at Amazon due to layoffs. I am renting a room in a shared house for $958 per month. I live with my spouse and 1 children. I have no health insurance. I struggle every month to pay my utility bills on time.,0,0,0,0,0,157,staying_with_family,citizen,True,True
"I am self-employed doing handyman work, my income varies month to month. I have been unhoused for 12 months and am staying in a shelter. I live alone. My child has diabetes and needs ongoing medical care. My utility bills take up a large portion of my income.",0,0,0,0,0,152,staying_with_family,citizen,True,True
"I recently lost my job at Target due to layoffs. I am currently renting an apartment for $1641 per month. I am caring for my elderly father who lives with me. I am pregnant and currently uninsured. My electricity bill has been very high this winter, around $282 per month. I do not have legal immigration status.",0,0,0,0,1,125,renting,undocumented,True,True
"I am self-employed doing handyman work, my income varies month to month. I recently became homeless after my landlord evicted me. My household includes myself, my partner, and our 3 children. I have no health insurance. I am a legal permanent resident and have been in the US for over 5 years.",1,1,0,0,0,36,staying_with_family,qualified_alien,True,False
"I work part-time at a warehouse earning about $816 per month. I recently became homeless after my landlord evicted me. I share an apartment with a roommate. I have been managing arthritis without proper medical care due to cost. My electricity bill has been very high this winter, around $518 per month.",1,1,0,0,1,68,renting,citizen,False,True
I recently lost my job at a local restaurant due to layoffs. I am staying with family temporarily as I cannot afford my own place. I share an apartment with a roommate. I have no health insurance.,1,1,0,0,0,29,owned,citizen,False,False
I receive disability benefits of $3960 per month and cannot work. I recently became homeless after my landlord evicted me. I share an apartment with a roommate. I recently lost my employer-sponsored health insurance.,0,0,0,0,0,330,staying_with_family,citizen,False,False
I am a full-time caregiver for my spouse and have no outside income. I am currently renting an apartment for $1731 per month. I live alone. I recently lost my employer-sponsored health insurance. My utility bills take up a large portion of my income.,0,0,0,0,0,261,unhoused,citizen,True,True
I recently lost my job at Amazon due to layoffs. I own my home but am struggling to keep up with the mortgage. I live alone. My child has depression and needs ongoing medical care. I am behind on my heating bills by $414. I do not have legal immigration status.,0,0,0,0,0,189,renting,undocumented,True,True
I recently lost my job at a local restaurant due to layoffs. I have been unhoused for 1 months and am staying in a shelter. I live alone. My child has asthma and needs ongoing medical care. I received a shutoff notice for my gas service.,1,1,0,0,1,32,staying_with_family,citizen,False,True
"I work 20 hours a week at retail shop, making $792 monthly. I am currently renting an apartment for $982 per month. I live alone. I have been managing hypertension without proper medical care due to cost. I received a shutoff notice for my gas service.",1,1,0,0,1,66,owned,citizen,False,True
I receive disability benefits of $756 per month and cannot work. I am staying with family temporarily as I cannot afford my own place. I share an apartment with a roommate. I am pregnant and currently uninsured. I received a shutoff notice for my gas service. I am a legal permanent resident and have been in the US for over 5 years.,1,1,0,0,1,63,renting,qualified_alien,False,True
I receive disability benefits of $792 per month and cannot work. I am renting a room in a shared house for $1127 per month. I live with my partner. I have been managing diabetes without proper medical care due to cost. I struggle every month to pay my utility bills on time.,1,1,0,0,1,66,owned,citizen,False,True
"I work part-time at a grocery store earning about $408 per month. I recently became homeless after my landlord evicted me. I have 2 children ages 11, 8. My child has diabetes and needs ongoing medical care. My electricity bill has been very high this winter, around $192 per month. I do not have legal immigration status.",0,0,0,0,1,34,staying_with_family,undocumented,True,True
"I work 15 hours a week at cleaning service, making $2340 monthly. I am currently renting an apartment for $660 per month. I live alone. I am pregnant and currently uninsured. I am behind on my heating bills by $502.",0,0,0,0,0,195,staying_with_family,citizen,True,True
"I work 20 hours a week at cleaning service, making $4368 monthly. I have been unhoused for 1 months and am staying in a shelter. I live alone. I am pregnant and currently uninsured. I am behind on my heating bills by $268.",0,0,0,0,0,364,owned,citizen,True,True
I recently lost my job at Target due to layoffs. I have been unhoused for 6 months and am staying in a shelter. I live with my partner. I have no health insurance. I received a shutoff notice for my gas service. I am a legal permanent resident and have been in the US for over 5 years.,1,1,1,0,1,45,unhoused,qualified_alien,False,True
I am a full-time caregiver for my spouse and have no outside income. I am currently renting an apartment for $1663 per month. I live alone. I recently lost my employer-sponsored health insurance. My utility bills take up a large portion of my income.,0,0,0,0,0,234,renting,citizen,True,True
I am a full-time caregiver for my father and have no outside income. I have been unhoused for 7 months and am staying in a shelter. I share an apartment with a roommate. I am pregnant and currently uninsured. I struggle every month to pay my utility bills on time. I am a legal permanent resident and have been in the US for over 5 years.,1,1,1,0,1,43,renting,qualified_alien,False,True
I am currently unemployed and have been looking for work for 4 months. I have been unhoused for 4 months and am staying in a shelter. I live with my spouse and 2 children. I have been managing hypertension without proper medical care due to cost. I do not have legal immigration status.,0,0,0,0,0,112,unhoused,undocumented,True,False
I am currently unemployed and have been looking for work for 17 months. I am staying with family temporarily as I cannot afford my own place. I live with my spouse and 3 children. I am pregnant and currently uninsured. I am a legal permanent resident and have been in the US for over 5 years.,1,1,0,0,0,59,owned,qualified_alien,True,False
I am a full-time caregiver for my spouse and have no outside income. I am currently renting an apartment for $1202 per month. I share an apartment with a roommate. I have a chronic condition (arthritis) that requires regular medication. My utility bills take up a large portion of my income. I do not have legal immigration status.,0,0,0,0,0,342,renting,undocumented,False,True
"I work 10 hours a week at cleaning service, making $888 monthly. I own my home but am struggling to keep up with the mortgage. I share an apartment with a roommate. I have no health insurance.",1,1,0,0,0,74,unhoused,citizen,False,False
"I am self-employed doing freelance cleaning work, my income varies month to month. I am staying with family temporarily as I cannot afford my own place. I share an apartment with a roommate. I am pregnant and currently uninsured. I received a shutoff notice for my gas service.",0,0,0,0,0,365,unhoused,citizen,False,True
I recently lost my job at a local restaurant due to layoffs. I have been unhoused for 9 months and am staying in a shelter. I live with my spouse and 4 children. I have no health insurance. I struggle every month to pay my utility bills on time. I do not have legal immigration status.,0,0,1,0,1,20,unhoused,undocumented,True,True
"I work part-time at a warehouse earning about $1044 per month. I am renting a room in a shared house for $1236 per month. I live with my partner. I have been managing diabetes without proper medical care due to cost. My electricity bill has been very high this winter, around $576 per month. I do not have legal immigration status.",0,0,0,0,1,87,owned,undocumented,False,True
"I work part-time at a grocery store earning about $360 per month. I recently became homeless after my landlord evicted me. I live with my partner. I have no health insurance. My electricity bill has been very high this winter, around $342 per month. I do not have legal immigration status.",0,0,0,0,1,30,staying_with_family,undocumented,False,True
"I recently lost my job at a small business due to layoffs. I recently became homeless after my landlord evicted me. I share an apartment with a roommate. I have a chronic condition (hypertension) that requires regular medication. My electricity bill has been very high this winter, around $403 per month.",0,0,0,0,0,166,renting,citizen,False,True
"I work 10 hours a week at cleaning service, making $1308 monthly. I am currently renting an apartment for $1607 per month. My household includes myself, my partner, and our 4 children. I have been managing arthritis without proper medical care due to cost. My electricity bill has been very high this winter, around $543 per month. I am a legal permanent resident and have been in the US for over 5 years.",1,1,0,0,1,109,renting,qualified_alien,True,True
"I work part-time at a restaurant earning about $1596 per month. I own my home but am struggling to keep up with the mortgage. I share an apartment with a roommate. I have no health insurance. My electricity bill has been very high this winter, around $254 per month.",0,1,0,0,1,133,renting,citizen,False,True
"I am self-employed doing handyman work, my income varies month to month. I am renting a room in a shared house for $1306 per month. I live alone. I recently lost my employer-sponsored health insurance. I struggle every month to pay my utility bills on time. I am a legal permanent resident and have been in the US for over 5 years.",1,1,0,0,1,91,renting,qualified_alien,False,True
I am a full-time caregiver for my mother and have no outside income. I own my home but am struggling to keep up with the mortgage. I live alone. I recently lost my employer-sponsored health insurance. I am behind on my heating bills by $499. I do not have legal immigration status.,0,0,0,0,0,200,owned,undocumented,False,True
I recently lost my job at Amazon due to layoffs. I am renting a room in a shared house for $1698 per month. I live alone. I am pregnant and currently uninsured. I struggle every month to pay my utility bills on time. I am a legal permanent resident and have been in the US for over 5 years.,1,1,1,0,1,36,unhoused,qualified_alien,True,True
I recently lost my job at a small business due to layoffs. I am renting a room in a shared house for $1520 per month. I live alone. My child has arthritis and needs ongoing medical care. I do not have legal immigration status.,0,0,0,0,0,260,unhoused,undocumented,False,False
"I am a student and work part-time, earning around $648 a month. I own my home but am struggling to keep up with the mortgage. I live alone. I have a chronic condition (hypertension) that requires regular medication. I am behind on my heating bills by $194. I am a legal permanent resident and have been in the US for over 5 years.",1,1,0,0,1,54,staying_with_family,qualified_alien,True,True
I recently lost my job at Target due to layoffs. I am renting a room in a shared house for $1414 per month. I am caring for my elderly grandmother who lives with me. I am pregnant and currently uninsured. I received a shutoff notice for my gas service.,0,0,0,0,0,177,staying_with_family,citizen,True,True
"I am self-employed doing freelance cleaning work, my income varies month to month. I am renting a room in a shared house for $1291 per month. I am caring for my elderly father who lives with me. I have been managing arthritis without proper medical care due to cost. My utility bills take up a large portion of my income.",1,1,0,1,1,54,owned,citizen,True,True
"I work 15 hours a week at retail shop, making $4536 monthly. I am renting a room in a shared house for $1525 per month. I live with my spouse and 1 children. I am pregnant and currently uninsured.",0,0,0,0,0,378,renting,citizen,True,False
"I am self-employed doing rideshare work, my income varies month to month. I am staying with family temporarily as I cannot afford my own place. I live alone. My child has arthritis and needs ongoing medical care.",0,0,0,0,0,360,staying_with_family,citizen,True,False
I recently lost my job at a local restaurant due to layoffs. I own my home but am struggling to keep up with the mortgage. I live with my partner. I recently lost my employer-sponsored health insurance. I received a shutoff notice for my gas service.,1,1,1,0,1,41,renting,citizen,False,True
"I work 25 hours a week at warehouse, making $1440 monthly. I have been unhoused for 11 months and am staying in a shelter. My household includes myself, my partner, and our 3 children. My child has asthma and needs ongoing medical care. I received a shutoff notice for my gas service. I do not have legal immigration status.",0,0,0,0,1,120,unhoused,undocumented,True,True
I am a full-time caregiver for my father and have no outside income. I am currently renting an apartment for $1602 per month. I am a single parent with 4 kids. I have been managing hypertension without proper medical care due to cost. I received a shutoff notice for my gas service.,1,1,0,0,1,117,unhoused,citizen,True,True
I recently lost my job at a local restaurant due to layoffs. I am currently renting an apartment for $1345 per month. I live with my spouse and 3 children. My child has diabetes and needs ongoing medical care. I received a shutoff notice for my gas service.,1,1,1,1,1,20,renting,citizen,True,True
"I am a student and work part-time, earning around $1116 a month. I am currently renting an apartment for $632 per month. I am a single parent with 2 kids. I have a chronic condition (asthma) that requires regular medication. I struggle every month to pay my utility bills on time. I do not have legal immigration status.",0,0,0,0,1,93,owned,undocumented,True,True
"I am a student and work part-time, earning around $4548 a month. I am renting a room in a shared house for $1742 per month. I live with my spouse and 2 children. My child has depression and needs ongoing medical care. I do not have legal immigration status.",0,0,0,0,0,379,renting,undocumented,True,False
"I am a student and work part-time, earning around $3684 a month. I am renting a room in a shared house for $1464 per month. I live with my partner. I have been managing arthritis without proper medical care due to cost.",0,0,0,0,0,307,staying_with_family,citizen,False,False
I am a full-time caregiver for my mother and have no outside income. I have been unhoused for 11 months and am staying in a shelter. I have 2 children ages 8. I have been managing diabetes without proper medical care due to cost. I received a shutoff notice for my gas service.,0,0,0,0,0,195,renting,citizen,True,True
"I work 20 hours a week at warehouse, making $1884 monthly. I am renting a room in a shared house for $1674 per month. I live with my partner. My child has arthritis and needs ongoing medical care. I am a legal permanent resident and have been in the US for over 5 years.",0,0,0,0,0,157,owned,qualified_alien,False,False
"I am a student and work part-time, earning around $2844 a month. I am renting a room in a shared house for $943 per month. I live with my partner. I recently lost my employer-sponsored health insurance. My utility bills take up a large portion of my income. I am a legal permanent resident and have been in the US for over 5 years.",0,0,0,0,0,237,unhoused,qualified_alien,False,True
I am currently unemployed and have been looking for work for 10 months. I am currently renting an apartment for $784 per month. I live alone. My child has hypertension and needs ongoing medical care. I struggle every month to pay my utility bills on time.,1,1,0,0,1,92,unhoused,citizen,False,True
"I am a student and work part-time, earning around $396 a month. I have been unhoused for 9 months and am staying in a shelter. I share an apartment with a roommate. I have a chronic condition (depression) that requires regular medication. I am behind on my heating bills by $344. I am a legal permanent resident and have been in the US for over 5 years.",1,1,1,0,1,33,unhoused,qualified_alien,False,True
"I am a student and work part-time, earning around $1404 a month. I am renting a room in a shared house for $972 per month. I live with my spouse and 1 children. I have been managing asthma without proper medical care due to cost. I am behind on my heating bills by $376. I do not have legal immigration status.",0,0,0,0,1,117,renting,undocumented,True,True
"I am self-employed doing handyman work, my income varies month to month. I am renting a room in a shared house for $754 per month. I live with my partner. I recently lost my employer-sponsored health insurance.",1,1,0,0,0,126,renting,citizen,False,False
"I am self-employed doing freelance cleaning work, my income varies month to month. I own my home but am struggling to keep up with the mortgage. My household includes myself, my partner, and our 4 children. I have a chronic condition (asthma) that requires regular medication. My electricity bill has been very high this winter, around $442 per month.",0,0,0,0,0,161,owned,citizen,True,True
"I am a student and work part-time, earning around $4176 a month. I am currently renting an apartment for $1278 per month. My household includes myself, my partner, and our 4 children. I have been managing hypertension without proper medical care due to cost. I am behind on my heating bills by $446.",0,0,0,0,0,348,renting,citizen,True,True
I work part-time at a restaurant earning about $1392 per month. I am currently renting an apartment for $691 per month. I am caring for my elderly grandmother who lives with me. I recently lost my employer-sponsored health insurance. My utility bills take up a large portion of my income.,1,1,0,0,1,116,unhoused,citizen,True,True
"I am self-employed doing rideshare work, my income varies month to month. I have been unhoused for 4 months and am staying in a shelter. I share an apartment with a roommate. I am pregnant and currently uninsured. My electricity bill has been very high this winter, around $548 per month.",1,1,1,0,1,31,renting,citizen,False,True
"I am self-employed doing rideshare work, my income varies month to month. I am currently renting an apartment for $1030 per month. I share an apartment with a roommate. My child has diabetes and needs ongoing medical care. My utility bills take up a large portion of my income.",0,0,0,0,0,152,renting,citizen,False,True
"I am a student and work part-time, earning around $1272 a month. I recently became homeless after my landlord evicted me. I live alone. My child has depression and needs ongoing medical care.",1,1,0,0,0,106,unhoused,citizen,False,False
"I am a student and work part-time, earning around $312 a month. I am staying with family temporarily as I cannot afford my own place. I live with my partner. I recently lost my employer-sponsored health insurance. My electricity bill has been very high this winter, around $488 per month. I am a legal permanent resident and have been in the US for over 5 years.",1,1,1,0,1,26,renting,qualified_alien,False,True
I am currently unemployed and have been looking for work for 18 months. I recently became homeless after my landlord evicted me. I live alone. I am pregnant and currently uninsured.,1,1,1,0,0,31,unhoused,citizen,False,False
I work part-time at a warehouse earning about $1068 per month. I am currently renting an apartment for $1068 per month. I live alone. I am pregnant and currently uninsured. My utility bills take up a large portion of my income.,1,1,0,1,1,89,owned,citizen,True,True
"I am currently unemployed and have been looking for work for 5 months. I am renting a room in a shared house for $931 per month. I have 4 children ages 2, 6. I am pregnant and currently uninsured. I struggle every month to pay my utility bills on time.",1,1,0,1,1,44,owned,citizen,True,True
"I work part-time at a restaurant earning about $792 per month. I recently became homeless after my landlord evicted me. I live alone. I have no health insurance. My electricity bill has been very high this winter, around $465 per month.",1,1,0,0,1,66,staying_with_family,citizen,False,True
"I work part-time at a retail shop earning about $4140 per month. I am staying with family temporarily as I cannot afford my own place. I live with my spouse and 1 children. My child has diabetes and needs ongoing medical care. My electricity bill has been very high this winter, around $172 per month. I am a legal permanent resident and have been in the US for over 5 years.",0,0,0,0,0,345,owned,qualified_alien,True,True
"I work 25 hours a week at warehouse, making $660 monthly. I am currently renting an apartment for $1601 per month. I live with my partner. I am pregnant and currently uninsured. My utility bills take up a large portion of my income.",1,1,0,0,1,55,renting,citizen,False,True
I am a full-time caregiver for my father and have no outside income. I own my home but am struggling to keep up with the mortgage. I live alone. My child has asthma and needs ongoing medical care. I received a shutoff notice for my gas service. I do not have legal immigration status.,0,0,0,0,1,53,unhoused,undocumented,False,True
I work part-time at a grocery store earning about $2124 per month. I am renting a room in a shared house for $1681 per month. I live with my partner. My child has depression and needs ongoing medical care. I struggle every month to pay my utility bills on time.,0,0,0,0,0,177,staying_with_family,citizen,False,True
"I am self-employed doing freelance cleaning work, my income varies month to month. I own my home but am struggling to keep up with the mortgage. I live with my partner. I am pregnant and currently uninsured. My utility bills take up a large portion of my income.",1,1,1,0,1,36,renting,citizen,False,True
"I receive disability benefits of $876 per month and cannot work. I own my home but am struggling to keep up with the mortgage. I live with my partner. I have no health insurance. My electricity bill has been very high this winter, around $160 per month.",1,1,0,0,1,73,renting,citizen,False,True
I receive disability benefits of $1464 per month and cannot work. I am currently renting an apartment for $1123 per month. I am caring for my elderly grandmother who lives with me. I am pregnant and currently uninsured. I am behind on my heating bills by $481. I do not have legal immigration status.,0,0,0,0,1,122,renting,undocumented,True,True
I receive disability benefits of $4224 per month and cannot work. I own my home but am struggling to keep up with the mortgage. I live with my partner. My child has arthritis and needs ongoing medical care. I received a shutoff notice for my gas service. I am a legal permanent resident and have been in the US for over 5 years.,0,0,0,0,0,352,renting,qualified_alien,False,True
"I work part-time at a grocery store earning about $1104 per month. I recently became homeless after my landlord evicted me. I have 4 children ages 15. I recently lost my employer-sponsored health insurance. My electricity bill has been very high this winter, around $360 per month. I do not have legal immigration status.",0,0,0,0,1,92,unhoused,undocumented,True,True
"I am self-employed doing food delivery work, my income varies month to month. I own my home but am struggling to keep up with the mortgage. I am caring for my elderly father who lives with me. I have a chronic condition (arthritis) that requires regular medication. I am behind on my heating bills by $232. I do not have legal immigration status.",0,0,0,0,1,134,renting,undocumented,True,True
I recently lost my job at a local restaurant due to layoffs. I have been unhoused for 11 months and am staying in a shelter. I live alone. I recently lost my employer-sponsored health insurance. I struggle every month to pay my utility bills on time. I do not have legal immigration status.,0,0,0,0,1,88,staying_with_family,undocumented,False,True
I receive disability benefits of $300 per month and cannot work. I own my home but am struggling to keep up with the mortgage. I live with my spouse and 1 children. I have been managing diabetes without proper medical care due to cost. I received a shutoff notice for my gas service. I do not have legal immigration status.,0,0,1,0,1,25,unhoused,undocumented,True,True
"I am self-employed doing food delivery work, my income varies month to month. I own my home but am struggling to keep up with the mortgage. I live with my spouse and 4 children. I have no health insurance. I struggle every month to pay my utility bills on time.",0,0,0,0,0,185,staying_with_family,citizen,True,True
I receive disability benefits of $1188 per month and cannot work. I have been unhoused for 7 months and am staying in a shelter. I live alone. I recently lost my employer-sponsored health insurance. I do not have legal immigration status.,0,0,0,0,0,99,owned,undocumented,False,False
"I am self-employed doing food delivery work, my income varies month to month. I am staying with family temporarily as I cannot afford my own place. I live with my spouse and 2 children. I am pregnant and currently uninsured. I do not have legal immigration status.",0,0,0,0,0,362,owned,undocumented,True,False
I recently lost my job at Amazon due to layoffs. I recently became homeless after my landlord evicted me. I am a single parent with 2 kids. I have a chronic condition (arthritis) that requires regular medication. My utility bills take up a large portion of my income.,1,1,1,1,1,25,unhoused,citizen,True,True
I work part-time at a restaurant earning about $1596 per month. I am currently renting an apartment for $1761 per month. I live with my spouse and 1 children. I recently lost my employer-sponsored health insurance.,0,1,0,0,0,133,owned,citizen,True,False
I work part-time at a grocery store earning about $696 per month. I am currently renting an apartment for $1063 per month. I am caring for my elderly grandmother who lives with me. My child has arthritis and needs ongoing medical care. My utility bills take up a large portion of my income. I am a legal permanent resident and have been in the US for over 5 years.,1,1,0,0,1,58,renting,qualified_alien,True,True
"I work part-time at a restaurant earning about $4548 per month. I am currently renting an apartment for $876 per month. I share an apartment with a roommate. I have been managing asthma without proper medical care due to cost. My electricity bill has been very high this winter, around $582 per month. I do not have legal immigration status.",0,0,0,0,0,379,owned,undocumented,False,True
I work part-time at a grocery store earning about $1560 per month. I have been unhoused for 7 months and am staying in a shelter. I share an apartment with a roommate. I have been managing asthma without proper medical care due to cost.,1,1,0,0,0,130,staying_with_family,citizen,False,False
I receive disability benefits of $1968 per month and cannot work. I own my home but am struggling to keep up with the mortgage. I am a single parent with 4 kids. I have a chronic condition (depression) that requires regular medication. I am a legal permanent resident and have been in the US for over 5 years.,0,0,0,0,0,164,renting,qualified_alien,True,False
"I am currently unemployed and have been looking for work for 15 months. I am renting a room in a shared house for $659 per month. I have 2 children ages 9, 13. I recently lost my employer-sponsored health insurance. I struggle every month to pay my utility bills on time.",0,1,0,0,1,132,staying_with_family,citizen,True,True
I am currently unemployed and have been looking for work for 1 months. I am staying with family temporarily as I cannot afford my own place. I live with my spouse and 4 children. I recently lost my employer-sponsored health insurance. I do not have legal immigration status.,0,0,0,0,0,228,owned,undocumented,True,False
I work part-time at a cleaning service earning about $708 per month. I am renting a room in a shared house for $630 per month. I live with my partner. I am pregnant and currently uninsured. I struggle every month to pay my utility bills on time.,1,1,0,0,1,59,renting,citizen,False,True
"I am a student and work part-time, earning around $780 a month. I am staying with family temporarily as I cannot afford my own place. I have 1 children ages 2. I am pregnant and currently uninsured. I am behind on my heating bills by $526. I do not have legal immigration status.",0,0,0,0,1,65,unhoused,undocumented,True,True
"I am currently unemployed and have been looking for work for 15 months. I am renting a room in a shared house for $958 per month. I have 1 children ages 8, 11, 9. I have a chronic condition (diabetes) that requires regular medication. My electricity bill has been very high this winter, around $496 per month. I do not have legal immigration status.",0,0,0,0,0,259,owned,undocumented,True,True
"I am self-employed doing food delivery work, my income varies month to month. I own my home but am struggling to keep up with the mortgage. I share an apartment with a roommate. I have been managing depression without proper medical care due to cost. I am a legal permanent resident and have been in the US for over 5 years.",0,0,0,0,0,163,owned,qualified_alien,False,False
I recently lost my job at Amazon due to layoffs. I am staying with family temporarily as I cannot afford my own place. I live with my partner. I have been managing diabetes without proper medical care due to cost.,0,0,0,0,0,316,staying_with_family,citizen,False,False
"I am self-employed doing freelance cleaning work, my income varies month to month. I am renting a room in a shared house for $1069 per month. I live alone. I have a chronic condition (diabetes) that requires regular medication. My electricity bill has been very high this winter, around $589 per month.",0,0,0,0,0,218,unhoused,citizen,False,True
I work part-time at a restaurant earning about $936 per month. I recently became homeless after my landlord evicted me. I am a single parent with 4 kids. I have a chronic condition (diabetes) that requires regular medication. I am a legal permanent resident and have been in the US for over 5 years.,1,1,0,0,0,78,staying_with_family,qualified_alien,True,False
I recently lost my job at a local restaurant due to layoffs. I am renting a room in a shared house for $1653 per month. I share an apartment with a roommate. I am pregnant and currently uninsured. I received a shutoff notice for my gas service.,1,1,1,0,1,50,renting,citizen,False,True
"I am self-employed doing freelance cleaning work, my income varies month to month. I am staying with family temporarily as I cannot afford my own place. My household includes myself, my partner, and our 2 children. I am pregnant and currently uninsured. I am a legal permanent resident and have been in the US for over 5 years.",1,1,0,0,0,50,owned,qualified_alien,True,False
I am currently unemployed and have been looking for work for 18 months. I am currently renting an apartment for $630 per month. I live alone. I recently lost my employer-sponsored health insurance. I do not have legal immigration status.,0,0,0,0,0,208,unhoused,undocumented,False,False
"I am a student and work part-time, earning around $3588 a month. I have been unhoused for 2 months and am staying in a shelter. I live with my partner. I have no health insurance. My utility bills take up a large portion of my income. I am a legal permanent resident and have been in the US for over 5 years.",0,0,0,0,0,299,staying_with_family,qualified_alien,False,True
I recently lost my job at a local restaurant due to layoffs. I am currently renting an apartment for $671 per month. I live alone. I have been managing diabetes without proper medical care due to cost. I struggle every month to pay my utility bills on time. I am a legal permanent resident and have been in the US for over 5 years.,1,1,0,0,1,79,renting,qualified_alien,False,True
"I am a student and work part-time, earning around $1848 a month. I recently became homeless after my landlord evicted me. I am a single parent with 1 kids. My child has hypertension and needs ongoing medical care. I received a shutoff notice for my gas service.",0,0,0,0,0,154,owned,citizen,True,True
I work part-time at a cleaning service earning about $1512 per month. I am renting a room in a shared house for $630 per month. I am caring for my elderly father who lives with me. I am pregnant and currently uninsured. I struggle every month to pay my utility bills on time.,1,1,0,0,1,126,owned,citizen,True,True
I work part-time at a cleaning service earning about $2892 per month. I have been unhoused for 3 months and am staying in a shelter. I am a single parent with 4 kids. I have no health insurance. I am behind on my heating bills by $214.,0,0,0,0,0,241,staying_with_family,citizen,True,True
I recently lost my job at a local restaurant due to layoffs. I have been unhoused for 2 months and am staying in a shelter. I live with my spouse and 3 children. My child has depression and needs ongoing medical care. I received a shutoff notice for my gas service. I do not have legal immigration status.,0,0,0,0,1,147,staying_with_family,undocumented,True,True
I recently lost my job at a small business due to layoffs. I am staying with family temporarily as I cannot afford my own place. I share an apartment with a roommate. My child has hypertension and needs ongoing medical care. I do not have legal immigration status.,0,0,0,0,0,148,staying_with_family,undocumented,False,False
I am a full-time caregiver for my father and have no outside income. I am renting a room in a shared house for $858 per month. I share an apartment with a roommate. I recently lost my employer-sponsored health insurance.,1,1,0,0,0,52,owned,citizen,False,False
"I am a full-time caregiver for my mother and have no outside income. I am staying with family temporarily as I cannot afford my own place. I have 2 children ages 11, 9, 1. I have no health insurance.",1,1,0,1,0,74,renting,citizen,True,False
"I work 25 hours a week at retail shop, making $1464 monthly. I am currently renting an apartment for $1319 per month. I share an apartment with a roommate. I have been managing diabetes without proper medical care due to cost. I am a legal permanent resident and have been in the US for over 5 years.",1,1,0,0,0,122,owned,qualified_alien,False,False
I am a full-time caregiver for my mother and have no outside income. I own my home but am struggling to keep up with the mortgage. I have 2 children ages 2. I have no health insurance. My utility bills take up a large portion of my income.,1,1,0,1,1,88,staying_with_family,citizen,True,True
I am a full-time caregiver for my spouse and have no outside income. I am renting a room in a shared house for $1773 per month. I live with my spouse and 3 children. My child has diabetes and needs ongoing medical care. I struggle every month to pay my utility bills on time. I do not have legal immigration status.,0,0,0,0,1,131,renting,undocumented,True,True
"I work part-time at a restaurant earning about $2844 per month. I am renting a room in a shared house for $1425 per month. My household includes myself, my partner, and our 2 children. I recently lost my employer-sponsored health insurance.",0,0,0,0,0,237,unhoused,citizen,True,False
I receive disability benefits of $1164 per month and cannot work. I am renting a room in a shared house for $1722 per month. I share an apartment with a roommate. I have a chronic condition (hypertension) that requires regular medication.,1,1,0,0,0,97,owned,citizen,False,False
"I receive disability benefits of $2340 per month and cannot work. I own my home but am struggling to keep up with the mortgage. My household includes myself, my partner, and our 1 children. I have a chronic condition (hypertension) that requires regular medication. My electricity bill has been very high this winter, around $336 per month.",0,0,0,0,0,195,unhoused,citizen,True,True
I am a full-time caregiver for my spouse and have no outside income. I am renting a room in a shared house for $808 per month. I live alone. I have no health insurance. I struggle every month to pay my utility bills on time. I do not have legal immigration status.,0,0,0,0,1,91,renting,undocumented,False,True
"I am a student and work part-time, earning around $624 a month. I recently became homeless after my landlord evicted me. I am a single parent with 3 kids. I have been managing asthma without proper medical care due to cost. I am behind on my heating bills by $374.",1,1,0,1,1,52,unhoused,citizen,True,True
"I am currently unemployed and have been looking for work for 3 months. I am staying with family temporarily as I cannot afford my own place. My household includes myself, my partner, and our 3 children. I have a chronic condition (diabetes) that requires regular medication. I struggle every month to pay my utility bills on time. I am a legal permanent resident and have been in the US for over 5 years.",1,1,0,0,1,77,unhoused,qualified_alien,True,True
"I am a full-time caregiver for my father and have no outside income. I have been unhoused for 5 months and am staying in a shelter. My household includes myself, my partner, and our 1 children. I have a chronic condition (hypertension) that requires regular medication. I am behind on my heating bills by $166.",0,0,0,0,0,234,renting,citizen,True,True
"I work part-time at a restaurant earning about $2220 per month. I have been unhoused for 6 months and am staying in a shelter. I have 1 children ages 13, 3. I have no health insurance. I struggle every month to pay my utility bills on time.",0,0,0,0,0,185,renting,citizen,True,True
I am currently unemployed and have been looking for work for 3 months. I am currently renting an apartment for $1094 per month. I share an apartment with a roommate. I have a chronic condition (asthma) that requires regular medication. I am behind on my heating bills by $489. I do not have legal immigration status.,0,0,0,0,1,80,staying_with_family,undocumented,False,True
"I work 15 hours a week at restaurant, making $2004 monthly. I recently became homeless after my landlord evicted me. I live alone. My child has asthma and needs ongoing medical care. I struggle every month to pay my utility bills on time.",0,0,0,0,0,167,unhoused,citizen,False,True
I am currently unemployed and have been looking for work for 6 months. I have been unhoused for 2 months and am staying in a shelter. I live alone. I recently lost my employer-sponsored health insurance. I am a legal permanent resident and have been in the US for over 5 years.,0,0,0,0,0,181,renting,qualified_alien,True,False
I work part-time at a retail shop earning about $4116 per month. I am renting a room in a shared house for $613 per month. I share an apartment with a roommate. I have a chronic condition (depression) that requires regular medication. I received a shutoff notice for my gas service.,0,0,0,0,0,343,owned,citizen,False,True
"I work 15 hours a week at warehouse, making $2400 monthly. I own my home but am struggling to keep up with the mortgage. I share an apartment with a roommate. I recently lost my employer-sponsored health insurance. I received a shutoff notice for my gas service.",0,0,0,0,0,200,unhoused,citizen,False,True
"I am a student and work part-time, earning around $3192 a month. I am renting a room in a shared house for $612 per month. I have 4 children ages 6, 4, 6. I have a chronic condition (arthritis) that requires regular medication.",0,0,0,0,0,266,staying_with_family,citizen,True,False
I work part-time at a retail shop earning about $4164 per month. I am renting a room in a shared house for $767 per month. I am caring for my elderly grandmother who lives with me. I have been managing diabetes without proper medical care due to cost. I struggle every month to pay my utility bills on time.,0,0,0,0,0,347,renting,citizen,True,True
"I am self-employed doing food delivery work, my income varies month to month. I am renting a room in a shared house for $1165 per month. I am a single parent with 1 kids. My child has asthma and needs ongoing medical care. My electricity bill has been very high this winter, around $177 per month. I am a legal permanent resident and have been in the US for over 5 years.",0,1,0,0,1,137,unhoused,qualified_alien,True,True
"I am currently unemployed and have been looking for work for 9 months. I recently became homeless after my landlord evicted me. I live alone. I have been managing arthritis without proper medical care due to cost. My electricity bill has been very high this winter, around $183 per month.",0,0,0,0,0,158,unhoused,citizen,False,True
I am currently unemployed and have been looking for work for 9 months. I own my home but am struggling to keep up with the mortgage. I live alone. I have been managing diabetes without proper medical care due to cost. I am behind on my heating bills by $340.,1,1,1,0,1,46,unhoused,citizen,False,True
I receive disability benefits of $1116 per month and cannot work. I am renting a room in a shared house for $1072 per month. I live with my partner. My child has hypertension and needs ongoing medical care. I am a legal permanent resident and have been in the US for over 5 years.,1,1,0,0,0,93,renting,qualified_alien,False,False
"I work part-time at a grocery store earning about $1416 per month. I am currently renting an apartment for $925 per month. My household includes myself, my partner, and our 2 children. I recently lost my employer-sponsored health insurance. I received a shutoff notice for my gas service.",1,1,0,0,1,118,unhoused,citizen,True,True
I am currently unemployed and have been looking for work for 17 months. I own my home but am struggling to keep up with the mortgage. I live with my spouse and 2 children. I am pregnant and currently uninsured. I received a shutoff notice for my gas service.,1,1,0,0,1,105,renting,citizen,True,True
"I am self-employed doing food delivery work, my income varies month to month. I am currently renting an apartment for $1219 per month. I share an apartment with a roommate. My child has asthma and needs ongoing medical care. I struggle every month to pay my utility bills on time.",0,0,0,0,0,167,owned,citizen,False,True
"I am self-employed doing freelance cleaning work, my income varies month to month. I am staying with family temporarily as I cannot afford my own place. I share an apartment with a roommate. I am pregnant and currently uninsured.",0,0,0,0,0,235,renting,citizen,False,False
"I work part-time at a restaurant earning about $648 per month. I am staying with family temporarily as I cannot afford my own place. I have 3 children ages 2, 12, 8. I recently lost my employer-sponsored health insurance. I am behind on my heating bills by $567.",1,1,0,1,1,54,staying_with_family,citizen,True,True
"I receive disability benefits of $264 per month and cannot work. I own my home but am struggling to keep up with the mortgage. My household includes myself, my partner, and our 3 children. My child has hypertension and needs ongoing medical care. I do not have legal immigration status.",0,0,0,0,0,22,owned,undocumented,True,False
I recently lost my job at a local restaurant due to layoffs. I am renting a room in a shared house for $616 per month. I live with my partner. I am pregnant and currently uninsured. My utility bills take up a large portion of my income.,0,0,0,0,0,301,staying_with_family,citizen,False,True
"I work 10 hours a week at restaurant, making $4740 monthly. I am currently renting an apartment for $1528 per month. I have 2 children ages 4, 9. My child has diabetes and needs ongoing medical care. I received a shutoff notice for my gas service.",0,0,0,0,0,395,unhoused,citizen,True,True
I receive disability benefits of $1164 per month and cannot work. I own my home but am struggling to keep up with the mortgage. I live with my spouse and 2 children. I am pregnant and currently uninsured. I struggle every month to pay my utility bills on time.,1,1,0,1,1,97,unhoused,citizen,True,True
I receive disability benefits of $864 per month and cannot work. I am staying with family temporarily as I cannot afford my own place. I live with my spouse and 3 children. My child has asthma and needs ongoing medical care. I am behind on my heating bills by $595.,1,1,0,1,1,72,renting,citizen,True,True
"I am a student and work part-time, earning around $4536 a month. I am staying with family temporarily as I cannot afford my own place. I live alone. I have no health insurance. My electricity bill has been very high this winter, around $480 per month.",0,0,0,0,0,378,owned,citizen,False,True
"I am currently unemployed and have been looking for work for 2 months. I am staying with family temporarily as I cannot afford my own place. I have 3 children ages 7, 4. I have no health insurance. I received a shutoff notice for my gas service.",0,0,0,0,0,240,renting,citizen,True,True
"I am a student and work part-time, earning around $1500 a month. I am renting a room in a shared house for $1308 per month. My household includes myself, my partner, and our 2 children. I have been managing asthma without proper medical care due to cost. My utility bills take up a large portion of my income. I do not have legal immigration status.",0,0,0,0,1,125,staying_with_family,undocumented,True,True
"I am self-employed doing food delivery work, my income varies month to month. I recently became homeless after my landlord evicted me. I share an apartment with a roommate. I am pregnant and currently uninsured. My electricity bill has been very high this winter, around $297 per month. I do not have legal immigration status.",0,0,0,0,1,112,owned,undocumented,False,True
I am a full-time caregiver for my spouse and have no outside income. I own my home but am struggling to keep up with the mortgage. I live alone. My child has arthritis and needs ongoing medical care.,1,1,0,0,0,111,unhoused,citizen,False,False
I recently lost my job at a local restaurant due to layoffs. I am currently renting an apartment for $1609 per month. I share an apartment with a roommate. My child has hypertension and needs ongoing medical care. My utility bills take up a large portion of my income.,1,1,0,0,1,88,staying_with_family,citizen,False,True
"I am self-employed doing food delivery work, my income varies month to month. I am currently renting an apartment for $1198 per month. I have 3 children ages 5, 6, 6. I have a chronic condition (depression) that requires regular medication. I am a legal permanent resident and have been in the US for over 5 years.",1,1,0,0,0,130,owned,qualified_alien,True,False
"I am self-employed doing rideshare work, my income varies month to month. I own my home but am struggling to keep up with the mortgage. I live alone. I have a chronic condition (asthma) that requires regular medication. My utility bills take up a large portion of my income.",0,0,0,0,0,154,unhoused,citizen,True,True
I am currently unemployed and have been looking for work for 17 months. I have been unhoused for 2 months and am staying in a shelter. I am a single parent with 3 kids. I have a chronic condition (arthritis) that requires regular medication.,1,1,0,1,0,69,renting,citizen,True,False
I am a full-time caregiver for my spouse and have no outside income. I recently became homeless after my landlord evicted me. I live alone. I am pregnant and currently uninsured. I struggle every month to pay my utility bills on time.,1,1,0,0,1,24,staying_with_family,citizen,False,True
I recently lost my job at a small business due to layoffs. I recently became homeless after my landlord evicted me. I live with my partner. I have no health insurance.,0,0,0,0,0,216,renting,citizen,False,False
I am currently unemployed and have been looking for work for 17 months. I own my home but am struggling to keep up with the mortgage. I live alone. My child has diabetes and needs ongoing medical care. I struggle every month to pay my utility bills on time. I do not have legal immigration status.,0,0,0,0,0,359,staying_with_family,undocumented,True,True
"I am self-employed doing rideshare work, my income varies month to month. I have been unhoused for 1 months and am staying in a shelter. I share an apartment with a roommate. I have been managing arthritis without proper medical care due to cost. I received a shutoff notice for my gas service.",0,0,0,0,0,337,staying_with_family,citizen,False,True
I am a full-time caregiver for my father and have no outside income. I own my home but am struggling to keep up with the mortgage. I live alone. I have no health insurance. I struggle every month to pay my utility bills on time. I do not have legal immigration status.,0,0,0,0,1,88,renting,undocumented,False,True
"I am a student and work part-time, earning around $3360 a month. I own my home but am struggling to keep up with the mortgage. I live with my partner. I have no health insurance. I struggle every month to pay my utility bills on time. I am a legal permanent resident and have been in the US for over 5 years.",0,0,0,0,0,280,staying_with_family,qualified_alien,False,True
"I work 10 hours a week at retail shop, making $1212 monthly. I am renting a room in a shared house for $1333 per month. I am caring for my elderly mother who lives with me. I have no health insurance. My utility bills take up a large portion of my income. I do not have legal immigration status.",0,0,0,0,1,101,renting,undocumented,True,True
"I am self-employed doing rideshare work, my income varies month to month. I have been unhoused for 10 months and am staying in a shelter. I am caring for my elderly father who lives with me. I have been managing depression without proper medical care due to cost. I am behind on my heating bills by $302.",0,0,0,0,0,153,renting,citizen,True,True
"I receive disability benefits of $1548 per month and cannot work. I am renting a room in a shared house for $1523 per month. I have 3 children ages 9, 1. I have been managing arthritis without proper medical care due to cost. I am behind on my heating bills by $224.",1,1,0,0,1,129,owned,citizen,True,True
"I am self-employed doing rideshare work, my income varies month to month. I am currently renting an apartment for $616 per month. I live with my spouse and 2 children. My child has diabetes and needs ongoing medical care. I struggle every month to pay my utility bills on time. I do not have legal immigration status.",0,0,0,0,0,329,unhoused,undocumented,True,True
I recently lost my job at Target due to layoffs. I have been unhoused for 7 months and am staying in a shelter. I live with my partner. My child has diabetes and needs ongoing medical care. I am behind on my heating bills by $520.,0,0,0,0,0,175,staying_with_family,citizen,False,True
"I am a student and work part-time, earning around $1140 a month. I am renting a room in a shared house for $1290 per month. I share an apartment with a roommate. My child has diabetes and needs ongoing medical care.",1,1,0,0,0,95,owned,citizen,False,False
"I am self-employed doing handyman work, my income varies month to month. I am currently renting an apartment for $1056 per month. I am caring for my elderly father who lives with me. I recently lost my employer-sponsored health insurance. I struggle every month to pay my utility bills on time.",1,1,0,0,1,108,renting,citizen,True,True
"I work 15 hours a week at grocery store, making $1476 monthly. I own my home but am struggling to keep up with the mortgage. I am caring for my elderly grandmother who lives with me. I have been managing asthma without proper medical care due to cost.",1,1,0,0,0,123,unhoused,citizen,True,False
"I am a student and work part-time, earning around $672 a month. I have been unhoused for 6 months and am staying in a shelter. I live alone. I recently lost my employer-sponsored health insurance. My utility bills take up a large portion of my income.",1,1,0,1,1,56,unhoused,citizen,True,True
I recently lost my job at Target due to layoffs. I am staying with family temporarily as I cannot afford my own place. I am a single parent with 4 kids. I recently lost my employer-sponsored health insurance. I am behind on my heating bills by $251. I am a legal permanent resident and have been in the US for over 5 years.,0,0,0,0,0,185,unhoused,qualified_alien,True,True
I am currently unemployed and have been looking for work for 15 months. I am staying with family temporarily as I cannot afford my own place. I am a single parent with 3 kids. I recently lost my employer-sponsored health insurance. My utility bills take up a large portion of my income. I am a legal permanent resident and have been in the US for over 5 years.,1,1,1,0,1,36,renting,qualified_alien,True,True
I recently lost my job at a local restaurant due to layoffs. I recently became homeless after my landlord evicted me. I live with my partner. I have been managing asthma without proper medical care due to cost. I am behind on my heating bills by $488.,1,1,0,0,1,97,renting,citizen,False,True
I receive disability benefits of $2016 per month and cannot work. I have been unhoused for 2 months and am staying in a shelter. I am caring for my elderly father who lives with me. I have been managing arthritis without proper medical care due to cost. I am behind on my heating bills by $424. I am a legal permanent resident and have been in the US for over 5 years.,0,0,0,0,0,168,renting,qualified_alien,True,True
I recently lost my job at Amazon due to layoffs. I am renting a room in a shared house for $1177 per month. I am a single parent with 2 kids. I have been managing asthma without proper medical care due to cost. I struggle every month to pay my utility bills on time.,0,0,0,0,0,374,unhoused,citizen,True,True
"I am a student and work part-time, earning around $1020 a month. I am renting a room in a shared house for $702 per month. I live alone. I have been managing diabetes without proper medical care due to cost.",1,1,0,1,0,85,renting,citizen,True,False
I receive disability benefits of $1452 per month and cannot work. I am staying with family temporarily as I cannot afford my own place. I live with my spouse and 4 children. My child has asthma and needs ongoing medical care. I am behind on my heating bills by $160.,1,1,0,0,1,121,owned,citizen,True,True
I receive disability benefits of $516 per month and cannot work. I have been unhoused for 5 months and am staying in a shelter. I live with my partner. I have no health insurance. My utility bills take up a large portion of my income.,1,1,0,0,1,43,staying_with_family,citizen,False,True
I am currently unemployed and have been looking for work for 12 months. I have been unhoused for 11 months and am staying in a shelter. I live with my spouse and 4 children. I have been managing asthma without proper medical care due to cost. I am behind on my heating bills by $599.,0,0,0,0,0,196,renting,citizen,True,True
I am a full-time caregiver for my father and have no outside income. I am currently renting an apartment for $1417 per month. I am caring for my elderly mother who lives with me. I have been managing hypertension without proper medical care due to cost. My utility bills take up a large portion of my income.,1,1,0,0,1,128,owned,citizen,True,True
"I work 20 hours a week at grocery store, making $1800 monthly. I recently became homeless after my landlord evicted me. I live alone. My child has asthma and needs ongoing medical care. I struggle every month to pay my utility bills on time.",0,0,0,0,1,150,renting,citizen,False,True
I receive disability benefits of $2196 per month and cannot work. I recently became homeless after my landlord evicted me. I share an apartment with a roommate. I am pregnant and currently uninsured.,0,0,0,0,0,183,unhoused,citizen,False,False
I recently lost my job at a local restaurant due to layoffs. I am staying with family temporarily as I cannot afford my own place. I live with my partner. I am pregnant and currently uninsured.,1,1,0,0,0,98,renting,citizen,False,False
I receive disability benefits of $540 per month and cannot work. I am renting a room in a shared house for $1629 per month. I live with my spouse and 4 children. I have a chronic condition (depression) that requires regular medication.,1,1,0,1,0,45,owned,citizen,True,False
I receive disability benefits of $2004 per month and cannot work. I am currently renting an apartment for $995 per month. I live alone. I have a chronic condition (diabetes) that requires regular medication. I do not have legal immigration status.,0,0,0,0,0,167,renting,undocumented,False,False
I work part-time at a retail shop earning about $1812 per month. I am renting a room in a shared house for $1168 per month. I share an apartment with a roommate. I am pregnant and currently uninsured. I am behind on my heating bills by $413.,0,0,0,0,0,151,unhoused,citizen,False,True
I am currently unemployed and have been looking for work for 6 months. I recently became homeless after my landlord evicted me. I am a single parent with 2 kids. I have a chronic condition (diabetes) that requires regular medication. I received a shutoff notice for my gas service.,1,1,0,1,1,64,renting,citizen,True,True
"I work 25 hours a week at cleaning service, making $1176 monthly. I am renting a room in a shared house for $1485 per month. I live with my spouse and 4 children. I am pregnant and currently uninsured.",1,1,0,1,0,98,renting,citizen,True,False
"I am a full-time caregiver for my father and have no outside income. I am currently renting an apartment for $1107 per month. I share an apartment with a roommate. I have a chronic condition (diabetes) that requires regular medication. My electricity bill has been very high this winter, around $188 per month. I am a legal permanent resident and have been in the US for over 5 years.",1,1,0,0,1,113,unhoused,qualified_alien,False,True
"I am self-employed doing rideshare work, my income varies month to month. I recently became homeless after my landlord evicted me. I live with my partner. My child has depression and needs ongoing medical care. My electricity bill has been very high this winter, around $483 per month. I do not have legal immigration status.",0,0,0,0,1,90,unhoused,undocumented,False,True
"I receive disability benefits of $1296 per month and cannot work. I am currently renting an apartment for $1543 per month. My household includes myself, my partner, and our 1 children. I have been managing hypertension without proper medical care due to cost. I received a shutoff notice for my gas service. I do not have legal immigration status.",0,0,0,0,1,108,renting,undocumented,True,True
"I work 10 hours a week at retail shop, making $1104 monthly. I have been unhoused for 4 months and am staying in a shelter. I live with my partner. I am pregnant and currently uninsured. My utility bills take up a large portion of my income. I am a legal permanent resident and have been in the US for over 5 years.",1,1,0,0,1,92,staying_with_family,qualified_alien,False,True
"I am a student and work part-time, earning around $1092 a month. I own my home but am struggling to keep up with the mortgage. I live with my spouse and 4 children. I am pregnant and currently uninsured. I am a legal permanent resident and have been in the US for over 5 years.",1,1,0,0,0,91,owned,qualified_alien,True,False
I receive disability benefits of $4104 per month and cannot work. I own my home but am struggling to keep up with the mortgage. I live with my partner. My child has arthritis and needs ongoing medical care. I received a shutoff notice for my gas service. I am a legal permanent resident and have been in the US for over 5 years.,0,0,0,0,0,342,owned,qualified_alien,False,True
I receive disability benefits of $540 per month and cannot work. I have been unhoused for 2 months and am staying in a shelter. I live alone. My child has depression and needs ongoing medical care. I received a shutoff notice for my gas service.,1,1,0,1,1,45,staying_with_family,citizen,True,True
"I work part-time at a grocery store earning about $1008 per month. I have been unhoused for 9 months and am staying in a shelter. I have 4 children ages 4, 12. I recently lost my employer-sponsored health insurance. I am behind on my heating bills by $378. I do not have legal immigration status.",0,0,0,0,1,84,owned,undocumented,True,True
"I work 10 hours a week at cleaning service, making $840 monthly. I own my home but am struggling to keep up with the mortgage. I am caring for my elderly father who lives with me. My child has arthritis and needs ongoing medical care. My electricity bill has been very high this winter, around $407 per month.",1,1,0,1,1,70,unhoused,citizen,True,True
I am currently unemployed and have been looking for work for 1 months. I am currently renting an apartment for $697 per month. I live with my partner. I have a chronic condition (hypertension) that requires regular medication. I received a shutoff notice for my gas service.,1,1,0,0,1,68,staying_with_family,citizen,False,True
"I work 25 hours a week at warehouse, making $3612 monthly. I am staying with family temporarily as I cannot afford my own place. I am a single parent with 4 kids. I recently lost my employer-sponsored health insurance. I am behind on my heating bills by $213.",0,0,0,0,0,301,owned,citizen,True,True
I receive disability benefits of $972 per month and cannot work. I am renting a room in a shared house for $1056 per month. I live with my spouse and 3 children. I am pregnant and currently uninsured. I am a legal permanent resident and have been in the US for over 5 years.,1,1,0,0,0,81,owned,qualified_alien,True,False
"I recently lost my job at Target due to layoffs. I am staying with family temporarily as I cannot afford my own place. My household includes myself, my partner, and our 4 children. My child has depression and needs ongoing medical care.",1,1,0,1,0,81,owned,citizen,True,False
I am a full-time caregiver for my mother and have no outside income. I recently became homeless after my landlord evicted me. I live with my partner. I have no health insurance. I received a shutoff notice for my gas service. I do not have legal immigration status.,0,0,0,0,1,108,owned,undocumented,False,True
"I am currently unemployed and have been looking for work for 12 months. I have been unhoused for 8 months and am staying in a shelter. I have 3 children ages 7, 12, 5. My child has arthritis and needs ongoing medical care. I received a shutoff notice for my gas service.",1,1,1,1,1,43,renting,citizen,True,True
"I am self-employed doing handyman work, my income varies month to month. I am staying with family temporarily as I cannot afford my own place. I live alone. My child has diabetes and needs ongoing medical care. My electricity bill has been very high this winter, around $502 per month.",0,0,0,0,1,146,staying_with_family,citizen,False,True
I recently lost my job at a local restaurant due to layoffs. I own my home but am struggling to keep up with the mortgage. I am a single parent with 4 kids. I have no health insurance. I am behind on my heating bills by $212.,1,1,0,1,1,96,staying_with_family,citizen,True,True
I am currently unemployed and have been looking for work for 4 months. I own my home but am struggling to keep up with the mortgage. I am a single parent with 4 kids. I have been managing depression without proper medical care due to cost. I am behind on my heating bills by $453.,0,0,0,0,0,170,unhoused,citizen,True,True
"I receive disability benefits of $1272 per month and cannot work. I am renting a room in a shared house for $1777 per month. I live alone. I have been managing diabetes without proper medical care due to cost. My electricity bill has been very high this winter, around $174 per month. I am a legal permanent resident and have been in the US for over 5 years.",1,1,0,0,1,106,unhoused,qualified_alien,False,True
I am a full-time caregiver for my father and have no outside income. I am staying with family temporarily as I cannot afford my own place. I am a single parent with 3 kids. I am pregnant and currently uninsured. I struggle every month to pay my utility bills on time. I do not have legal immigration status.,0,0,0,0,1,119,renting,undocumented,True,True
"I am a student and work part-time, earning around $1512 a month. I am renting a room in a shared house for $984 per month. I share an apartment with a roommate. My child has diabetes and needs ongoing medical care. I do not have legal immigration status.",0,0,0,0,0,126,renting,undocumented,False,False
"I am self-employed doing handyman work, my income varies month to month. I am staying with family temporarily as I cannot afford my own place. I live alone. I am pregnant and currently uninsured. My utility bills take up a large portion of my income.",0,0,0,0,0,173,owned,citizen,True,True
I recently lost my job at a small business due to layoffs. I am staying with family temporarily as I cannot afford my own place. I live with my spouse and 2 children. I have been managing hypertension without proper medical care due to cost. My utility bills take up a large portion of my income.,0,0,0,0,1,141,renting,citizen,True,True
I work part-time at a cleaning service earning about $816 per month. I am renting a room in a shared house for $857 per month. I live with my partner. I have a chronic condition (asthma) that requires regular medication. I received a shutoff notice for my gas service.,1,1,0,0,1,68,owned,citizen,False,True
I work part-time at a restaurant earning about $324 per month. I am staying with family temporarily as I cannot afford my own place. I live with my spouse and 1 children. My child has asthma and needs ongoing medical care. I struggle every month to pay my utility bills on time. I do not have legal immigration status.,0,0,0,0,1,27,owned,undocumented,True,True
I am currently unemployed and have been looking for work for 1 months. I recently became homeless after my landlord evicted me. I share an apartment with a roommate. I recently lost my employer-sponsored health insurance. I received a shutoff notice for my gas service.,0,0,0,0,0,331,unhoused,citizen,False,True
I work part-time at a restaurant earning about $4200 per month. I am staying with family temporarily as I cannot afford my own place. I live with my partner. My child has asthma and needs ongoing medical care. I struggle every month to pay my utility bills on time.,0,0,0,0,0,350,unhoused,citizen,False,True
I receive disability benefits of $4236 per month and cannot work. I am currently renting an apartment for $1444 per month. I live alone. I have no health insurance. I struggle every month to pay my utility bills on time. I am a legal permanent resident and have been in the US for over 5 years.,0,0,0,0,0,353,staying_with_family,qualified_alien,False,True
I work part-time at a warehouse earning about $2076 per month. I am currently renting an apartment for $1140 per month. I live with my partner. My child has asthma and needs ongoing medical care. I struggle every month to pay my utility bills on time.,0,0,0,0,0,173,staying_with_family,citizen,False,True
"I am self-employed doing handyman work, my income varies month to month. I own my home but am struggling to keep up with the mortgage. I share an apartment with a roommate. I have been managing arthritis without proper medical care due to cost. My electricity bill has been very high this winter, around $441 per month. I am a legal permanent resident and have been in the US for over 5 years.",0,0,0,0,1,144,owned,qualified_alien,False,True
"I am a full-time caregiver for my father and have no outside income. I am currently renting an apartment for $1528 per month. I have 1 children ages 14, 4, 4. I have a chronic condition (diabetes) that requires regular medication. I am behind on my heating bills by $306.",0,0,0,0,0,195,staying_with_family,citizen,True,True
"I am a full-time caregiver for my father and have no outside income. I own my home but am struggling to keep up with the mortgage. I am a single parent with 1 kids. I have no health insurance. My electricity bill has been very high this winter, around $328 per month.",1,1,0,1,1,80,staying_with_family,citizen,True,True
I recently lost my job at Amazon due to layoffs. I am renting a room in a shared house for $671 per month. I share an apartment with a roommate. I have a chronic condition (depression) that requires regular medication. I am a legal permanent resident and have been in the US for over 5 years.,1,1,0,0,0,113,unhoused,qualified_alien,False,False
I receive disability benefits of $1572 per month and cannot work. I am staying with family temporarily as I cannot afford my own place. I live alone. I have no health insurance. I struggle every month to pay my utility bills on time.,0,1,0,0,1,131,renting,citizen,False,True
"I am a student and work part-time, earning around $1200 a month. I am staying with family temporarily as I cannot afford my own place. I live with my spouse and 3 children. I have no health insurance. I am behind on my heating bills by $238.",1,1,0,1,1,100,unhoused,citizen,True,True
"I work part-time at a warehouse earning about $552 per month. I am renting a room in a shared house for $1417 per month. I share an apartment with a roommate. I have been managing asthma without proper medical care due to cost. My electricity bill has been very high this winter, around $227 per month.",1,1,1,0,1,46,renting,citizen,False,True
I recently lost my job at a local restaurant due to layoffs. I am renting a room in a shared house for $663 per month. I am a single parent with 4 kids. I have no health insurance. I am behind on my heating bills by $219. I am a legal permanent resident and have been in the US for over 5 years.,0,1,0,0,1,135,unhoused,qualified_alien,True,True
I am currently unemployed and have been looking for work for 15 months. I am renting a room in a shared house for $1379 per month. I live alone. I recently lost my employer-sponsored health insurance. I do not have legal immigration status.,0,0,0,0,0,207,unhoused,undocumented,True,False
I recently lost my job at a small business due to layoffs. I have been unhoused for 7 months and am staying in a shelter. I live alone. I recently lost my employer-sponsored health insurance.,0,0,0,0,0,163,staying_with_family,citizen,True,False
I receive disability benefits of $4392 per month and cannot work. I own my home but am struggling to keep up with the mortgage. I live with my partner. I am pregnant and currently uninsured.,0,0,0,0,0,366,renting,citizen,False,False
"I work 15 hours a week at retail shop, making $1848 monthly. I have been unhoused for 10 months and am staying in a shelter. I share an apartment with a roommate. I have a chronic condition (diabetes) that requires regular medication.",0,0,0,0,0,154,owned,citizen,False,False
"I work part-time at a retail shop earning about $528 per month. I own my home but am struggling to keep up with the mortgage. I am caring for my elderly father who lives with me. My child has diabetes and needs ongoing medical care. My electricity bill has been very high this winter, around $406 per month.",1,1,1,1,1,44,renting,citizen,True,True
I work part-time at a cleaning service earning about $2040 per month. I am renting a room in a shared house for $867 per month. I live with my spouse and 3 children. I am pregnant and currently uninsured. I am behind on my heating bills by $351. I do not have legal immigration status.,0,0,0,0,0,170,renting,undocumented,True,True
"I receive disability benefits of $1764 per month and cannot work. I am renting a room in a shared house for $1440 per month. I am a single parent with 4 kids. I have no health insurance. My electricity bill has been very high this winter, around $235 per month.",0,0,0,0,1,147,unhoused,citizen,True,True
"I am self-employed doing rideshare work, my income varies month to month. I am renting a room in a shared house for $1371 per month. I am a single parent with 4 kids. I have no health insurance.",1,1,0,0,0,128,renting,citizen,True,False
"I work part-time at a cleaning service earning about $1704 per month. I own my home but am struggling to keep up with the mortgage. My household includes myself, my partner, and our 4 children. I have been managing hypertension without proper medical care due to cost. I am a legal permanent resident and have been in the US for over 5 years.",0,0,0,0,0,142,renting,qualified_alien,True,False
I am currently unemployed and have been looking for work for 17 months. I am currently renting an apartment for $1100 per month. I live alone. I have no health insurance.,0,0,0,0,0,341,staying_with_family,citizen,False,False
"I receive disability benefits of $2052 per month and cannot work. I have been unhoused for 6 months and am staying in a shelter. I have 3 children ages 14, 1. I have a chronic condition (depression) that requires regular medication. My utility bills take up a large portion of my income.",0,0,0,0,0,171,owned,citizen,True,True
I work part-time at a cleaning service earning about $2004 per month. I recently became homeless after my landlord evicted me. I share an apartment with a roommate. I am pregnant and currently uninsured. I am behind on my heating bills by $484. I am a legal permanent resident and have been in the US for over 5 years.,0,0,0,0,0,167,staying_with_family,qualified_alien,False,True
"I am currently unemployed and have been looking for work for 17 months. I have been unhoused for 8 months and am staying in a shelter. I have 3 children ages 7, 14, 10. I recently lost my employer-sponsored health insurance. I struggle every month to pay my utility bills on time.",0,0,0,0,0,188,renting,citizen,True,True
I work part-time at a grocery store earning about $240 per month. I am currently renting an apartment for $1187 per month. I live with my spouse and 1 children. I am pregnant and currently uninsured. I do not have legal immigration status.,0,0,1,0,0,20,unhoused,undocumented,True,False
I recently lost my job at Amazon due to layoffs. I am staying with family temporarily as I cannot afford my own place. I share an apartment with a roommate. My child has diabetes and needs ongoing medical care. I received a shutoff notice for my gas service.,0,0,0,0,0,310,renting,citizen,False,True
I am a full-time caregiver for my father and have no outside income. I recently became homeless after my landlord evicted me. I live with my spouse and 4 children. I have no health insurance. My utility bills take up a large portion of my income. I am a legal permanent resident and have been in the US for over 5 years.,0,0,0,0,0,164,renting,qualified_alien,True,True
"I am self-employed doing rideshare work, my income varies month to month. I am renting a room in a shared house for $946 per month. I am a single parent with 1 kids. My child has diabetes and needs ongoing medical care.",0,0,0,0,0,294,unhoused,citizen,True,False
I receive disability benefits of $4572 per month and cannot work. I have been unhoused for 8 months and am staying in a shelter. I live with my spouse and 1 children. I have no health insurance. I struggle every month to pay my utility bills on time. I am a legal permanent resident and have been in the US for over 5 years.,0,0,0,0,0,381,owned,qualified_alien,True,True
I receive disability benefits of $3948 per month and cannot work. I own my home but am struggling to keep up with the mortgage. I live alone. I recently lost my employer-sponsored health insurance. I received a shutoff notice for my gas service.,0,0,0,0,0,329,owned,citizen,False,True
I am currently unemployed and have been looking for work for 13 months. I recently became homeless after my landlord evicted me. I share an apartment with a roommate. I am pregnant and currently uninsured. My utility bills take up a large portion of my income.,0,0,0,0,0,163,unhoused,citizen,False,True
"I receive disability benefits of $4464 per month and cannot work. I own my home but am struggling to keep up with the mortgage. I live with my partner. My child has hypertension and needs ongoing medical care. My electricity bill has been very high this winter, around $327 per month.",0,0,0,0,0,372,unhoused,citizen,False,True
"I am self-employed doing food delivery work, my income varies month to month. I recently became homeless after my landlord evicted me. I am a single parent with 4 kids. I recently lost my employer-sponsored health insurance. My utility bills take up a large portion of my income.",1,1,0,1,1,87,renting,citizen,True,True
"I am currently unemployed and have been looking for work for 3 months. I have been unhoused for 2 months and am staying in a shelter. I have 1 children ages 16, 4, 15. I am pregnant and currently uninsured. My electricity bill has been very high this winter, around $549 per month.",1,1,1,1,1,23,unhoused,citizen,True,True
I receive disability benefits of $2160 per month and cannot work. I am currently renting an apartment for $757 per month. I live with my partner. I have a chronic condition (asthma) that requires regular medication. I received a shutoff notice for my gas service. I do not have legal immigration status.,0,0,0,0,0,180,renting,undocumented,False,True
"I am a student and work part-time, earning around $2472 a month. I am currently renting an apartment for $1064 per month. I live alone. I am pregnant and currently uninsured. My electricity bill has been very high this winter, around $548 per month. I do not have legal immigration status.",0,0,0,0,0,206,unhoused,undocumented,True,True
"I am self-employed doing rideshare work, my income varies month to month. I am renting a room in a shared house for $817 per month. I have 3 children ages 1, 12, 12. I am pregnant and currently uninsured. My electricity bill has been very high this winter, around $236 per month.",1,1,0,0,1,111,staying_with_family,citizen,True,True
I work part-time at a cleaning service earning about $1164 per month. I have been unhoused for 5 months and am staying in a shelter. I live with my spouse and 4 children. I have been managing hypertension without proper medical care due to cost. I am a legal permanent resident and have been in the US for over 5 years.,1,1,0,0,0,97,unhoused,qualified_alien,True,False
"I work 10 hours a week at warehouse, making $1752 monthly. I am currently renting an apartment for $1045 per month. I live with my partner. I have no health insurance. I received a shutoff notice for my gas service.",0,0,0,0,1,146,unhoused,citizen,False,True
I receive disability benefits of $360 per month and cannot work. I am currently renting an apartment for $1470 per month. I live alone. I have no health insurance. I am behind on my heating bills by $173. I do not have legal immigration status.,0,0,1,0,1,30,unhoused,undocumented,False,True
"I work 20 hours a week at retail shop, making $2628 monthly. I have been unhoused for 2 months and am staying in a shelter. I live alone. My child has depression and needs ongoing medical care. I received a shutoff notice for my gas service.",0,0,0,0,0,219,staying_with_family,citizen,True,True
I am a full-time caregiver for my father and have no outside income. I am currently renting an apartment for $874 per month. I am caring for my elderly father who lives with me. I have a chronic condition (asthma) that requires regular medication. I struggle every month to pay my utility bills on time.,0,0,0,0,0,350,renting,citizen,True,True
I receive disability benefits of $4752 per month and cannot work. I own my home but am struggling to keep up with the mortgage. I am a single parent with 1 kids. I recently lost my employer-sponsored health insurance.,0,0,0,0,0,396,unhoused,citizen,True,False
"I am self-employed doing rideshare work, my income varies month to month. I have been unhoused for 9 months and am staying in a shelter. I live alone. I am pregnant and currently uninsured. I struggle every month to pay my utility bills on time.",0,0,0,0,0,190,staying_with_family,citizen,True,True
"I work 10 hours a week at retail shop, making $1260 monthly. I own my home but am struggling to keep up with the mortgage. I have 1 children ages 13, 7. My child has diabetes and needs ongoing medical care. I am behind on my heating bills by $323.",1,1,0,0,1,105,owned,citizen,True,True
"I work 10 hours a week at retail shop, making $3864 monthly. I am renting a room in a shared house for $1671 per month. I am caring for my elderly grandmother who lives with me. I have a chronic condition (hypertension) that requires regular medication.",0,0,0,0,0,322,unhoused,citizen,True,False
I recently lost my job at a small business due to layoffs. I own my home but am struggling to keep up with the mortgage. I live alone. My child has diabetes and needs ongoing medical care. I struggle every month to pay my utility bills on time. I do not have legal immigration status.,0,0,0,0,0,164,renting,undocumented,True,True
I am currently unemployed and have been looking for work for 8 months. I am staying with family temporarily as I cannot afford my own place. I live alone. My child has asthma and needs ongoing medical care. I am behind on my heating bills by $180.,0,0,0,0,0,194,owned,citizen,False,True
"I am a student and work part-time, earning around $1104 a month. I own my home but am struggling to keep up with the mortgage. I live with my partner. I recently lost my employer-sponsored health insurance.",1,1,0,0,0,92,staying_with_family,citizen,False,False
I am currently unemployed and have been looking for work for 12 months. I am renting a room in a shared house for $966 per month. I live alone. I recently lost my employer-sponsored health insurance. My utility bills take up a large portion of my income. I do not have legal immigration status.,0,0,0,0,0,178,owned,undocumented,False,True
"I work 25 hours a week at grocery store, making $972 monthly. I am staying with family temporarily as I cannot afford my own place. I have 4 children ages 11. I have no health insurance.",1,1,0,1,0,81,staying_with_family,citizen,True,False
"I work 20 hours a week at grocery store, making $1416 monthly. I own my home but am struggling to keep up with the mortgage. I live alone. I am pregnant and currently uninsured. My utility bills take up a large portion of my income. I am a legal permanent resident and have been in the US for over 5 years.",1,1,0,0,1,118,staying_with_family,qualified_alien,False,True
"I am a full-time caregiver for my father and have no outside income. I recently became homeless after my landlord evicted me. I have 1 children ages 4. I recently lost my employer-sponsored health insurance. My electricity bill has been very high this winter, around $302 per month.",1,1,0,1,1,67,unhoused,citizen,True,True
"I recently lost my job at a local restaurant due to layoffs. I own my home but am struggling to keep up with the mortgage. My household includes myself, my partner, and our 3 children. I have no health insurance. My utility bills take up a large portion of my income. I am a legal permanent resident and have been in the US for over 5 years.",1,1,0,0,1,117,staying_with_family,qualified_alien,True,True
I am currently unemployed and have been looking for work for 18 months. I am staying with family temporarily as I cannot afford my own place. I am a single parent with 2 kids. I am pregnant and currently uninsured. I am a legal permanent resident and have been in the US for over 5 years.,0,0,0,0,0,392,owned,qualified_alien,True,False
I recently lost my job at Amazon due to layoffs. I recently became homeless after my landlord evicted me. I live alone. I have no health insurance.,0,0,0,0,0,153,unhoused,citizen,False,False
I receive disability benefits of $1908 per month and cannot work. I have been unhoused for 7 months and am staying in a shelter. I live alone. I am pregnant and currently uninsured. I am behind on my heating bills by $153.,0,0,0,0,0,159,owned,citizen,False,True
I receive disability benefits of $1380 per month and cannot work. I own my home but am struggling to keep up with the mortgage. I am caring for my elderly mother who lives with me. I recently lost my employer-sponsored health insurance. I struggle every month to pay my utility bills on time.,1,1,0,0,1,115,renting,citizen,True,True
I recently lost my job at Target due to layoffs. I am currently renting an apartment for $1800 per month. I live alone. My child has depression and needs ongoing medical care.,0,0,0,0,0,189,owned,citizen,False,False
"I work 25 hours a week at retail shop, making $2712 monthly. I own my home but am struggling to keep up with the mortgage. My household includes myself, my partner, and our 1 children. I have no health insurance.",0,0,0,0,0,226,owned,citizen,True,False
I work part-time at a restaurant earning about $1812 per month. I have been unhoused for 5 months and am staying in a shelter. I live alone. I have been managing asthma without proper medical care due to cost.,0,0,0,0,0,151,owned,citizen,False,False
"I am a student and work part-time, earning around $1416 a month. I recently became homeless after my landlord evicted me. I have 1 children ages 8, 9, 11. I am pregnant and currently uninsured. My utility bills take up a large portion of my income. I do not have legal immigration status.",0,0,0,0,1,118,renting,undocumented,True,True
"I am self-employed doing handyman work, my income varies month to month. I have been unhoused for 3 months and am staying in a shelter. I live with my partner. My child has arthritis and needs ongoing medical care. I received a shutoff notice for my gas service.",0,0,0,0,0,398,staying_with_family,citizen,False,True
"I work 10 hours a week at warehouse, making $2364 monthly. I am renting a room in a shared house for $1145 per month. I live with my partner. I recently lost my employer-sponsored health insurance. I am behind on my heating bills by $335. I do not have legal immigration status.",0,0,0,0,0,197,unhoused,undocumented,False,True
I recently lost my job at Amazon due to layoffs. I recently became homeless after my landlord evicted me. I live with my partner. My child has asthma and needs ongoing medical care. My utility bills take up a large portion of my income. I do not have legal immigration status.,0,0,0,0,0,171,renting,undocumented,False,True
I receive disability benefits of $384 per month and cannot work. I recently became homeless after my landlord evicted me. I have 4 children ages 5. My child has diabetes and needs ongoing medical care.,1,1,1,1,0,32,renting,citizen,True,False
I receive disability benefits of $1644 per month and cannot work. I am currently renting an apartment for $1777 per month. I live alone. I have a chronic condition (asthma) that requires regular medication. My utility bills take up a large portion of my income.,0,1,0,0,1,137,staying_with_family,citizen,False,True
I am currently unemployed and have been looking for work for 2 months. I recently became homeless after my landlord evicted me. I live with my spouse and 3 children. My child has depression and needs ongoing medical care.,0,0,0,0,0,277,renting,citizen,True,False
"I am a student and work part-time, earning around $1068 a month. I own my home but am struggling to keep up with the mortgage. I share an apartment with a roommate. I have no health insurance. I am behind on my heating bills by $552.",1,1,0,0,1,89,owned,citizen,False,True
"I am self-employed doing freelance cleaning work, my income varies month to month. I recently became homeless after my landlord evicted me. I have 4 children ages 13, 12. My child has diabetes and needs ongoing medical care.",0,1,0,0,0,132,owned,citizen,True,False
"I work 10 hours a week at retail shop, making $1884 monthly. I am renting a room in a shared house for $1503 per month. I live alone. I recently lost my employer-sponsored health insurance. I am behind on my heating bills by $296. I do not have legal immigration status.",0,0,0,0,0,157,unhoused,undocumented,True,True
I receive disability benefits of $2244 per month and cannot work. I have been unhoused for 10 months and am staying in a shelter. I live alone. I recently lost my employer-sponsored health insurance.,0,0,0,0,0,187,owned,citizen,True,False
"I receive disability benefits of $876 per month and cannot work. I have been unhoused for 8 months and am staying in a shelter. I share an apartment with a roommate. I have a chronic condition (asthma) that requires regular medication. My electricity bill has been very high this winter, around $350 per month. I am a legal permanent resident and have been in the US for over 5 years.",1,1,0,0,1,73,owned,qualified_alien,False,True
I work part-time at a retail shop earning about $792 per month. I recently became homeless after my landlord evicted me. I live alone. I am pregnant and currently uninsured. I received a shutoff notice for my gas service. I do not have legal immigration status.,0,0,0,0,1,66,renting,undocumented,True,True
I am a full-time caregiver for my spouse and have no outside income. I own my home but am struggling to keep up with the mortgage. I am caring for my elderly grandmother who lives with me. I have a chronic condition (arthritis) that requires regular medication. My utility bills take up a large portion of my income. I do not have legal immigration status.,0,0,0,0,0,387,renting,undocumented,True,True
I receive disability benefits of $3792 per month and cannot work. I am staying with family temporarily as I cannot afford my own place. I live with my spouse and 1 children. I recently lost my employer-sponsored health insurance. I do not have legal immigration status.,0,0,0,0,0,316,unhoused,undocumented,True,False
"I am self-employed doing rideshare work, my income varies month to month. I recently became homeless after my landlord evicted me. I live with my spouse and 4 children. My child has arthritis and needs ongoing medical care. My utility bills take up a large portion of my income. I am a legal permanent resident and have been in the US for over 5 years.",1,1,0,0,1,108,renting,qualified_alien,True,True
"I work 25 hours a week at restaurant, making $2340 monthly. I recently became homeless after my landlord evicted me. I am a single parent with 1 kids. I have been managing depression without proper medical care due to cost. I am a legal permanent resident and have been in the US for over 5 years.",0,0,0,0,0,195,renting,qualified_alien,True,False
"I recently lost my job at a small business due to layoffs. I am staying with family temporarily as I cannot afford my own place. I live alone. I am pregnant and currently uninsured. My electricity bill has been very high this winter, around $494 per month. I am a legal permanent resident and have been in the US for over 5 years.",1,1,0,0,1,23,staying_with_family,qualified_alien,False,True
"I am self-employed doing handyman work, my income varies month to month. I own my home but am struggling to keep up with the mortgage. I am a single parent with 2 kids. I recently lost my employer-sponsored health insurance. My utility bills take up a large portion of my income. I am a legal permanent resident and have been in the US for over 5 years.",1,1,0,0,1,56,unhoused,qualified_alien,True,True
I am currently unemployed and have been looking for work for 4 months. I own my home but am struggling to keep up with the mortgage. I am caring for my elderly father who lives with me. I have a chronic condition (arthritis) that requires regular medication. My utility bills take up a large portion of my income.,1,1,0,1,1,96,owned,citizen,True,True
"I work part-time at a cleaning service earning about $2352 per month. I am currently renting an apartment for $1391 per month. I live with my spouse and 3 children. I am pregnant and currently uninsured. My electricity bill has been very high this winter, around $202 per month.",0,0,0,0,0,196,unhoused,citizen,True,True
I am currently unemployed and have been looking for work for 4 months. I have been unhoused for 8 months and am staying in a shelter. I live alone. I recently lost my employer-sponsored health insurance. My utility bills take up a large portion of my income.,1,1,0,0,1,122,renting,citizen,False,True
"I work 20 hours a week at warehouse, making $648 monthly. I recently became homeless after my landlord evicted me. I live alone. I am pregnant and currently uninsured. My utility bills take up a large portion of my income.",1,1,0,0,1,54,staying_with_family,citizen,False,True
"I work 15 hours a week at cleaning service, making $4380 monthly. I own my home but am struggling to keep up with the mortgage. I live alone. I am pregnant and currently uninsured. My utility bills take up a large portion of my income.",0,0,0,0,0,365,owned,citizen,False,True
"I work 15 hours a week at restaurant, making $876 monthly. I am renting a room in a shared house for $1381 per month. My household includes myself, my partner, and our 2 children. I have no health insurance. My electricity bill has been very high this winter, around $526 per month.",1,1,0,1,1,73,staying_with_family,citizen,True,True
I work part-time at a warehouse earning about $1188 per month. I am staying with family temporarily as I cannot afford my own place. I share an apartment with a roommate. My child has depression and needs ongoing medical care.,1,1,0,0,0,99,owned,citizen,False,False
"I am self-employed doing freelance cleaning work, my income varies month to month. I have been unhoused for 12 months and am staying in a shelter. I live with my partner. I have a chronic condition (arthritis) that requires regular medication. My electricity bill has been very high this winter, around $508 per month.",0,0,0,0,0,264,staying_with_family,citizen,False,True
"I receive disability benefits of $2136 per month and cannot work. I am renting a room in a shared house for $1525 per month. I have 3 children ages 13, 14. I recently lost my employer-sponsored health insurance. I am behind on my heating bills by $369.",0,0,0,0,0,178,renting,citizen,True,True
I receive disability benefits of $3828 per month and cannot work. I am renting a room in a shared house for $1674 per month. I live alone. I recently lost my employer-sponsored health insurance. My utility bills take up a large portion of my income. I do not have legal immigration status.,0,0,0,0,0,319,owned,undocumented,False,True
"I work 15 hours a week at warehouse, making $3684 monthly. I recently became homeless after my landlord evicted me. I have 3 children ages 16, 13, 15. My child has depression and needs ongoing medical care. My utility bills take up a large portion of my income. I am a legal permanent resident and have been in the US for over 5 years.",0,0,0,0,0,307,renting,qualified_alien,True,True
I receive disability benefits of $2232 per month and cannot work. I am currently renting an apartment for $916 per month. I live with my partner. I have no health insurance.,0,0,0,0,0,186,renting,citizen,False,False
I work part-time at a warehouse earning about $240 per month. I have been unhoused for 1 months and am staying in a shelter. I live alone. I am pregnant and currently uninsured. I struggle every month to pay my utility bills on time. I am a legal permanent resident and have been in the US for over 5 years.,1,1,0,0,1,20,staying_with_family,qualified_alien,False,True
I am a full-time caregiver for my mother and have no outside income. I have been unhoused for 1 months and am staying in a shelter. I am caring for my elderly mother who lives with me. I have no health insurance. I struggle every month to pay my utility bills on time. I do not have legal immigration status.,0,0,0,0,1,121,renting,undocumented,True,True
"I am currently unemployed and have been looking for work for 12 months. I recently became homeless after my landlord evicted me. My household includes myself, my partner, and our 1 children. I am pregnant and currently uninsured. My utility bills take up a large portion of my income.",0,0,0,0,1,144,staying_with_family,citizen,True,True
I recently lost my job at Amazon due to layoffs. I am renting a room in a shared house for $1246 per month. I live alone. My child has asthma and needs ongoing medical care.,0,0,0,0,0,168,unhoused,citizen,True,False
I recently lost my job at a local restaurant due to layoffs. I own my home but am struggling to keep up with the mortgage. I live with my partner. I have no health insurance. I received a shutoff notice for my gas service.,0,0,0,0,1,140,renting,citizen,False,True
"I am a student and work part-time, earning around $3252 a month. I have been unhoused for 1 months and am staying in a shelter. My household includes myself, my partner, and our 4 children. I have no health insurance. My electricity bill has been very high this winter, around $502 per month. I do not have legal immigration status.",0,0,0,0,0,271,owned,undocumented,True,True
I work part-time at a restaurant earning about $2676 per month. I am renting a room in a shared house for $750 per month. I am a single parent with 1 kids. I have been managing diabetes without proper medical care due to cost. I received a shutoff notice for my gas service.,0,0,0,0,0,223,unhoused,citizen,True,True
"I work 10 hours a week at retail shop, making $4608 monthly. I am currently renting an apartment for $1103 per month. My household includes myself, my partner, and our 3 children. I have a chronic condition (diabetes) that requires regular medication.",0,0,0,0,0,384,owned,citizen,True,False
"I work 20 hours a week at warehouse, making $1152 monthly. I am renting a room in a shared house for $1417 per month. I live with my partner. I have been managing diabetes without proper medical care due to cost. I do not have legal immigration status.",0,0,0,0,0,96,renting,undocumented,False,False
I am a full-time caregiver for my mother and have no outside income. I recently became homeless after my landlord evicted me. I share an apartment with a roommate. My child has asthma and needs ongoing medical care. I am behind on my heating bills by $178. I am a legal permanent resident and have been in the US for over 5 years.,1,1,0,0,1,62,unhoused,qualified_alien,False,True
"I work 15 hours a week at grocery store, making $2280 monthly. I recently became homeless after my landlord evicted me. My household includes myself, my partner, and our 1 children. I recently lost my employer-sponsored health insurance. I struggle every month to pay my utility bills on time. I do not have legal immigration status.",0,0,0,0,0,190,renting,undocumented,True,True
"I work 25 hours a week at warehouse, making $2076 monthly. I have been unhoused for 11 months and am staying in a shelter. I share an apartment with a roommate. I recently lost my employer-sponsored health insurance. I do not have legal immigration status.",0,0,0,0,0,173,owned,undocumented,False,False
I receive disability benefits of $4248 per month and cannot work. I own my home but am struggling to keep up with the mortgage. I live with my spouse and 1 children. My child has depression and needs ongoing medical care. I am a legal permanent resident and have been in the US for over 5 years.,0,0,0,0,0,354,renting,qualified_alien,True,False
"I am self-employed doing rideshare work, my income varies month to month. I am staying with family temporarily as I cannot afford my own place. I share an apartment with a roommate. My child has diabetes and needs ongoing medical care. I do not have legal immigration status.",0,0,0,0,0,89,owned,undocumented,False,False
"I work 10 hours a week at retail shop, making $396 monthly. I recently became homeless after my landlord evicted me. I live alone. I have been managing depression without proper medical care due to cost.",1,1,0,0,0,33,owned,citizen,False,False
"I recently lost my job at Amazon due to layoffs. I am currently renting an apartment for $1137 per month. I have 2 children ages 12, 15. I am pregnant and currently uninsured. I am behind on my heating bills by $589.",1,1,1,1,1,37,renting,citizen,True,True
"I recently lost my job at a small business due to layoffs. I have been unhoused for 1 months and am staying in a shelter. I am a single parent with 3 kids. I am pregnant and currently uninsured. My electricity bill has been very high this winter, around $435 per month. I do not have legal immigration status.",0,0,1,0,1,27,renting,undocumented,True,True
I receive disability benefits of $4608 per month and cannot work. I recently became homeless after my landlord evicted me. I live alone. My child has depression and needs ongoing medical care.,0,0,0,0,0,384,owned,citizen,True,False
I am currently unemployed and have been looking for work for 10 months. I am staying with family temporarily as I cannot afford my own place. I live alone. I recently lost my employer-sponsored health insurance.,0,0,0,0,0,227,unhoused,citizen,True,False
I am currently unemployed and have been looking for work for 12 months. I am staying with family temporarily as I cannot afford my own place. I live alone. My child has arthritis and needs ongoing medical care. I received a shutoff notice for my gas service. I am a legal permanent resident and have been in the US for over 5 years.,1,1,0,0,1,24,staying_with_family,qualified_alien,True,True
"I am a student and work part-time, earning around $1968 a month. I am renting a room in a shared house for $1778 per month. I live with my spouse and 4 children. I have a chronic condition (depression) that requires regular medication. My electricity bill has been very high this winter, around $433 per month.",0,0,0,0,0,164,unhoused,citizen,True,True
"I am currently unemployed and have been looking for work for 12 months. I recently became homeless after my landlord evicted me. My household includes myself, my partner, and our 1 children. I have no health insurance. I am behind on my heating bills by $233. I do not have legal immigration status.",0,0,0,0,0,383,owned,undocumented,True,True
"I am a student and work part-time, earning around $3732 a month. I am currently renting an apartment for $981 per month. I live alone. I have a chronic condition (asthma) that requires regular medication. I am behind on my heating bills by $567.",0,0,0,0,0,311,unhoused,citizen,False,True
"I recently lost my job at a local restaurant due to layoffs. I am staying with family temporarily as I cannot afford my own place. I share an apartment with a roommate. I have no health insurance. My electricity bill has been very high this winter, around $183 per month.",1,1,0,0,1,110,owned,citizen,False,True
"I am a student and work part-time, earning around $1440 a month. I have been unhoused for 6 months and am staying in a shelter. I live with my partner. I have been managing hypertension without proper medical care due to cost. I am behind on my heating bills by $349.",1,1,0,0,1,120,owned,citizen,False,True
I am currently unemployed and have been looking for work for 13 months. I own my home but am struggling to keep up with the mortgage. I live with my spouse and 4 children. I have no health insurance. I do not have legal immigration status.,0,0,1,0,0,23,unhoused,undocumented,True,False
"I am currently unemployed and have been looking for work for 15 months. I own my home but am struggling to keep up with the mortgage. I am caring for my elderly mother who lives with me. I have been managing hypertension without proper medical care due to cost. My electricity bill has been very high this winter, around $522 per month. I am a legal permanent resident and have been in the US for over 5 years.",1,1,0,0,1,76,staying_with_family,qualified_alien,True,True
"I work 25 hours a week at restaurant, making $2292 monthly. I am staying with family temporarily as I cannot afford my own place. I live alone. I recently lost my employer-sponsored health insurance.",0,0,0,0,0,191,renting,citizen,True,False
"I am a student and work part-time, earning around $4356 a month. I am staying with family temporarily as I cannot afford my own place. I live with my spouse and 3 children. I am pregnant and currently uninsured. I am a legal permanent resident and have been in the US for over 5 years.",0,0,0,0,0,363,owned,qualified_alien,True,False
"I work 15 hours a week at warehouse, making $2052 monthly. I have been unhoused for 2 months and am staying in a shelter. I have 1 children ages 3. I have no health insurance. My utility bills take up a large portion of my income.",0,0,0,0,0,171,unhoused,citizen,True,True
I recently lost my job at a local restaurant due to layoffs. I recently became homeless after my landlord evicted me. I live with my partner. I have been managing depression without proper medical care due to cost. My utility bills take up a large portion of my income.,1,1,0,0,1,55,renting,citizen,False,True
"I am a student and work part-time, earning around $1020 a month. I am currently renting an apartment for $1387 per month. I live alone. My child has arthritis and needs ongoing medical care. My utility bills take up a large portion of my income.",1,1,0,1,1,85,unhoused,citizen,True,True
"I work 25 hours a week at cleaning service, making $2172 monthly. I am staying with family temporarily as I cannot afford my own place. I live alone. My child has asthma and needs ongoing medical care. My electricity bill has been very high this winter, around $200 per month. I am a legal permanent resident and have been in the US for over 5 years.",0,0,0,0,0,181,staying_with_family,qualified_alien,True,True
"I work 20 hours a week at restaurant, making $3384 monthly. I am staying with family temporarily as I cannot afford my own place. I live with my partner. I have a chronic condition (diabetes) that requires regular medication. My electricity bill has been very high this winter, around $176 per month.",0,0,0,0,0,282,staying_with_family,citizen,False,True
"I work 10 hours a week at restaurant, making $3444 monthly. I am staying with family temporarily as I cannot afford my own place. I am a single parent with 1 kids. I recently lost my employer-sponsored health insurance. My utility bills take up a large portion of my income.",0,0,0,0,0,287,unhoused,citizen,True,True
"I am a student and work part-time, earning around $1380 a month. I have been unhoused for 3 months and am staying in a shelter. I have 4 children ages 6. I have been managing hypertension without proper medical care due to cost. My electricity bill has been very high this winter, around $426 per month. I am a legal permanent resident and have been in the US for over 5 years.",1,1,0,0,1,115,owned,qualified_alien,True,True
I am currently unemployed and have been looking for work for 14 months. I have been unhoused for 3 months and am staying in a shelter. I share an apartment with a roommate. I have a chronic condition (diabetes) that requires regular medication. I am behind on my heating bills by $335.,1,1,0,0,1,59,owned,citizen,False,True
I am a full-time caregiver for my father and have no outside income. I recently became homeless after my landlord evicted me. I am a single parent with 1 kids. My child has diabetes and needs ongoing medical care. I am behind on my heating bills by $517.,1,1,0,1,1,44,owned,citizen,True,True
I recently lost my job at a local restaurant due to layoffs. I have been unhoused for 1 months and am staying in a shelter. I live alone. I have no health insurance. I struggle every month to pay my utility bills on time.,1,1,0,0,1,59,unhoused,citizen,False,True
"I work part-time at a grocery store earning about $4044 per month. I am currently renting an apartment for $1625 per month. My household includes myself, my partner, and our 2 children. I am pregnant and currently uninsured. I am behind on my heating bills by $275.",0,0,0,0,0,337,staying_with_family,citizen,True,True
"I receive disability benefits of $2928 per month and cannot work. I am staying with family temporarily as I cannot afford my own place. I have 1 children ages 13, 6. I recently lost my employer-sponsored health insurance. I received a shutoff notice for my gas service.",0,0,0,0,0,244,renting,citizen,True,True
"I am a full-time caregiver for my mother and have no outside income. I am staying with family temporarily as I cannot afford my own place. I have 2 children ages 16, 4, 15. I am pregnant and currently uninsured. My electricity bill has been very high this winter, around $227 per month.",1,1,0,0,1,114,owned,citizen,True,True
"I am a student and work part-time, earning around $912 a month. I have been unhoused for 2 months and am staying in a shelter. I share an apartment with a roommate. My child has depression and needs ongoing medical care. I am a legal permanent resident and have been in the US for over 5 years.",1,1,0,0,0,76,renting,qualified_alien,False,False
I work part-time at a cleaning service earning about $612 per month. I am currently renting an apartment for $1742 per month. I am a single parent with 3 kids. I recently lost my employer-sponsored health insurance. I received a shutoff notice for my gas service. I am a legal permanent resident and have been in the US for over 5 years.,1,1,0,0,1,51,renting,qualified_alien,True,True
I recently lost my job at a small business due to layoffs. I recently became homeless after my landlord evicted me. I am a single parent with 1 kids. I have no health insurance. I am behind on my heating bills by $567.,1,1,0,1,1,52,unhoused,citizen,True,True
"I am a student and work part-time, earning around $2424 a month. I am renting a room in a shared house for $1073 per month. I live with my partner. I have been managing arthritis without proper medical care due to cost. I do not have legal immigration status.",0,0,0,0,0,202,staying_with_family,undocumented,False,False
"I am a student and work part-time, earning around $4272 a month. I have been unhoused for 1 months and am staying in a shelter. I live with my spouse and 4 children. I have been managing asthma without proper medical care due to cost.",0,0,0,0,0,356,renting,citizen,True,False
I recently lost my job at a small business due to layoffs. I have been unhoused for 1 months and am staying in a shelter. I am a single parent with 3 kids. I have no health insurance. I am a legal permanent resident and have been in the US for over 5 years.,1,1,0,0,0,26,owned,qualified_alien,True,False
I am currently unemployed and have been looking for work for 7 months. I own my home but am struggling to keep up with the mortgage. I live alone. I have no health insurance. I am behind on my heating bills by $477.,1,1,0,1,1,76,unhoused,citizen,True,True
I receive disability benefits of $3504 per month and cannot work. I am currently renting an apartment for $1484 per month. I live alone. I am pregnant and currently uninsured. I struggle every month to pay my utility bills on time.,0,0,0,0,0,292,owned,citizen,False,True
"I am a student and work part-time, earning around $1344 a month. I am renting a room in a shared house for $1405 per month. My household includes myself, my partner, and our 2 children. I am pregnant and currently uninsured. I received a shutoff notice for my gas service.",1,1,0,0,1,112,renting,citizen,True,True
I work part-time at a restaurant earning about $1920 per month. I am currently renting an apartment for $1555 per month. I am a single parent with 3 kids. I recently lost my employer-sponsored health insurance. I received a shutoff notice for my gas service. I am a legal permanent resident and have been in the US for over 5 years.,0,0,0,0,0,160,renting,qualified_alien,True,True
I work part-time at a grocery store earning about $2112 per month. I am staying with family temporarily as I cannot afford my own place. I share an apartment with a roommate. I have been managing diabetes without proper medical care due to cost. I struggle every month to pay my utility bills on time. I am a legal permanent resident and have been in the US for over 5 years.,0,0,0,0,0,176,renting,qualified_alien,False,True
"I am currently unemployed and have been looking for work for 9 months. I am currently renting an apartment for $863 per month. My household includes myself, my partner, and our 2 children. I have no health insurance. I struggle every month to pay my utility bills on time.",1,1,0,1,1,85,owned,citizen,True,True
"I work 25 hours a week at retail shop, making $4176 monthly. I own my home but am struggling to keep up with the mortgage. I have 3 children ages 13, 8, 9. I have no health insurance.",0,0,0,0,0,348,unhoused,citizen,True,False
"I am self-employed doing handyman work, my income varies month to month. I am renting a room in a shared house for $633 per month. I live with my spouse and 4 children. I have a chronic condition (hypertension) that requires regular medication. I do not have legal immigration status.",0,0,0,0,0,89,owned,undocumented,True,False
I am a full-time caregiver for my father and have no outside income. I have been unhoused for 7 months and am staying in a shelter. I live alone. I have no health insurance. I do not have legal immigration status.,0,0,0,0,0,146,renting,undocumented,False,False
"I am a full-time caregiver for my spouse and have no outside income. I am staying with family temporarily as I cannot afford my own place. I live with my partner. My child has hypertension and needs ongoing medical care. My electricity bill has been very high this winter, around $302 per month.",1,1,0,0,1,96,staying_with_family,citizen,False,True
I work part-time at a restaurant earning about $1608 per month. I am staying with family temporarily as I cannot afford my own place. I am caring for my elderly mother who lives with me. I recently lost my employer-sponsored health insurance. I received a shutoff notice for my gas service.,0,1,0,0,1,134,renting,citizen,True,True
I work part-time at a restaurant earning about $3552 per month. I am currently renting an apartment for $874 per month. I live alone. I recently lost my employer-sponsored health insurance. I do not have legal immigration status.,0,0,0,0,0,296,owned,undocumented,True,False
I am currently unemployed and have been looking for work for 2 months. I am staying with family temporarily as I cannot afford my own place. I am a single parent with 1 kids. My child has depression and needs ongoing medical care. My utility bills take up a large portion of my income.,1,1,0,1,1,51,unhoused,citizen,True,True
"I work 15 hours a week at restaurant, making $2448 monthly. I own my home but am struggling to keep up with the mortgage. My household includes myself, my partner, and our 1 children. I have been managing asthma without proper medical care due to cost. I do not have legal immigration status.",0,0,0,0,0,204,renting,undocumented,True,False
I recently lost my job at Target due to layoffs. I recently became homeless after my landlord evicted me. I live alone. I have been managing hypertension without proper medical care due to cost.,0,0,0,0,0,140,unhoused,citizen,False,False
"I work 10 hours a week at grocery store, making $936 monthly. I have been unhoused for 3 months and am staying in a shelter. I live alone. I have been managing arthritis without proper medical care due to cost.",1,1,0,1,0,78,renting,citizen,True,False
"I recently lost my job at Amazon due to layoffs. I recently became homeless after my landlord evicted me. My household includes myself, my partner, and our 1 children. I have a chronic condition (arthritis) that requires regular medication.",0,0,0,0,0,148,renting,citizen,True,False
"I work 20 hours a week at warehouse, making $468 monthly. I own my home but am struggling to keep up with the mortgage. I have 2 children ages 6, 13. I have a chronic condition (arthritis) that requires regular medication. I struggle every month to pay my utility bills on time.",1,1,1,1,1,39,unhoused,citizen,True,True
I am a full-time caregiver for my father and have no outside income. I recently became homeless after my landlord evicted me. I share an apartment with a roommate. I have been managing hypertension without proper medical care due to cost. I am behind on my heating bills by $468.,0,0,0,0,0,268,staying_with_family,citizen,False,True
"I work 25 hours a week at restaurant, making $600 monthly. I am staying with family temporarily as I cannot afford my own place. My household includes myself, my partner, and our 1 children. I have a chronic condition (depression) that requires regular medication. I received a shutoff notice for my gas service.",1,1,0,1,1,50,owned,citizen,True,True
"I am a full-time caregiver for my spouse and have no outside income. I am renting a room in a shared house for $1729 per month. My household includes myself, my partner, and our 2 children. I have been managing depression without proper medical care due to cost. I struggle every month to pay my utility bills on time.",0,0,0,0,0,178,staying_with_family,citizen,True,True
"I work 20 hours a week at cleaning service, making $3444 monthly. I recently became homeless after my landlord evicted me. I am caring for my elderly father who lives with me. I have no health insurance. My utility bills take up a large portion of my income.",0,0,0,0,0,287,renting,citizen,True,True
I work part-time at a retail shop earning about $1404 per month. I am staying with family temporarily as I cannot afford my own place. I live alone. My child has asthma and needs ongoing medical care. I struggle every month to pay my utility bills on time. I am a legal permanent resident and have been in the US for over 5 years.,1,1,0,0,1,117,renting,qualified_alien,False,True
"I am a student and work part-time, earning around $600 a month. I am staying with family temporarily as I cannot afford my own place. I live alone. My child has asthma and needs ongoing medical care. I received a shutoff notice for my gas service.",1,1,1,1,1,50,renting,citizen,True,True
I work part-time at a warehouse earning about $1824 per month. I am renting a room in a shared house for $1137 per month. I share an apartment with a roommate. I have no health insurance. I am behind on my heating bills by $478. I am a legal permanent resident and have been in the US for over 5 years.,0,0,0,0,0,152,owned,qualified_alien,False,True
"I am currently unemployed and have been looking for work for 14 months. I am renting a room in a shared house for $827 per month. I live alone. I am pregnant and currently uninsured. My electricity bill has been very high this winter, around $355 per month.",0,0,0,0,0,180,staying_with_family,citizen,True,True
I receive disability benefits of $1944 per month and cannot work. I have been unhoused for 2 months and am staying in a shelter. I live with my partner. I have no health insurance.,0,0,0,0,0,162,renting,citizen,False,False
"I work part-time at a cleaning service earning about $648 per month. I have been unhoused for 11 months and am staying in a shelter. My household includes myself, my partner, and our 1 children. I have been managing asthma without proper medical care due to cost. I am a legal permanent resident and have been in the US for over 5 years.",1,1,0,0,0,54,renting,qualified_alien,True,False
I am currently unemployed and have been looking for work for 3 months. I am currently renting an apartment for $1010 per month. I share an apartment with a roommate. I have been managing hypertension without proper medical care due to cost. I received a shutoff notice for my gas service.,0,0,0,0,0,336,staying_with_family,citizen,False,True
I work part-time at a cleaning service earning about $1656 per month. I am currently renting an apartment for $1263 per month. I live alone. I have been managing diabetes without proper medical care due to cost. I struggle every month to pay my utility bills on time.,0,1,0,0,1,138,unhoused,citizen,False,True
I am currently unemployed and have been looking for work for 6 months. I am staying with family temporarily as I cannot afford my own place. I share an apartment with a roommate. I have a chronic condition (hypertension) that requires regular medication. I am behind on my heating bills by $398.,0,0,0,0,1,143,renting,citizen,False,True
"I work 15 hours a week at retail shop, making $1500 monthly. I am currently renting an apartment for $676 per month. I live with my spouse and 3 children. I have a chronic condition (asthma) that requires regular medication. I am behind on my heating bills by $478. I am a legal permanent resident and have been in the US for over 5 years.",1,1,0,0,1,125,staying_with_family,qualified_alien,True,True
I am a full-time caregiver for my mother and have no outside income. I own my home but am struggling to keep up with the mortgage. I live with my partner. I have a chronic condition (asthma) that requires regular medication. I received a shutoff notice for my gas service.,1,1,1,0,1,29,renting,citizen,False,True
"I am a student and work part-time, earning around $2328 a month. I am renting a room in a shared house for $1178 per month. I share an apartment with a roommate. I am pregnant and currently uninsured. My electricity bill has been very high this winter, around $165 per month.",0,0,0,0,0,194,renting,citizen,False,True
I receive disability benefits of $3732 per month and cannot work. I own my home but am struggling to keep up with the mortgage. I share an apartment with a roommate. I have a chronic condition (depression) that requires regular medication. I received a shutoff notice for my gas service. I am a legal permanent resident and have been in the US for over 5 years.,0,0,0,0,0,311,owned,qualified_alien,False,True
"I receive disability benefits of $432 per month and cannot work. I have been unhoused for 12 months and am staying in a shelter. I share an apartment with a roommate. My child has diabetes and needs ongoing medical care. My electricity bill has been very high this winter, around $151 per month.",1,1,1,0,1,36,renting,citizen,False,True
"I am currently unemployed and have been looking for work for 16 months. I have been unhoused for 3 months and am staying in a shelter. I have 2 children ages 5, 6, 6. I recently lost my employer-sponsored health insurance. My electricity bill has been very high this winter, around $424 per month.",1,1,0,1,1,60,owned,citizen,True,True
I am currently unemployed and have been looking for work for 9 months. I am currently renting an apartment for $1067 per month. I live alone. I have no health insurance. I do not have legal immigration status.,0,0,0,0,0,111,owned,undocumented,True,False
I work part-time at a retail shop earning about $1212 per month. I am staying with family temporarily as I cannot afford my own place. I live alone. I have a chronic condition (asthma) that requires regular medication. I received a shutoff notice for my gas service.,1,1,0,0,1,101,unhoused,citizen,True,True
"I am a student and work part-time, earning around $708 a month. I am renting a room in a shared house for $1737 per month. I have 1 children ages 8, 12. I am pregnant and currently uninsured. I am behind on my heating bills by $387.",1,1,0,1,1,59,owned,citizen,True,True
"I am a student and work part-time, earning around $1416 a month. I am renting a room in a shared house for $1261 per month. I live with my spouse and 3 children. I am pregnant and currently uninsured. I struggle every month to pay my utility bills on time.",1,1,0,0,1,118,renting,citizen,True,True
"I work 25 hours a week at retail shop, making $1644 monthly. I own my home but am struggling to keep up with the mortgage. I have 4 children ages 12, 15. I have no health insurance. I received a shutoff notice for my gas service.",0,1,0,0,1,137,owned,citizen,True,True
I recently lost my job at Amazon due to layoffs. I recently became homeless after my landlord evicted me. I am caring for my elderly father who lives with me. My child has depression and needs ongoing medical care. I am behind on my heating bills by $315.,0,0,0,0,0,258,renting,citizen,True,True
I receive disability benefits of $972 per month and cannot work. I recently became homeless after my landlord evicted me. I live alone. I have no health insurance.,1,1,0,1,0,81,unhoused,citizen,True,False
"I work 20 hours a week at warehouse, making $2052 monthly. I am currently renting an apartment for $1089 per month. I live alone. I have been managing asthma without proper medical care due to cost. My utility bills take up a large portion of my income. I am a legal permanent resident and have been in the US for over 5 years.",0,0,0,0,0,171,renting,qualified_alien,False,True
I recently lost my job at Target due to layoffs. I am staying with family temporarily as I cannot afford my own place. I live alone. I have been managing arthritis without proper medical care due to cost. My utility bills take up a large portion of my income.,1,1,0,0,1,124,unhoused,citizen,False,True
I receive disability benefits of $1716 per month and cannot work. I recently became homeless after my landlord evicted me. I live alone. My child has depression and needs ongoing medical care. I do not have legal immigration status.,0,0,0,0,0,143,unhoused,undocumented,False,False
"I am self-employed doing rideshare work, my income varies month to month. I have been unhoused for 3 months and am staying in a shelter. I have 1 children ages 4, 2. I am pregnant and currently uninsured. I am behind on my heating bills by $258.",0,0,0,0,0,202,unhoused,citizen,True,True
I am currently unemployed and have been looking for work for 6 months. I am staying with family temporarily as I cannot afford my own place. I live with my partner. I have been managing hypertension without proper medical care due to cost. I do not have legal immigration status.,0,0,0,0,0,326,renting,undocumented,False,False
I recently lost my job at a local restaurant due to layoffs. I recently became homeless after my landlord evicted me. I live with my partner. I have been managing depression without proper medical care due to cost. I struggle every month to pay my utility bills on time. I do not have legal immigration status.,0,0,0,0,1,139,owned,undocumented,False,True
"I am self-employed doing freelance cleaning work, my income varies month to month. I recently became homeless after my landlord evicted me. I share an apartment with a roommate. My child has depression and needs ongoing medical care.",0,0,0,0,0,140,staying_with_family,citizen,False,False
"I work 10 hours a week at warehouse, making $564 monthly. I recently became homeless after my landlord evicted me. I am caring for my elderly mother who lives with me. I recently lost my employer-sponsored health insurance. My electricity bill has been very high this winter, around $495 per month.",1,1,0,1,1,47,owned,citizen,True,True
"I work 15 hours a week at restaurant, making $4332 monthly. I recently became homeless after my landlord evicted me. I am caring for my elderly father who lives with me. I have been managing arthritis without proper medical care due to cost. I received a shutoff notice for my gas service. I am a legal permanent resident and have been in the US for over 5 years.",0,0,0,0,0,361,renting,qualified_alien,True,True
I receive disability benefits of $3084 per month and cannot work. I have been unhoused for 10 months and am staying in a shelter. I share an apartment with a roommate. I am pregnant and currently uninsured.,0,0,0,0,0,257,renting,citizen,False,False
"I work 25 hours a week at cleaning service, making $1152 monthly. I recently became homeless after my landlord evicted me. I live with my partner. I have been managing arthritis without proper medical care due to cost. I am behind on my heating bills by $560. I am a legal permanent resident and have been in the US for over 5 years.",1,1,0,0,1,96,owned,qualified_alien,False,True
I work part-time at a restaurant earning about $756 per month. I recently became homeless after my landlord evicted me. I am a single parent with 2 kids. I have no health insurance.,1,1,0,1,0,63,owned,citizen,True,False
"I work 20 hours a week at retail shop, making $1992 monthly. I own my home but am struggling to keep up with the mortgage. I am caring for my elderly father who lives with me. I am pregnant and currently uninsured. I received a shutoff notice for my gas service.",0,0,0,0,0,166,unhoused,citizen,True,True
"I work 15 hours a week at retail shop, making $984 monthly. I am currently renting an apartment for $1463 per month. I live with my spouse and 4 children. I have a chronic condition (diabetes) that requires regular medication. My utility bills take up a large portion of my income.",1,1,0,1,1,82,owned,citizen,True,True
"I work 15 hours a week at grocery store, making $1896 monthly. I own my home but am struggling to keep up with the mortgage. I share an apartment with a roommate. I have been managing diabetes without proper medical care due to cost.",0,0,0,0,0,158,unhoused,citizen,False,False
I am currently unemployed and have been looking for work for 15 months. I have been unhoused for 9 months and am staying in a shelter. I share an apartment with a roommate. I recently lost my employer-sponsored health insurance. I am behind on my heating bills by $377.,0,0,0,0,0,386,unhoused,citizen,False,True
"I am a student and work part-time, earning around $732 a month. I recently became homeless after my landlord evicted me. I live alone. I am pregnant and currently uninsured. I am behind on my heating bills by $152.",1,1,0,0,1,61,owned,citizen,False,True
I recently lost my job at Target due to layoffs. I own my home but am struggling to keep up with the mortgage. I live alone. I am pregnant and currently uninsured. My utility bills take up a large portion of my income. I do not have legal immigration status.,0,0,1,0,1,27,renting,undocumented,False,True
"I receive disability benefits of $1344 per month and cannot work. I have been unhoused for 12 months and am staying in a shelter. I live alone. I am pregnant and currently uninsured. My electricity bill has been very high this winter, around $438 per month.",1,1,0,0,1,112,staying_with_family,citizen,True,True
"I work part-time at a restaurant earning about $948 per month. I recently became homeless after my landlord evicted me. My household includes myself, my partner, and our 1 children. I have a chronic condition (diabetes) that requires regular medication.",1,1,0,1,0,79,renting,citizen,True,False
I am a full-time caregiver for my father and have no outside income. I have been unhoused for 6 months and am staying in a shelter. I live with my partner. I am pregnant and currently uninsured. I am behind on my heating bills by $171. I do not have legal immigration status.,0,0,0,0,0,290,staying_with_family,undocumented,False,True
"I am a student and work part-time, earning around $2724 a month. I own my home but am struggling to keep up with the mortgage. I share an apartment with a roommate. I am pregnant and currently uninsured. I am a legal permanent resident and have been in the US for over 5 years.",0,0,0,0,0,227,owned,qualified_alien,False,False
"I work 10 hours a week at cleaning service, making $732 monthly. I am renting a room in a shared house for $1562 per month. I live with my partner. I have a chronic condition (arthritis) that requires regular medication. My utility bills take up a large portion of my income.",1,1,0,0,1,61,staying_with_family,citizen,False,True
I am a full-time caregiver for my father and have no outside income. I recently became homeless after my landlord evicted me. I am caring for my elderly grandmother who lives with me. I recently lost my employer-sponsored health insurance. I received a shutoff notice for my gas service.,1,1,0,1,1,62,staying_with_family,citizen,True,True
I work part-time at a retail shop earning about $1152 per month. I have been unhoused for 5 months and am staying in a shelter. I live with my partner. My child has arthritis and needs ongoing medical care. I struggle every month to pay my utility bills on time.,1,1,0,0,1,96,owned,citizen,False,True
I recently lost my job at a small business due to layoffs. I am renting a room in a shared house for $1054 per month. I am a single parent with 1 kids. I recently lost my employer-sponsored health insurance. I received a shutoff notice for my gas service.,1,1,0,1,1,94,renting,citizen,True,True
"I am a student and work part-time, earning around $2424 a month. I own my home but am struggling to keep up with the mortgage. My household includes myself, my partner, and our 1 children. I have a chronic condition (asthma) that requires regular medication. I struggle every month to pay my utility bills on time.",0,0,0,0,0,202,unhoused,citizen,True,True
"I am currently unemployed and have been looking for work for 5 months. I have been unhoused for 4 months and am staying in a shelter. My household includes myself, my partner, and our 1 children. I have no health insurance. I am a legal permanent resident and have been in the US for over 5 years.",1,1,0,0,0,52,renting,qualified_alien,True,False
I am a full-time caregiver for my mother and have no outside income. I am renting a room in a shared house for $1373 per month. I live alone. I recently lost my employer-sponsored health insurance. I received a shutoff notice for my gas service. I am a legal permanent resident and have been in the US for over 5 years.,0,0,0,0,0,231,renting,qualified_alien,False,True
"I am a full-time caregiver for my mother and have no outside income. I am renting a room in a shared house for $755 per month. I have 1 children ages 1, 12. I have a chronic condition (depression) that requires regular medication. I am behind on my heating bills by $365.",1,1,0,0,1,120,owned,citizen,True,True
"I work part-time at a grocery store earning about $3432 per month. I am currently renting an apartment for $1632 per month. I have 4 children ages 7, 9. I have a chronic condition (arthritis) that requires regular medication. I struggle every month to pay my utility bills on time.",0,0,0,0,0,286,renting,citizen,True,True
I recently lost my job at a small business due to layoffs. I own my home but am struggling to keep up with the mortgage. I am caring for my elderly mother who lives with me. I have no health insurance.,0,0,0,0,0,159,unhoused,citizen,True,False
I receive disability benefits of $4428 per month and cannot work. I own my home but am struggling to keep up with the mortgage. I live alone. I have no health insurance. I am behind on my heating bills by $160.,0,0,0,0,0,369,staying_with_family,citizen,False,True
I am a full-time caregiver for my father and have no outside income. I recently became homeless after my landlord evicted me. I live alone. I have been managing asthma without proper medical care due to cost. I am behind on my heating bills by $313.,0,1,0,0,1,137,staying_with_family,citizen,False,True
I am currently unemployed and have been looking for work for 2 months. I am currently renting an apartment for $607 per month. I am caring for my elderly father who lives with me. I have been managing hypertension without proper medical care due to cost.,1,1,0,0,0,107,renting,citizen,True,False
I receive disability benefits of $1224 per month and cannot work. I own my home but am struggling to keep up with the mortgage. I am caring for my elderly grandmother who lives with me. I have been managing depression without proper medical care due to cost. I do not have legal immigration status.,0,0,0,0,0,102,renting,undocumented,True,False
"I am a full-time caregiver for my spouse and have no outside income. I am renting a room in a shared house for $1034 per month. My household includes myself, my partner, and our 2 children. I recently lost my employer-sponsored health insurance. I struggle every month to pay my utility bills on time.",0,0,0,0,0,175,staying_with_family,citizen,True,True
"I am a student and work part-time, earning around $624 a month. I own my home but am struggling to keep up with the mortgage. I live alone. I am pregnant and currently uninsured. I am behind on my heating bills by $359.",1,1,0,1,1,52,owned,citizen,True,True
I recently lost my job at Target due to layoffs. I own my home but am struggling to keep up with the mortgage. I am caring for my elderly mother who lives with me. My child has hypertension and needs ongoing medical care. I am behind on my heating bills by $245.,0,0,0,0,0,186,renting,citizen,True,True
"I am a full-time caregiver for my spouse and have no outside income. I own my home but am struggling to keep up with the mortgage. I have 4 children ages 16, 13. I have no health insurance.",1,1,0,1,0,55,staying_with_family,citizen,True,False
I receive disability benefits of $876 per month and cannot work. I am renting a room in a shared house for $1793 per month. I am caring for my elderly father who lives with me. I have a chronic condition (diabetes) that requires regular medication. My utility bills take up a large portion of my income.,1,1,0,1,1,73,owned,citizen,True,True
I am currently unemployed and have been looking for work for 1 months. I recently became homeless after my landlord evicted me. I live with my spouse and 4 children. I recently lost my employer-sponsored health insurance. I am behind on my heating bills by $451.,0,0,0,0,0,279,renting,citizen,True,True
I am currently unemployed and have been looking for work for 16 months. I recently became homeless after my landlord evicted me. I live alone. I recently lost my employer-sponsored health insurance. I am behind on my heating bills by $358.,1,1,0,0,1,82,owned,citizen,False,True
"I am a student and work part-time, earning around $696 a month. I recently became homeless after my landlord evicted me. I am a single parent with 4 kids. I have been managing hypertension without proper medical care due to cost.",1,1,0,1,0,58,staying_with_family,citizen,True,False
I am a full-time caregiver for my spouse and have no outside income. I own my home but am struggling to keep up with the mortgage. I share an apartment with a roommate. I have a chronic condition (hypertension) that requires regular medication. I received a shutoff notice for my gas service.,1,1,0,0,1,21,owned,citizen,False,True
"I work 15 hours a week at cleaning service, making $3264 monthly. I am renting a room in a shared house for $1068 per month. I am a single parent with 4 kids. My child has depression and needs ongoing medical care. I received a shutoff notice for my gas service. I do not have legal immigration status.",0,0,0,0,0,272,staying_with_family,undocumented,True,True
"I receive disability benefits of $2496 per month and cannot work. I am staying with family temporarily as I cannot afford my own place. My household includes myself, my partner, and our 3 children. I have a chronic condition (hypertension) that requires regular medication.",0,0,0,0,0,208,staying_with_family,citizen,True,False
I am currently unemployed and have been looking for work for 2 months. I am staying with family temporarily as I cannot afford my own place. I share an apartment with a roommate. My child has depression and needs ongoing medical care. I am behind on my heating bills by $528. I do not have legal immigration status.,0,0,0,0,1,71,unhoused,undocumented,False,True
"I work 20 hours a week at restaurant, making $2052 monthly. I recently became homeless after my landlord evicted me. My household includes myself, my partner, and our 1 children. I recently lost my employer-sponsored health insurance.",0,0,0,0,0,171,renting,citizen,True,False
"I am self-employed doing food delivery work, my income varies month to month. I recently became homeless after my landlord evicted me. I have 2 children ages 12, 1, 9. My child has hypertension and needs ongoing medical care. I am behind on my heating bills by $385.",1,1,0,1,1,100,renting,citizen,True,True
I am currently unemployed and have been looking for work for 17 months. I recently became homeless after my landlord evicted me. I am a single parent with 3 kids. My child has diabetes and needs ongoing medical care. My utility bills take up a large portion of my income.,0,0,0,0,0,342,staying_with_family,citizen,True,True
"I receive disability benefits of $1452 per month and cannot work. I am currently renting an apartment for $1455 per month. I live with my partner. I recently lost my employer-sponsored health insurance. My electricity bill has been very high this winter, around $362 per month.",1,1,0,0,1,121,owned,citizen,False,True
I work part-time at a retail shop earning about $1944 per month. I have been unhoused for 3 months and am staying in a shelter. I live with my spouse and 1 children. I recently lost my employer-sponsored health insurance.,0,0,0,0,0,162,staying_with_family,citizen,True,False
"I am self-employed doing handyman work, my income varies month to month. I have been unhoused for 12 months and am staying in a shelter. I am a single parent with 2 kids. I recently lost my employer-sponsored health insurance. I do not have legal immigration status.",0,0,0,0,0,120,renting,undocumented,True,False
I work part-time at a warehouse earning about $1104 per month. I am staying with family temporarily as I cannot afford my own place. I am a single parent with 1 kids. I recently lost my employer-sponsored health insurance. I am behind on my heating bills by $391.,1,1,0,1,1,92,renting,citizen,True,True
I am a full-time caregiver for my mother and have no outside income. I am currently renting an apartment for $1667 per month. I have 3 children ages 14. I have a chronic condition (asthma) that requires regular medication.,0,0,0,0,0,314,staying_with_family,citizen,True,False
I am a full-time caregiver for my spouse and have no outside income. I am staying with family temporarily as I cannot afford my own place. I live alone. My child has asthma and needs ongoing medical care. I am behind on my heating bills by $410. I am a legal permanent resident and have been in the US for over 5 years.,1,1,0,0,1,86,staying_with_family,qualified_alien,False,True
I recently lost my job at Target due to layoffs. I own my home but am struggling to keep up with the mortgage. I live with my spouse and 4 children. I recently lost my employer-sponsored health insurance. My utility bills take up a large portion of my income. I do not have legal immigration status.,0,0,1,0,1,27,renting,undocumented,True,True
I work part-time at a warehouse earning about $1572 per month. I am currently renting an apartment for $621 per month. I live alone. I am pregnant and currently uninsured. I am behind on my heating bills by $531. I do not have legal immigration status.,0,0,0,0,1,131,owned,undocumented,True,True
I am currently unemployed and have been looking for work for 8 months. I own my home but am struggling to keep up with the mortgage. I live with my partner. I have a chronic condition (diabetes) that requires regular medication. My utility bills take up a large portion of my income. I do not have legal immigration status.,0,0,0,0,1,100,owned,undocumented,False,True
"I recently lost my job at Amazon due to layoffs. I am staying with family temporarily as I cannot afford my own place. I live with my spouse and 1 children. I recently lost my employer-sponsored health insurance. My electricity bill has been very high this winter, around $270 per month.",1,1,0,1,1,66,renting,citizen,True,True
I work part-time at a cleaning service earning about $1476 per month. I am currently renting an apartment for $1086 per month. I am caring for my elderly grandmother who lives with me. I have no health insurance. My utility bills take up a large portion of my income.,1,1,0,0,1,123,unhoused,citizen,True,True
"I work part-time at a grocery store earning about $3720 per month. I am currently renting an apartment for $1488 per month. I live with my partner. I am pregnant and currently uninsured. My electricity bill has been very high this winter, around $556 per month.",0,0,0,0,0,310,unhoused,citizen,False,True
I am a full-time caregiver for my father and have no outside income. I have been unhoused for 7 months and am staying in a shelter. I share an apartment with a roommate. My child has asthma and needs ongoing medical care.,0,0,0,0,0,199,renting,citizen,False,False
I work part-time at a retail shop earning about $3444 per month. I own my home but am struggling to keep up with the mortgage. I live with my partner. My child has diabetes and needs ongoing medical care. I am behind on my heating bills by $529. I do not have legal immigration status.,0,0,0,0,0,287,renting,undocumented,False,True
"I am a student and work part-time, earning around $4788 a month. I recently became homeless after my landlord evicted me. I share an apartment with a roommate. I have been managing hypertension without proper medical care due to cost. I struggle every month to pay my utility bills on time.",0,0,0,0,0,399,unhoused,citizen,False,True
I receive disability benefits of $1200 per month and cannot work. I have been unhoused for 11 months and am staying in a shelter. I share an apartment with a roommate. I have no health insurance. I am a legal permanent resident and have been in the US for over 5 years.,1,1,0,0,0,100,staying_with_family,qualified_alien,False,False
"I work 25 hours a week at retail shop, making $372 monthly. I own my home but am struggling to keep up with the mortgage. I live with my spouse and 4 children. I am pregnant and currently uninsured. I do not have legal immigration status.",0,0,0,0,0,31,staying_with_family,undocumented,True,False
"I am self-employed doing freelance cleaning work, my income varies month to month. I am staying with family temporarily as I cannot afford my own place. My household includes myself, my partner, and our 2 children. I am pregnant and currently uninsured. I received a shutoff notice for my gas service. I am a legal permanent resident and have been in the US for over 5 years.",0,1,0,0,1,131,unhoused,qualified_alien,True,True
"I recently lost my job at Amazon due to layoffs. I am renting a room in a shared house for $833 per month. My household includes myself, my partner, and our 4 children. My child has arthritis and needs ongoing medical care.",1,1,0,1,0,97,renting,citizen,True,False
"I am currently unemployed and have been looking for work for 11 months. I am currently renting an apartment for $1171 per month. I live with my spouse and 3 children. I am pregnant and currently uninsured. My electricity bill has been very high this winter, around $154 per month.",0,0,0,0,0,197,staying_with_family,citizen,True,True
I work part-time at a cleaning service earning about $2328 per month. I am staying with family temporarily as I cannot afford my own place. I live with my partner. I am pregnant and currently uninsured. My utility bills take up a large portion of my income.,0,0,0,0,0,194,staying_with_family,citizen,False,True
"I am currently unemployed and have been looking for work for 13 months. I recently became homeless after my landlord evicted me. I live alone. I have been managing asthma without proper medical care due to cost. My electricity bill has been very high this winter, around $349 per month. I do not have legal immigration status.",0,0,1,0,1,33,unhoused,undocumented,True,True
I am a full-time caregiver for my spouse and have no outside income. I am renting a room in a shared house for $715 per month. I live with my spouse and 2 children. I have a chronic condition (arthritis) that requires regular medication. I am behind on my heating bills by $324.,1,1,1,1,1,34,unhoused,citizen,True,True
"I am self-employed doing freelance cleaning work, my income varies month to month. I have been unhoused for 10 months and am staying in a shelter. My household includes myself, my partner, and our 2 children. My child has asthma and needs ongoing medical care. My electricity bill has been very high this winter, around $569 per month. I am a legal permanent resident and have been in the US for over 5 years.",1,1,0,0,1,64,unhoused,qualified_alien,True,True
I receive disability benefits of $780 per month and cannot work. I am staying with family temporarily as I cannot afford my own place. I live with my partner. I recently lost my employer-sponsored health insurance. My utility bills take up a large portion of my income. I do not have legal immigration status.,0,0,0,0,1,65,renting,undocumented,False,True
"I receive disability benefits of $4248 per month and cannot work. I am currently renting an apartment for $1751 per month. I share an apartment with a roommate. I am pregnant and currently uninsured. My electricity bill has been very high this winter, around $385 per month. I do not have legal immigration status.",0,0,0,0,0,354,owned,undocumented,False,True
"I am self-employed doing food delivery work, my income varies month to month. I am currently renting an apartment for $1579 per month. I have 1 children ages 8, 10. I have been managing asthma without proper medical care due to cost. I am a legal permanent resident and have been in the US for over 5 years.",1,1,0,0,0,50,staying_with_family,qualified_alien,True,False
"I am self-employed doing food delivery work, my income varies month to month. I have been unhoused for 1 months and am staying in a shelter. I live alone. I have a chronic condition (arthritis) that requires regular medication. I received a shutoff notice for my gas service.",1,1,0,1,1,89,owned,citizen,True,True
"I am a student and work part-time, earning around $1608 a month. I am currently renting an apartment for $1288 per month. I live with my partner. I have no health insurance. My utility bills take up a large portion of my income.",0,1,0,0,1,134,unhoused,citizen,False,True
"I recently lost my job at Amazon due to layoffs. I am currently renting an apartment for $744 per month. My household includes myself, my partner, and our 2 children. I have a chronic condition (asthma) that requires regular medication. My utility bills take up a large portion of my income.",1,1,0,1,1,100,renting,citizen,True,True
"I work 15 hours a week at warehouse, making $3144 monthly. I own my home but am struggling to keep up with the mortgage. I live with my partner. I have no health insurance. My utility bills take up a large portion of my income. I am a legal permanent resident and have been in the US for over 5 years.",0,0,0,0,0,262,staying_with_family,qualified_alien,False,True
I recently lost my job at a small business due to layoffs. I recently became homeless after my landlord evicted me. I live with my partner. I recently lost my employer-sponsored health insurance. I received a shutoff notice for my gas service.,1,1,0,0,1,93,owned,citizen,False,True
"I work 25 hours a week at cleaning service, making $1920 monthly. I have been unhoused for 5 months and am staying in a shelter. I live alone. I have been managing arthritis without proper medical care due to cost. I am behind on my heating bills by $346. I am a legal permanent resident and have been in the US for over 5 years.",0,0,0,0,0,160,unhoused,qualified_alien,False,True
I am currently unemployed and have been looking for work for 12 months. I am currently renting an apartment for $1109 per month. I live with my partner. I am pregnant and currently uninsured.,0,0,0,0,0,148,owned,citizen,False,False
I work part-time at a cleaning service earning about $456 per month. I am renting a room in a shared house for $1296 per month. I live alone. I am pregnant and currently uninsured. I am a legal permanent resident and have been in the US for over 5 years.,1,1,0,0,0,38,staying_with_family,qualified_alien,False,False
"I am a student and work part-time, earning around $1896 a month. I recently became homeless after my landlord evicted me. My household includes myself, my partner, and our 1 children. I am pregnant and currently uninsured. My electricity bill has been very high this winter, around $191 per month. I am a legal permanent resident and have been in the US for over 5 years.",0,0,0,0,0,158,staying_with_family,qualified_alien,True,True
I am a full-time caregiver for my mother and have no outside income. I am renting a room in a shared house for $1634 per month. I live alone. I have been managing diabetes without proper medical care due to cost. I struggle every month to pay my utility bills on time.,0,0,0,0,0,158,staying_with_family,citizen,False,True
I am a full-time caregiver for my father and have no outside income. I am currently renting an apartment for $1286 per month. I live with my spouse and 2 children. I recently lost my employer-sponsored health insurance. I am behind on my heating bills by $557.,1,1,0,1,1,99,unhoused,citizen,True,True
I recently lost my job at Target due to layoffs. I recently became homeless after my landlord evicted me. I live with my partner. I am pregnant and currently uninsured. I struggle every month to pay my utility bills on time. I am a legal permanent resident and have been in the US for over 5 years.,1,1,0,0,1,108,owned,qualified_alien,False,True
"I work 10 hours a week at restaurant, making $2364 monthly. I am currently renting an apartment for $644 per month. I have 4 children ages 13, 11, 3. I have been managing asthma without proper medical care due to cost. My electricity bill has been very high this winter, around $538 per month. I am a legal permanent resident and have been in the US for over 5 years.",0,0,0,0,0,197,unhoused,qualified_alien,True,True
"I am a student and work part-time, earning around $1464 a month. I am currently renting an apartment for $997 per month. I live with my partner. I recently lost my employer-sponsored health insurance. I received a shutoff notice for my gas service. I am a legal permanent resident and have been in the US for over 5 years.",1,1,0,0,1,122,staying_with_family,qualified_alien,False,True
I recently lost my job at a local restaurant due to layoffs. I own my home but am struggling to keep up with the mortgage. I live alone. I have no health insurance.,0,0,0,0,0,304,unhoused,citizen,False,False
"I work 10 hours a week at retail shop, making $3828 monthly. I am renting a room in a shared house for $1735 per month. I live with my spouse and 4 children. I have a chronic condition (hypertension) that requires regular medication. I am behind on my heating bills by $296.",0,0,0,0,0,319,staying_with_family,citizen,True,True
"I am currently unemployed and have been looking for work for 8 months. I own my home but am struggling to keep up with the mortgage. I am a single parent with 2 kids. My child has hypertension and needs ongoing medical care. My electricity bill has been very high this winter, around $307 per month. I am a legal permanent resident and have been in the US for over 5 years.",0,0,0,0,0,173,unhoused,qualified_alien,True,True
"I am self-employed doing rideshare work, my income varies month to month. I have been unhoused for 7 months and am staying in a shelter. I live with my partner. My child has hypertension and needs ongoing medical care. My utility bills take up a large portion of my income.",0,0,0,0,0,175,renting,citizen,False,True
"I am a full-time caregiver for my mother and have no outside income. I recently became homeless after my landlord evicted me. I live with my spouse and 1 children. I have no health insurance. My electricity bill has been very high this winter, around $185 per month.",0,0,0,0,0,168,owned,citizen,True,True
"I work 20 hours a week at grocery store, making $1944 monthly. I am staying with family temporarily as I cannot afford my own place. I live with my partner. My child has diabetes and needs ongoing medical care. I received a shutoff notice for my gas service.",0,0,0,0,0,162,staying_with_family,citizen,False,True
"I am a student and work part-time, earning around $468 a month. I have been unhoused for 6 months and am staying in a shelter. I live with my spouse and 3 children. I have been managing asthma without proper medical care due to cost. I do not have legal immigration status.",0,0,0,0,0,39,staying_with_family,undocumented,True,False
I am currently unemployed and have been looking for work for 11 months. I am staying with family temporarily as I cannot afford my own place. I live alone. I have a chronic condition (diabetes) that requires regular medication. I am a legal permanent resident and have been in the US for over 5 years.,1,1,0,0,0,95,unhoused,qualified_alien,False,False
"I am self-employed doing freelance cleaning work, my income varies month to month. I recently became homeless after my landlord evicted me. I have 3 children ages 10, 10. I have no health insurance. I received a shutoff notice for my gas service.",0,0,0,0,0,300,renting,citizen,True,True
I am a full-time caregiver for my father and have no outside income. I own my home but am struggling to keep up with the mortgage. I have 1 children ages 12. I am pregnant and currently uninsured. I do not have legal immigration status.,0,0,0,0,0,99,unhoused,undocumented,True,False
I am a full-time caregiver for my spouse and have no outside income. I am staying with family temporarily as I cannot afford my own place. I am caring for my elderly grandmother who lives with me. I have been managing diabetes without proper medical care due to cost. I am behind on my heating bills by $433.,0,0,0,0,0,176,unhoused,citizen,True,True
"I am self-employed doing food delivery work, my income varies month to month. I am renting a room in a shared house for $787 per month. I share an apartment with a roommate. I have no health insurance. I am behind on my heating bills by $422. I am a legal permanent resident and have been in the US for over 5 years.",1,1,0,0,1,44,staying_with_family,qualified_alien,False,True
I recently lost my job at a local restaurant due to layoffs. I am renting a room in a shared house for $808 per month. I live alone. I have a chronic condition (diabetes) that requires regular medication. I do not have legal immigration status.,0,0,0,0,0,180,unhoused,undocumented,True,False
I am a full-time caregiver for my mother and have no outside income. I am staying with family temporarily as I cannot afford my own place. I live with my partner. I have no health insurance. I struggle every month to pay my utility bills on time.,1,1,0,0,1,99,unhoused,citizen,False,True
I am a full-time caregiver for my spouse and have no outside income. I have been unhoused for 5 months and am staying in a shelter. I live alone. I am pregnant and currently uninsured. I received a shutoff notice for my gas service. I do not have legal immigration status.,0,0,0,0,0,213,owned,undocumented,True,True
"I work 10 hours a week at cleaning service, making $276 monthly. I recently became homeless after my landlord evicted me. I live alone. I recently lost my employer-sponsored health insurance.",1,1,1,0,0,23,renting,citizen,False,False
I work part-time at a restaurant earning about $1536 per month. I am renting a room in a shared house for $1381 per month. I live alone. I have no health insurance. I do not have legal immigration status.,0,0,0,0,0,128,staying_with_family,undocumented,True,False
"I am a student and work part-time, earning around $1920 a month. I recently became homeless after my landlord evicted me. I am caring for my elderly mother who lives with me. I am pregnant and currently uninsured. My electricity bill has been very high this winter, around $224 per month.",0,0,0,0,0,160,staying_with_family,citizen,True,True
"I am currently unemployed and have been looking for work for 5 months. I have been unhoused for 1 months and am staying in a shelter. I live alone. I recently lost my employer-sponsored health insurance. My electricity bill has been very high this winter, around $364 per month.",0,0,0,0,1,142,unhoused,citizen,False,True
I am a full-time caregiver for my spouse and have no outside income. I am renting a room in a shared house for $1796 per month. I am a single parent with 4 kids. I have no health insurance. I received a shutoff notice for my gas service. I am a legal permanent resident and have been in the US for over 5 years.,0,0,0,0,0,169,staying_with_family,qualified_alien,True,True
"I work 15 hours a week at retail shop, making $1236 monthly. I recently became homeless after my landlord evicted me. My household includes myself, my partner, and our 2 children. I have no health insurance. My utility bills take up a large portion of my income. I do not have legal immigration status.",0,0,0,0,1,103,staying_with_family,undocumented,True,True
"I am self-employed doing freelance cleaning work, my income varies month to month. I recently became homeless after my landlord evicted me. I am caring for my elderly father who lives with me. I have no health insurance. My electricity bill has been very high this winter, around $282 per month.",0,0,0,0,0,192,staying_with_family,citizen,True,True
I am a full-time caregiver for my spouse and have no outside income. I have been unhoused for 3 months and am staying in a shelter. I share an apartment with a roommate. I have been managing depression without proper medical care due to cost. I am a legal permanent resident and have been in the US for over 5 years.,1,1,0,0,0,117,owned,qualified_alien,False,False
I recently lost my job at Target due to layoffs. I am renting a room in a shared house for $603 per month. I share an apartment with a roommate. I recently lost my employer-sponsored health insurance. I am behind on my heating bills by $341.,0,0,0,0,0,331,staying_with_family,citizen,False,True
"I work 25 hours a week at retail shop, making $2232 monthly. I have been unhoused for 4 months and am staying in a shelter. I live with my spouse and 3 children. I recently lost my employer-sponsored health insurance. I am behind on my heating bills by $332. I do not have legal immigration status.",0,0,0,0,0,186,staying_with_family,undocumented,True,True
"I am a student and work part-time, earning around $1692 a month. I am currently renting an apartment for $1196 per month. I live with my spouse and 2 children. I have been managing diabetes without proper medical care due to cost.",0,0,0,0,0,141,owned,citizen,True,False
"I am a full-time caregiver for my spouse and have no outside income. I own my home but am struggling to keep up with the mortgage. I share an apartment with a roommate. My child has asthma and needs ongoing medical care. My electricity bill has been very high this winter, around $564 per month.",0,0,0,0,0,194,owned,citizen,False,True
I am currently unemployed and have been looking for work for 3 months. I am staying with family temporarily as I cannot afford my own place. I live with my partner. I am pregnant and currently uninsured.,1,1,0,0,0,117,renting,citizen,False,False
I receive disability benefits of $3876 per month and cannot work. I am staying with family temporarily as I cannot afford my own place. I share an apartment with a roommate. I have no health insurance. I received a shutoff notice for my gas service. I do not have legal immigration status.,0,0,0,0,0,323,staying_with_family,undocumented,False,True
I receive disability benefits of $3552 per month and cannot work. I am staying with family temporarily as I cannot afford my own place. I share an apartment with a roommate. My child has depression and needs ongoing medical care. I received a shutoff notice for my gas service. I am a legal permanent resident and have been in the US for over 5 years.,0,0,0,0,0,296,staying_with_family,qualified_alien,False,True
I receive disability benefits of $1272 per month and cannot work. I recently became homeless after my landlord evicted me. I am a single parent with 1 kids. I have a chronic condition (asthma) that requires regular medication. My utility bills take up a large portion of my income.,1,1,0,0,1,106,renting,citizen,True,True
"I work 20 hours a week at retail shop, making $2328 monthly. I own my home but am struggling to keep up with the mortgage. I live with my partner. I have been managing depression without proper medical care due to cost. My electricity bill has been very high this winter, around $378 per month. I do not have legal immigration status.",0,0,0,0,0,194,owned,undocumented,False,True
I work part-time at a retail shop earning about $1596 per month. I am renting a room in a shared house for $1167 per month. I live alone. I have no health insurance. I received a shutoff notice for my gas service. I do not have legal immigration status.,0,0,0,0,1,133,renting,undocumented,True,True
"I work 25 hours a week at retail shop, making $1104 monthly. I have been unhoused for 5 months and am staying in a shelter. My household includes myself, my partner, and our 3 children. I am pregnant and currently uninsured. I struggle every month to pay my utility bills on time. I do not have legal immigration status.",0,0,0,0,1,92,owned,undocumented,True,True
"I work 15 hours a week at restaurant, making $492 monthly. I am renting a room in a shared house for $1549 per month. I live alone. I have been managing hypertension without proper medical care due to cost. I do not have legal immigration status.",0,0,0,0,0,41,owned,undocumented,True,False
I receive disability benefits of $1920 per month and cannot work. I own my home but am struggling to keep up with the mortgage. I live with my spouse and 3 children. I have a chronic condition (depression) that requires regular medication. I received a shutoff notice for my gas service.,0,0,0,0,0,160,owned,citizen,True,True
"I am self-employed doing freelance cleaning work, my income varies month to month. I am currently renting an apartment for $1792 per month. I live with my spouse and 3 children. My child has depression and needs ongoing medical care. My electricity bill has been very high this winter, around $229 per month.",0,0,0,0,0,173,staying_with_family,citizen,True,True
I receive disability benefits of $840 per month and cannot work. I have been unhoused for 10 months and am staying in a shelter. I live with my partner. I have been managing diabetes without proper medical care due to cost. I am a legal permanent resident and have been in the US for over 5 years.,1,1,0,0,0,70,unhoused,qualified_alien,False,False
I am a full-time caregiver for my father and have no outside income. I recently became homeless after my landlord evicted me. I live alone. My child has diabetes and needs ongoing medical care. I am behind on my heating bills by $461.,0,0,0,0,0,372,unhoused,citizen,False,True
I am currently unemployed and have been looking for work for 4 months. I recently became homeless after my landlord evicted me. I live alone. I have been managing diabetes without proper medical care due to cost.,1,1,0,1,0,72,staying_with_family,citizen,True,False
"I work 15 hours a week at retail shop, making $1800 monthly. I own my home but am struggling to keep up with the mortgage. My household includes myself, my partner, and our 3 children. My child has asthma and needs ongoing medical care. I am behind on my heating bills by $423. I do not have legal immigration status.",0,0,0,0,1,150,unhoused,undocumented,True,True
"I am self-employed doing food delivery work, my income varies month to month. I own my home but am struggling to keep up with the mortgage. I live with my spouse and 3 children. I recently lost my employer-sponsored health insurance. I struggle every month to pay my utility bills on time.",1,1,0,1,1,54,unhoused,citizen,True,True
I am currently unemployed and have been looking for work for 2 months. I am renting a room in a shared house for $914 per month. I live alone. I have been managing depression without proper medical care due to cost. I do not have legal immigration status.,0,0,0,0,0,69,owned,undocumented,True,False
"I work 15 hours a week at grocery store, making $852 monthly. I am currently renting an apartment for $1140 per month. My household includes myself, my partner, and our 2 children. I have no health insurance. I struggle every month to pay my utility bills on time. I do not have legal immigration status.",0,0,0,0,1,71,unhoused,undocumented,True,True
I receive disability benefits of $1788 per month and cannot work. I have been unhoused for 5 months and am staying in a shelter. I live alone. My child has depression and needs ongoing medical care.,0,0,0,0,0,149,staying_with_family,citizen,True,False
I work part-time at a retail shop earning about $1596 per month. I have been unhoused for 2 months and am staying in a shelter. I live with my partner. My child has asthma and needs ongoing medical care. I am behind on my heating bills by $164.,0,1,0,0,1,133,unhoused,citizen,False,True
I work part-time at a warehouse earning about $1020 per month. I am currently renting an apartment for $1000 per month. I share an apartment with a roommate. My child has depression and needs ongoing medical care. I received a shutoff notice for my gas service.,1,1,0,0,1,85,unhoused,citizen,False,True
"I am self-employed doing freelance cleaning work, my income varies month to month. I own my home but am struggling to keep up with the mortgage. I live alone. I have been managing depression without proper medical care due to cost. I am behind on my heating bills by $198. I am a legal permanent resident and have been in the US for over 5 years.",1,1,0,0,1,78,staying_with_family,qualified_alien,False,True
"I am self-employed doing handyman work, my income varies month to month. I have been unhoused for 5 months and am staying in a shelter. I share an apartment with a roommate. My child has depression and needs ongoing medical care. I received a shutoff notice for my gas service.",0,0,0,0,0,273,renting,citizen,False,True
I receive disability benefits of $684 per month and cannot work. I am staying with family temporarily as I cannot afford my own place. I live alone. I have a chronic condition (arthritis) that requires regular medication.,1,1,0,1,0,57,owned,citizen,True,False
I recently lost my job at Target due to layoffs. I own my home but am struggling to keep up with the mortgage. I have 4 children ages 5. I have no health insurance. My utility bills take up a large portion of my income. I am a legal permanent resident and have been in the US for over 5 years.,1,1,0,0,1,87,staying_with_family,qualified_alien,True,True
"I am self-employed doing freelance cleaning work, my income varies month to month. I am renting a room in a shared house for $769 per month. I live with my spouse and 3 children. My child has hypertension and needs ongoing medical care.",0,0,0,0,0,341,owned,citizen,True,False
I work part-time at a grocery store earning about $1164 per month. I am currently renting an apartment for $1770 per month. I live with my partner. I am pregnant and currently uninsured.,1,1,0,0,0,97,owned,citizen,False,False
"I am a student and work part-time, earning around $1584 a month. I own my home but am struggling to keep up with the mortgage. I am a single parent with 1 kids. My child has diabetes and needs ongoing medical care. I received a shutoff notice for my gas service.",0,1,0,0,1,132,staying_with_family,citizen,True,True
I work part-time at a retail shop earning about $2400 per month. I own my home but am struggling to keep up with the mortgage. I live with my partner. I have a chronic condition (asthma) that requires regular medication. I received a shutoff notice for my gas service.,0,0,0,0,0,200,unhoused,citizen,False,True
"I am self-employed doing handyman work, my income varies month to month. I have been unhoused for 2 months and am staying in a shelter. I live alone. My child has asthma and needs ongoing medical care. I am a legal permanent resident and have been in the US for over 5 years.",1,1,0,0,0,122,renting,qualified_alien,True,False
I recently lost my job at a small business due to layoffs. I own my home but am struggling to keep up with the mortgage. I live alone. My child has hypertension and needs ongoing medical care. I received a shutoff notice for my gas service.,0,0,0,0,0,200,staying_with_family,citizen,True,True
I recently lost my job at Target due to layoffs. I recently became homeless after my landlord evicted me. I am caring for my elderly grandmother who lives with me. My child has diabetes and needs ongoing medical care. I struggle every month to pay my utility bills on time. I do not have legal immigration status.,0,0,0,0,0,288,unhoused,undocumented,True,True
"I am a student and work part-time, earning around $4404 a month. I am renting a room in a shared house for $1367 per month. I live alone. My child has depression and needs ongoing medical care. My utility bills take up a large portion of my income.",0,0,0,0,0,367,renting,citizen,True,True
"I work part-time at a cleaning service earning about $912 per month. I am currently renting an apartment for $1433 per month. My household includes myself, my partner, and our 2 children. I recently lost my employer-sponsored health insurance. My electricity bill has been very high this winter, around $553 per month. I am a legal permanent resident and have been in the US for over 5 years.",1,1,0,0,1,76,renting,qualified_alien,True,True
"I am currently unemployed and have been looking for work for 13 months. I am renting a room in a shared house for $1304 per month. I have 2 children ages 15, 13. I recently lost my employer-sponsored health insurance. I received a shutoff notice for my gas service.",0,0,0,0,0,160,staying_with_family,citizen,True,True
I receive disability benefits of $3156 per month and cannot work. I am staying with family temporarily as I cannot afford my own place. I am caring for my elderly father who lives with me. I have a chronic condition (asthma) that requires regular medication. My utility bills take up a large portion of my income.,0,0,0,0,0,263,renting,citizen,True,True
"I am a student and work part-time, earning around $3768 a month. I am staying with family temporarily as I cannot afford my own place. I share an apartment with a roommate. I am pregnant and currently uninsured. I am behind on my heating bills by $212.",0,0,0,0,0,314,owned,citizen,False,True
"I am self-employed doing handyman work, my income varies month to month. I own my home but am struggling to keep up with the mortgage. I live alone. I have a chronic condition (asthma) that requires regular medication. I received a shutoff notice for my gas service. I do not have legal immigration status.",0,0,0,0,1,35,owned,undocumented,False,True
"I work 10 hours a week at warehouse, making $516 monthly. I am currently renting an apartment for $639 per month. I live alone. I have been managing diabetes without proper medical care due to cost. I am behind on my heating bills by $419. I do not have legal immigration status.",0,0,0,0,1,43,staying_with_family,undocumented,False,True
I am currently unemployed and have been looking for work for 3 months. I am currently renting an apartment for $1415 per month. I share an apartment with a roommate. My child has arthritis and needs ongoing medical care.,1,1,0,0,0,51,unhoused,citizen,False,False
"I am currently unemployed and have been looking for work for 4 months. I have been unhoused for 1 months and am staying in a shelter. I live alone. I have been managing depression without proper medical care due to cost. My electricity bill has been very high this winter, around $396 per month. I am a legal permanent resident and have been in the US for over 5 years.",0,0,0,0,1,139,staying_with_family,qualified_alien,False,True
"I am a student and work part-time, earning around $1560 a month. I am currently renting an apartment for $780 per month. I am a single parent with 4 kids. My child has diabetes and needs ongoing medical care. I received a shutoff notice for my gas service.",1,1,0,0,1,130,unhoused,citizen,True,True
I work part-time at a retail shop earning about $744 per month. I am staying with family temporarily as I cannot afford my own place. I share an apartment with a roommate. I recently lost my employer-sponsored health insurance.,1,1,0,0,0,62,staying_with_family,citizen,False,False
"I am a student and work part-time, earning around $1800 a month. I am staying with family temporarily as I cannot afford my own place. I share an apartment with a roommate. I have been managing hypertension without proper medical care due to cost.",0,0,0,0,0,150,unhoused,citizen,False,False
I recently lost my job at a local restaurant due to layoffs. I am currently renting an apartment for $1234 per month. I am a single parent with 4 kids. My child has asthma and needs ongoing medical care. I do not have legal immigration status.,0,0,0,0,0,220,unhoused,undocumented,True,False
"I am a student and work part-time, earning around $1428 a month. I have been unhoused for 4 months and am staying in a shelter. I share an apartment with a roommate. I have a chronic condition (asthma) that requires regular medication. I received a shutoff notice for my gas service.",1,1,0,0,1,119,renting,citizen,False,True
"I am a student and work part-time, earning around $3996 a month. I recently became homeless after my landlord evicted me. I am caring for my elderly grandmother who lives with me. I have been managing diabetes without proper medical care due to cost. I received a shutoff notice for my gas service. I do not have legal immigration status.",0,0,0,0,0,333,unhoused,undocumented,True,True
"I work 25 hours a week at retail shop, making $456 monthly. I have been unhoused for 7 months and am staying in a shelter. I live with my partner. I have been managing asthma without proper medical care due to cost. I am behind on my heating bills by $337. I do not have legal immigration status.",0,0,1,0,1,38,renting,undocumented,False,True
I work part-time at a grocery store earning about $1428 per month. I am staying with family temporarily as I cannot afford my own place. I live alone. My child has asthma and needs ongoing medical care. I am behind on my heating bills by $352. I do not have legal immigration status.,0,0,0,0,1,119,staying_with_family,undocumented,False,True
I am currently unemployed and have been looking for work for 3 months. I have been unhoused for 12 months and am staying in a shelter. I am a single parent with 4 kids. I am pregnant and currently uninsured. I do not have legal immigration status.,0,0,0,0,0,164,staying_with_family,undocumented,True,False
"I work part-time at a warehouse earning about $4296 per month. I am staying with family temporarily as I cannot afford my own place. My household includes myself, my partner, and our 2 children. I have been managing asthma without proper medical care due to cost. I am behind on my heating bills by $459. I am a legal permanent resident and have been in the US for over 5 years.",0,0,0,0,0,358,staying_with_family,qualified_alien,True,True
I receive disability benefits of $672 per month and cannot work. I recently became homeless after my landlord evicted me. I am a single parent with 1 kids. My child has arthritis and needs ongoing medical care. I struggle every month to pay my utility bills on time.,1,1,0,1,1,56,staying_with_family,citizen,True,True
"I am self-employed doing handyman work, my income varies month to month. I have been unhoused for 12 months and am staying in a shelter. My household includes myself, my partner, and our 2 children. I have been managing asthma without proper medical care due to cost.",0,0,0,0,0,389,staying_with_family,citizen,True,False
I receive disability benefits of $492 per month and cannot work. I own my home but am struggling to keep up with the mortgage. I live alone. I recently lost my employer-sponsored health insurance. I struggle every month to pay my utility bills on time.,1,1,1,0,1,41,unhoused,citizen,False,True
I am currently unemployed and have been looking for work for 11 months. I am staying with family temporarily as I cannot afford my own place. I live alone. My child has diabetes and needs ongoing medical care.,1,1,0,0,0,121,staying_with_family,citizen,False,False
I am currently unemployed and have been looking for work for 9 months. I have been unhoused for 2 months and am staying in a shelter. I am caring for my elderly mother who lives with me. I have a chronic condition (asthma) that requires regular medication. I do not have legal immigration status.,0,0,0,0,0,337,renting,undocumented,True,False
I am a full-time caregiver for my mother and have no outside income. I am renting a room in a shared house for $1563 per month. I am a single parent with 4 kids. My child has depression and needs ongoing medical care. I am behind on my heating bills by $238.,1,1,0,1,1,52,renting,citizen,True,True
"I work 15 hours a week at grocery store, making $3264 monthly. I am staying with family temporarily as I cannot afford my own place. I live with my spouse and 4 children. I have a chronic condition (asthma) that requires regular medication. My electricity bill has been very high this winter, around $310 per month.",0,0,0,0,0,272,unhoused,citizen,True,True
I receive disability benefits of $2160 per month and cannot work. I am renting a room in a shared house for $677 per month. I live alone. I have no health insurance. I struggle every month to pay my utility bills on time. I do not have legal immigration status.,0,0,0,0,0,180,staying_with_family,undocumented,False,True
"I am self-employed doing rideshare work, my income varies month to month. I am renting a room in a shared house for $1671 per month. I live with my spouse and 4 children. I am pregnant and currently uninsured. I received a shutoff notice for my gas service. I do not have legal immigration status.",0,0,0,0,1,84,staying_with_family,undocumented,True,True
"I am currently unemployed and have been looking for work for 16 months. I recently became homeless after my landlord evicted me. My household includes myself, my partner, and our 3 children. I recently lost my employer-sponsored health insurance. I struggle every month to pay my utility bills on time. I am a legal permanent resident and have been in the US for over 5 years.",0,0,0,0,0,286,unhoused,qualified_alien,True,True
I am a full-time caregiver for my father and have no outside income. I own my home but am struggling to keep up with the mortgage. I live with my spouse and 4 children. I am pregnant and currently uninsured. I struggle every month to pay my utility bills on time.,1,1,1,1,1,21,unhoused,citizen,True,True
I am currently unemployed and have been looking for work for 12 months. I am staying with family temporarily as I cannot afford my own place. I live alone. I have been managing depression without proper medical care due to cost. I am behind on my heating bills by $451.,0,0,0,0,0,396,renting,citizen,False,True
"I work 25 hours a week at warehouse, making $948 monthly. I am staying with family temporarily as I cannot afford my own place. I have 1 children ages 16, 16. I am pregnant and currently uninsured. I struggle every month to pay my utility bills on time.",1,1,0,1,1,79,unhoused,citizen,True,True
"I recently lost my job at a local restaurant due to layoffs. I am currently renting an apartment for $1300 per month. I share an apartment with a roommate. I have no health insurance. My electricity bill has been very high this winter, around $490 per month.",1,1,0,0,1,99,renting,citizen,False,True
"I recently lost my job at Amazon due to layoffs. I am staying with family temporarily as I cannot afford my own place. I share an apartment with a roommate. I recently lost my employer-sponsored health insurance. My electricity bill has been very high this winter, around $165 per month. I am a legal permanent resident and have been in the US for over 5 years.",0,0,0,0,0,346,staying_with_family,qualified_alien,False,True
I am currently unemployed and have been looking for work for 16 months. I have been unhoused for 7 months and am staying in a shelter. I live alone. I am pregnant and currently uninsured. I struggle every month to pay my utility bills on time. I do not have legal immigration status.,0,0,0,0,0,168,unhoused,undocumented,False,True
I am a full-time caregiver for my mother and have no outside income. I am currently renting an apartment for $865 per month. I live with my partner. I have no health insurance. I struggle every month to pay my utility bills on time.,0,0,0,0,0,334,unhoused,citizen,False,True
I receive disability benefits of $1728 per month and cannot work. I own my home but am struggling to keep up with the mortgage. I live alone. I recently lost my employer-sponsored health insurance. My utility bills take up a large portion of my income.,0,0,0,0,1,144,renting,citizen,True,True
"I am a student and work part-time, earning around $456 a month. I am staying with family temporarily as I cannot afford my own place. I live alone. I have a chronic condition (arthritis) that requires regular medication. I am behind on my heating bills by $278.",1,1,0,0,1,38,staying_with_family,citizen,False,True
I am a full-time caregiver for my spouse and have no outside income. I am staying with family temporarily as I cannot afford my own place. I live with my partner. I have been managing arthritis without proper medical care due to cost. I am a legal permanent resident and have been in the US for over 5 years.,1,1,0,0,0,54,unhoused,qualified_alien,False,False
"I am a student and work part-time, earning around $1056 a month. I have been unhoused for 11 months and am staying in a shelter. I share an apartment with a roommate. I am pregnant and currently uninsured.",1,1,0,0,0,88,staying_with_family,citizen,False,False
I work part-time at a grocery store earning about $1200 per month. I am renting a room in a shared house for $812 per month. I live alone. I have a chronic condition (diabetes) that requires regular medication.,1,1,0,1,0,100,owned,citizen,True,False
I receive disability benefits of $1572 per month and cannot work. I am renting a room in a shared house for $1539 per month. I have 1 children ages 7. I have a chronic condition (hypertension) that requires regular medication. I struggle every month to pay my utility bills on time.,0,1,0,0,1,131,staying_with_family,citizen,True,True
I receive disability benefits of $1332 per month and cannot work. I own my home but am struggling to keep up with the mortgage. I am caring for my elderly mother who lives with me. I am pregnant and currently uninsured. I am behind on my heating bills by $351.,1,1,0,0,1,111,staying_with_family,citizen,True,True
I am currently unemployed and have been looking for work for 8 months. I am currently renting an apartment for $1739 per month. I live with my partner. My child has depression and needs ongoing medical care. I am behind on my heating bills by $194.,1,1,0,0,1,120,staying_with_family,citizen,False,True
I am a full-time caregiver for my mother and have no outside income. I am currently renting an apartment for $1175 per month. I live with my partner. I am pregnant and currently uninsured.,0,0,0,0,0,207,owned,citizen,False,False
I am currently unemployed and have been looking for work for 8 months. I own my home but am struggling to keep up with the mortgage. I live with my partner. My child has asthma and needs ongoing medical care. I do not have legal immigration status.,0,0,0,0,0,344,owned,undocumented,False,False
"I am a student and work part-time, earning around $2052 a month. I am renting a room in a shared house for $1466 per month. I live alone. I have a chronic condition (hypertension) that requires regular medication. My electricity bill has been very high this winter, around $564 per month.",0,0,0,0,0,171,unhoused,citizen,True,True
I receive disability benefits of $2220 per month and cannot work. I am currently renting an apartment for $1583 per month. I live alone. I recently lost my employer-sponsored health insurance. I received a shutoff notice for my gas service.,0,0,0,0,0,185,unhoused,citizen,False,True
"I work 15 hours a week at cleaning service, making $972 monthly. I own my home but am struggling to keep up with the mortgage. I am a single parent with 4 kids. I have been managing asthma without proper medical care due to cost. I am a legal permanent resident and have been in the US for over 5 years.",1,1,0,0,0,81,staying_with_family,qualified_alien,True,False
"I am a student and work part-time, earning around $4020 a month. I am currently renting an apartment for $1094 per month. I am caring for my elderly grandmother who lives with me. My child has depression and needs ongoing medical care.",0,0,0,0,0,335,owned,citizen,True,False
"I am self-employed doing rideshare work, my income varies month to month. I am staying with family temporarily as I cannot afford my own place. I live with my spouse and 2 children. My child has asthma and needs ongoing medical care. My utility bills take up a large portion of my income. I do not have legal immigration status.",0,0,0,0,0,186,owned,undocumented,True,True
"I am self-employed doing handyman work, my income varies month to month. I am renting a room in a shared house for $1409 per month. I share an apartment with a roommate. I am pregnant and currently uninsured.",1,1,0,0,0,64,owned,citizen,False,False
I am currently unemployed and have been looking for work for 1 months. I have been unhoused for 2 months and am staying in a shelter. I live with my spouse and 1 children. I have been managing arthritis without proper medical care due to cost.,1,1,0,1,0,43,owned,citizen,True,False
I recently lost my job at a local restaurant due to layoffs. I recently became homeless after my landlord evicted me. I live with my partner. I recently lost my employer-sponsored health insurance. I am behind on my heating bills by $187.,1,1,0,0,1,60,unhoused,citizen,False,True
"I work 15 hours a week at restaurant, making $276 monthly. I am currently renting an apartment for $1686 per month. I have 2 children ages 14. I have no health insurance. I am a legal permanent resident and have been in the US for over 5 years.",1,1,0,0,0,23,staying_with_family,qualified_alien,True,False
"I am self-employed doing handyman work, my income varies month to month. I recently became homeless after my landlord evicted me. I have 4 children ages 7, 11, 3. My child has depression and needs ongoing medical care. I received a shutoff notice for my gas service.",0,0,0,0,0,232,staying_with_family,citizen,True,True
I recently lost my job at Amazon due to layoffs. I am staying with family temporarily as I cannot afford my own place. I am a single parent with 3 kids. I recently lost my employer-sponsored health insurance.,1,1,0,1,0,73,unhoused,citizen,True,False
"I work 10 hours a week at retail shop, making $1956 monthly. I am staying with family temporarily as I cannot afford my own place. I live with my spouse and 3 children. I am pregnant and currently uninsured. I struggle every month to pay my utility bills on time.",0,0,0,0,0,163,owned,citizen,True,True
"I am a student and work part-time, earning around $2052 a month. I am currently renting an apartment for $911 per month. My household includes myself, my partner, and our 3 children. I have no health insurance. I am a legal permanent resident and have been in the US for over 5 years.",0,0,0,0,0,171,renting,qualified_alien,True,False
I work part-time at a grocery store earning about $372 per month. I am renting a room in a shared house for $1762 per month. I live with my partner. I recently lost my employer-sponsored health insurance. My utility bills take up a large portion of my income.,1,1,1,0,1,31,unhoused,citizen,False,True
I recently lost my job at a local restaurant due to layoffs. I own my home but am struggling to keep up with the mortgage. I live with my spouse and 1 children. I have a chronic condition (depression) that requires regular medication. I struggle every month to pay my utility bills on time.,0,0,0,0,0,193,owned,citizen,True,True
I am currently unemployed and have been looking for work for 18 months. I recently became homeless after my landlord evicted me. I live alone. I am pregnant and currently uninsured.,0,0,0,0,0,144,owned,citizen,False,False
"I am a student and work part-time, earning around $3972 a month. I own my home but am struggling to keep up with the mortgage. I live with my spouse and 3 children. I have no health insurance.",0,0,0,0,0,331,unhoused,citizen,True,False
I receive disability benefits of $4296 per month and cannot work. I recently became homeless after my landlord evicted me. I live alone. I recently lost my employer-sponsored health insurance. I received a shutoff notice for my gas service. I do not have legal immigration status.,0,0,0,0,0,358,renting,undocumented,False,True
I receive disability benefits of $1596 per month and cannot work. I am currently renting an apartment for $626 per month. I live with my spouse and 1 children. I have a chronic condition (diabetes) that requires regular medication. I am behind on my heating bills by $531.,0,1,0,0,1,133,renting,citizen,True,True
"I am self-employed doing rideshare work, my income varies month to month. I am staying with family temporarily as I cannot afford my own place. I am caring for my elderly mother who lives with me. My child has depression and needs ongoing medical care. My utility bills take up a large portion of my income.",1,1,0,0,1,114,owned,citizen,True,True
I am a full-time caregiver for my mother and have no outside income. I own my home but am struggling to keep up with the mortgage. I share an apartment with a roommate. My child has diabetes and needs ongoing medical care.,0,0,0,0,0,191,renting,citizen,False,False
"I work part-time at a retail shop earning about $2400 per month. I am staying with family temporarily as I cannot afford my own place. I share an apartment with a roommate. I recently lost my employer-sponsored health insurance. My electricity bill has been very high this winter, around $210 per month. I do not have legal immigration status.",0,0,0,0,0,200,owned,undocumented,False,True
"I work part-time at a warehouse earning about $2460 per month. I am staying with family temporarily as I cannot afford my own place. My household includes myself, my partner, and our 1 children. My child has hypertension and needs ongoing medical care. I am behind on my heating bills by $329.",0,0,0,0,0,205,staying_with_family,citizen,True,True
"I am self-employed doing rideshare work, my income varies month to month. I am staying with family temporarily as I cannot afford my own place. I share an apartment with a roommate. I have been managing depression without proper medical care due to cost. I am behind on my heating bills by $387. I am a legal permanent resident and have been in the US for over 5 years.",0,1,0,0,1,138,staying_with_family,qualified_alien,False,True
I receive disability benefits of $1512 per month and cannot work. I have been unhoused for 9 months and am staying in a shelter. I live alone. I have been managing arthritis without proper medical care due to cost. I struggle every month to pay my utility bills on time.,1,1,0,0,1,126,staying_with_family,citizen,False,True
"I am a full-time caregiver for my father and have no outside income. I recently became homeless after my landlord evicted me. I live with my spouse and 4 children. I am pregnant and currently uninsured. My electricity bill has been very high this winter, around $498 per month.",0,0,0,0,0,186,unhoused,citizen,True,True
I receive disability benefits of $1908 per month and cannot work. I am renting a room in a shared house for $1330 per month. I share an apartment with a roommate. My child has diabetes and needs ongoing medical care. I am a legal permanent resident and have been in the US for over 5 years.,0,0,0,0,0,159,owned,qualified_alien,False,False
"I work 25 hours a week at grocery store, making $1548 monthly. I recently became homeless after my landlord evicted me. My household includes myself, my partner, and our 2 children. My child has diabetes and needs ongoing medical care.",1,1,0,0,0,129,unhoused,citizen,True,False
I am a full-time caregiver for my spouse and have no outside income. I am renting a room in a shared house for $1663 per month. I live with my partner. I recently lost my employer-sponsored health insurance. I received a shutoff notice for my gas service. I am a legal permanent resident and have been in the US for over 5 years.,0,0,0,0,0,388,unhoused,qualified_alien,False,True
"I am self-employed doing rideshare work, my income varies month to month. I own my home but am struggling to keep up with the mortgage. I am caring for my elderly grandmother who lives with me. I have been managing hypertension without proper medical care due to cost. I received a shutoff notice for my gas service.",1,1,0,1,1,61,owned,citizen,True,True
I am a full-time caregiver for my spouse and have no outside income. I am currently renting an apartment for $1400 per month. I share an apartment with a roommate. I have a chronic condition (asthma) that requires regular medication. I received a shutoff notice for my gas service.,1,1,0,0,1,83,staying_with_family,citizen,False,True
"I work 15 hours a week at cleaning service, making $1884 monthly. I own my home but am struggling to keep up with the mortgage. My household includes myself, my partner, and our 1 children. I have a chronic condition (diabetes) that requires regular medication. I struggle every month to pay my utility bills on time. I am a legal permanent resident and have been in the US for over 5 years.",0,0,0,0,0,157,renting,qualified_alien,True,True
"I am self-employed doing handyman work, my income varies month to month. I am renting a room in a shared house for $920 per month. I have 2 children ages 11, 10, 1. I recently lost my employer-sponsored health insurance. I am a legal permanent resident and have been in the US for over 5 years.",1,1,0,0,0,64,staying_with_family,qualified_alien,True,False
I recently lost my job at Target due to layoffs. I have been unhoused for 2 months and am staying in a shelter. I live with my partner. I am pregnant and currently uninsured. I am behind on my heating bills by $284.,0,0,0,0,0,174,renting,citizen,False,True
"I receive disability benefits of $1500 per month and cannot work. I have been unhoused for 6 months and am staying in a shelter. I live with my partner. I have been managing depression without proper medical care due to cost. My electricity bill has been very high this winter, around $226 per month.",1,1,0,0,1,125,unhoused,citizen,False,True
"I receive disability benefits of $2760 per month and cannot work. I am staying with family temporarily as I cannot afford my own place. I share an apartment with a roommate. I recently lost my employer-sponsored health insurance. My electricity bill has been very high this winter, around $475 per month.",0,0,0,0,0,230,owned,citizen,False,True
I recently lost my job at Target due to layoffs. I have been unhoused for 7 months and am staying in a shelter. I am caring for my elderly father who lives with me. I have a chronic condition (hypertension) that requires regular medication. I am a legal permanent resident and have been in the US for over 5 years.,0,1,0,0,0,132,renting,qualified_alien,True,False
"I am a student and work part-time, earning around $1224 a month. I am staying with family temporarily as I cannot afford my own place. I have 1 children ages 14, 2. I am pregnant and currently uninsured. I am behind on my heating bills by $354.",1,1,0,0,1,102,staying_with_family,citizen,True,True
I am a full-time caregiver for my spouse and have no outside income. I am currently renting an apartment for $1484 per month. I live with my partner. I have no health insurance. I received a shutoff notice for my gas service.,1,1,0,0,1,56,unhoused,citizen,False,True
"I work 15 hours a week at warehouse, making $1104 monthly. I am currently renting an apartment for $1728 per month. I live alone. I have been managing asthma without proper medical care due to cost.",1,1,0,0,0,92,unhoused,citizen,False,False
I recently lost my job at a local restaurant due to layoffs. I am currently renting an apartment for $926 per month. I live with my spouse and 1 children. I am pregnant and currently uninsured. I struggle every month to pay my utility bills on time. I do not have legal immigration status.,0,0,0,0,1,68,unhoused,undocumented,True,True
"I am a student and work part-time, earning around $804 a month. I am staying with family temporarily as I cannot afford my own place. My household includes myself, my partner, and our 1 children. I am pregnant and currently uninsured. My electricity bill has been very high this winter, around $299 per month.",1,1,0,1,1,67,owned,citizen,True,True
"I work 15 hours a week at retail shop, making $2208 monthly. I recently became homeless after my landlord evicted me. I have 3 children ages 7, 15. My child has hypertension and needs ongoing medical care.",0,0,0,0,0,184,unhoused,citizen,True,False
"I receive disability benefits of $600 per month and cannot work. I own my home but am struggling to keep up with the mortgage. I am caring for my elderly mother who lives with me. My child has arthritis and needs ongoing medical care. My electricity bill has been very high this winter, around $557 per month.",1,1,0,1,1,50,staying_with_family,citizen,True,True
I am currently unemployed and have been looking for work for 11 months. I have been unhoused for 12 months and am staying in a shelter. I share an apartment with a roommate. My child has arthritis and needs ongoing medical care. My utility bills take up a large portion of my income. I am a legal permanent resident and have been in the US for over 5 years.,0,0,0,0,0,238,renting,qualified_alien,False,True
"I am a full-time caregiver for my mother and have no outside income. I have been unhoused for 9 months and am staying in a shelter. My household includes myself, my partner, and our 3 children. I have been managing hypertension without proper medical care due to cost. My electricity bill has been very high this winter, around $579 per month.",0,0,0,0,0,377,staying_with_family,citizen,True,True
"I work part-time at a grocery store earning about $540 per month. I am staying with family temporarily as I cannot afford my own place. I live with my partner. I have been managing diabetes without proper medical care due to cost. My electricity bill has been very high this winter, around $391 per month. I do not have legal immigration status.",0,0,0,0,1,45,owned,undocumented,False,True
"I am a student and work part-time, earning around $1188 a month. I recently became homeless after my landlord evicted me. I live alone. I have been managing depression without proper medical care due to cost. My electricity bill has been very high this winter, around $567 per month. I am a legal permanent resident and have been in the US for over 5 years.",1,1,0,0,1,99,unhoused,qualified_alien,True,True
I receive disability benefits of $1344 per month and cannot work. I am currently renting an apartment for $952 per month. I live with my partner. I have a chronic condition (arthritis) that requires regular medication. My utility bills take up a large portion of my income.,1,1,0,0,1,112,renting,citizen,False,True
"I am a student and work part-time, earning around $2268 a month. I recently became homeless after my landlord evicted me. I share an apartment with a roommate. I recently lost my employer-sponsored health insurance. I received a shutoff notice for my gas service. I do not have legal immigration status.",0,0,0,0,0,189,unhoused,undocumented,False,True
I am a full-time caregiver for my father and have no outside income. I own my home but am struggling to keep up with the mortgage. I share an apartment with a roommate. I have been managing arthritis without proper medical care due to cost. I struggle every month to pay my utility bills on time.,1,1,0,0,1,99,staying_with_family,citizen,False,True
"I am a student and work part-time, earning around $648 a month. I recently became homeless after my landlord evicted me. I am caring for my elderly grandmother who lives with me. I have no health insurance.",1,1,0,1,0,54,owned,citizen,True,False
"I receive disability benefits of $1224 per month and cannot work. I have been unhoused for 6 months and am staying in a shelter. I have 4 children ages 4, 4, 4. I have been managing diabetes without proper medical care due to cost. My utility bills take up a large portion of my income.",1,1,0,0,1,102,owned,citizen,True,True
"I am a full-time caregiver for my spouse and have no outside income. I own my home but am struggling to keep up with the mortgage. My household includes myself, my partner, and our 2 children. I have been managing asthma without proper medical care due to cost. I received a shutoff notice for my gas service. I am a legal permanent resident and have been in the US for over 5 years.",0,0,0,0,1,140,staying_with_family,qualified_alien,True,True
"I recently lost my job at a small business due to layoffs. I have been unhoused for 9 months and am staying in a shelter. I have 4 children ages 4, 5, 3. My child has hypertension and needs ongoing medical care. My utility bills take up a large portion of my income.",1,1,0,1,1,79,unhoused,citizen,True,True
"I am a student and work part-time, earning around $3348 a month. I have been unhoused for 2 months and am staying in a shelter. I live with my partner. I recently lost my employer-sponsored health insurance.",0,0,0,0,0,279,renting,citizen,False,False
"I am a student and work part-time, earning around $1644 a month. I have been unhoused for 6 months and am staying in a shelter. I am caring for my elderly mother who lives with me. I have a chronic condition (diabetes) that requires regular medication. I do not have legal immigration status.",0,0,0,0,0,137,unhoused,undocumented,True,False
"I work 15 hours a week at retail shop, making $1440 monthly. I own my home but am struggling to keep up with the mortgage. I am caring for my elderly father who lives with me. I am pregnant and currently uninsured. I received a shutoff notice for my gas service.",1,1,0,0,1,120,staying_with_family,citizen,True,True
I am a full-time caregiver for my spouse and have no outside income. I am staying with family temporarily as I cannot afford my own place. I live alone. I recently lost my employer-sponsored health insurance.,0,0,0,0,0,185,staying_with_family,citizen,True,False
"I am a student and work part-time, earning around $996 a month. I have been unhoused for 6 months and am staying in a shelter. I live with my partner. I recently lost my employer-sponsored health insurance.",1,1,0,0,0,83,staying_with_family,citizen,False,False
I recently lost my job at Amazon due to layoffs. I have been unhoused for 6 months and am staying in a shelter. I am caring for my elderly father who lives with me. My child has hypertension and needs ongoing medical care. I received a shutoff notice for my gas service. I do not have legal immigration status.,0,0,0,0,1,71,unhoused,undocumented,True,True
"I work 20 hours a week at cleaning service, making $984 monthly. I am renting a room in a shared house for $1677 per month. I live alone. I am pregnant and currently uninsured.",1,1,0,0,0,82,owned,citizen,False,False
"I am self-employed doing rideshare work, my income varies month to month. I recently became homeless after my landlord evicted me. I live alone. My child has depression and needs ongoing medical care.",0,0,0,0,0,274,renting,citizen,False,False
I am a full-time caregiver for my mother and have no outside income. I recently became homeless after my landlord evicted me. I live alone. I am pregnant and currently uninsured. I struggle every month to pay my utility bills on time. I do not have legal immigration status.,0,0,0,0,0,233,staying_with_family,undocumented,False,True
"I am self-employed doing handyman work, my income varies month to month. I own my home but am struggling to keep up with the mortgage. My household includes myself, my partner, and our 2 children. I have a chronic condition (hypertension) that requires regular medication.",1,1,0,1,0,34,staying_with_family,citizen,True,False
"I am self-employed doing handyman work, my income varies month to month. I recently became homeless after my landlord evicted me. I live alone. My child has arthritis and needs ongoing medical care. My utility bills take up a large portion of my income.",0,0,0,0,0,292,unhoused,citizen,True,True
"I am a student and work part-time, earning around $4188 a month. I have been unhoused for 11 months and am staying in a shelter. I live with my partner. I recently lost my employer-sponsored health insurance.",0,0,0,0,0,349,staying_with_family,citizen,False,False
"I receive disability benefits of $540 per month and cannot work. I am staying with family temporarily as I cannot afford my own place. I have 3 children ages 11, 12, 15. My child has diabetes and needs ongoing medical care. My electricity bill has been very high this winter, around $487 per month.",1,1,0,1,1,45,owned,citizen,True,True
I receive disability benefits of $1812 per month and cannot work. I am currently renting an apartment for $1736 per month. I am a single parent with 2 kids. I have been managing diabetes without proper medical care due to cost. I am behind on my heating bills by $590. I do not have legal immigration status.,0,0,0,0,0,151,owned,undocumented,True,True
"I work 20 hours a week at cleaning service, making $420 monthly. I am renting a room in a shared house for $709 per month. I am caring for my elderly mother who lives with me. I have a chronic condition (asthma) that requires regular medication. I am behind on my heating bills by $384. I do not have legal immigration status.",0,0,1,0,1,35,unhoused,undocumented,True,True
I recently lost my job at Amazon due to layoffs. I am renting a room in a shared house for $1483 per month. I am caring for my elderly father who lives with me. I have a chronic condition (arthritis) that requires regular medication. I received a shutoff notice for my gas service.,0,0,0,0,0,304,renting,citizen,True,True
I work part-time at a grocery store earning about $2136 per month. I am renting a room in a shared house for $1059 per month. I am a single parent with 2 kids. I have no health insurance. My utility bills take up a large portion of my income.,0,0,0,0,0,178,owned,citizen,True,True
I work part-time at a restaurant earning about $1680 per month. I am staying with family temporarily as I cannot afford my own place. I live alone. I recently lost my employer-sponsored health insurance. My utility bills take up a large portion of my income.,0,0,0,0,1,140,renting,citizen,True,True
I work part-time at a restaurant earning about $828 per month. I am staying with family temporarily as I cannot afford my own place. I am a single parent with 1 kids. I have no health insurance.,1,1,0,1,0,69,unhoused,citizen,True,False
"I am currently unemployed and have been looking for work for 1 months. I recently became homeless after my landlord evicted me. I am a single parent with 3 kids. I am pregnant and currently uninsured. My electricity bill has been very high this winter, around $254 per month. I am a legal permanent resident and have been in the US for over 5 years.",1,1,0,0,1,83,owned,qualified_alien,True,True
"I work 10 hours a week at retail shop, making $1920 monthly. I own my home but am struggling to keep up with the mortgage. I live alone. I have no health insurance. I am behind on my heating bills by $163.",0,0,0,0,0,160,staying_with_family,citizen,False,True
I receive disability benefits of $1092 per month and cannot work. I own my home but am struggling to keep up with the mortgage. I live with my partner. I recently lost my employer-sponsored health insurance.,1,1,0,0,0,91,renting,citizen,False,False
"I work 15 hours a week at warehouse, making $324 monthly. I own my home but am struggling to keep up with the mortgage. I live alone. I have been managing asthma without proper medical care due to cost.",1,1,1,1,0,27,unhoused,citizen,True,False
I am currently unemployed and have been looking for work for 4 months. I have been unhoused for 10 months and am staying in a shelter. I live with my partner. My child has diabetes and needs ongoing medical care. I struggle every month to pay my utility bills on time.,1,1,0,0,1,64,staying_with_family,citizen,False,True
"I am a full-time caregiver for my mother and have no outside income. I own my home but am struggling to keep up with the mortgage. I live with my spouse and 1 children. I am pregnant and currently uninsured. My electricity bill has been very high this winter, around $483 per month.",0,0,0,0,0,398,owned,citizen,True,True
"I work 25 hours a week at grocery store, making $3372 monthly. I am currently renting an apartment for $1307 per month. I am caring for my elderly grandmother who lives with me. I am pregnant and currently uninsured. I am behind on my heating bills by $542.",0,0,0,0,0,281,renting,citizen,True,True
I am currently unemployed and have been looking for work for 1 months. I am currently renting an apartment for $1745 per month. I have 2 children ages 7. I recently lost my employer-sponsored health insurance. I struggle every month to pay my utility bills on time.,1,1,0,1,1,35,staying_with_family,citizen,True,True
"I am a student and work part-time, earning around $2316 a month. I am renting a room in a shared house for $1265 per month. My household includes myself, my partner, and our 2 children. I have a chronic condition (diabetes) that requires regular medication. I do not have legal immigration status.",0,0,0,0,0,193,unhoused,undocumented,True,False
I recently lost my job at a small business due to layoffs. I own my home but am struggling to keep up with the mortgage. I have 2 children ages 1. I have a chronic condition (asthma) that requires regular medication. I struggle every month to pay my utility bills on time.,0,0,0,0,0,348,renting,citizen,True,True
I receive disability benefits of $3360 per month and cannot work. I am currently renting an apartment for $1419 per month. I live alone. My child has depression and needs ongoing medical care. I struggle every month to pay my utility bills on time.,0,0,0,0,0,280,staying_with_family,citizen,True,True
"I receive disability benefits of $2112 per month and cannot work. I am currently renting an apartment for $1238 per month. I live alone. I have been managing depression without proper medical care due to cost. My electricity bill has been very high this winter, around $187 per month. I do not have legal immigration status.",0,0,0,0,0,176,renting,undocumented,False,True
"I work 10 hours a week at grocery store, making $552 monthly. I have been unhoused for 12 months and am staying in a shelter. My household includes myself, my partner, and our 3 children. I have been managing depression without proper medical care due to cost. My utility bills take up a large portion of my income. I am a legal permanent resident and have been in the US for over 5 years.",1,1,0,0,1,46,owned,qualified_alien,True,True
I am currently unemployed and have been looking for work for 7 months. I am renting a room in a shared house for $1325 per month. I live with my partner. My child has diabetes and needs ongoing medical care. I am a legal permanent resident and have been in the US for over 5 years.,1,1,0,0,0,113,staying_with_family,qualified_alien,False,False
"I am self-employed doing freelance cleaning work, my income varies month to month. I am currently renting an apartment for $1511 per month. I live alone. My child has arthritis and needs ongoing medical care. I am behind on my heating bills by $423.",1,1,0,0,1,20,staying_with_family,citizen,False,True
"I receive disability benefits of $1656 per month and cannot work. I am renting a room in a shared house for $832 per month. I have 4 children ages 9, 1, 8. I am pregnant and currently uninsured. My utility bills take up a large portion of my income.",0,1,0,0,1,138,staying_with_family,citizen,True,True
I am a full-time caregiver for my father and have no outside income. I have been unhoused for 7 months and am staying in a shelter. I share an apartment with a roommate. I have a chronic condition (hypertension) that requires regular medication. I am behind on my heating bills by $577. I am a legal permanent resident and have been in the US for over 5 years.,1,1,1,0,1,32,renting,qualified_alien,False,True
I am currently unemployed and have been looking for work for 1 months. I have been unhoused for 8 months and am staying in a shelter. I am caring for my elderly father who lives with me. I have been managing diabetes without proper medical care due to cost.,0,0,0,0,0,191,staying_with_family,citizen,True,False
"I am a student and work part-time, earning around $1284 a month. I own my home but am struggling to keep up with the mortgage. I live alone. I have been managing arthritis without proper medical care due to cost. I received a shutoff notice for my gas service. I am a legal permanent resident and have been in the US for over 5 years.",1,1,0,0,1,107,unhoused,qualified_alien,False,True
"I receive disability benefits of $732 per month and cannot work. I recently became homeless after my landlord evicted me. My household includes myself, my partner, and our 3 children. I recently lost my employer-sponsored health insurance. I am behind on my heating bills by $495.",1,1,0,1,1,61,unhoused,citizen,True,True
I am a full-time caregiver for my mother and have no outside income. I have been unhoused for 9 months and am staying in a shelter. I live alone. I have been managing diabetes without proper medical care due to cost.,0,0,0,0,0,304,renting,citizen,False,False
"I work part-time at a grocery store earning about $2280 per month. I have been unhoused for 12 months and am staying in a shelter. My household includes myself, my partner, and our 1 children. I am pregnant and currently uninsured. I received a shutoff notice for my gas service.",0,0,0,0,0,190,renting,citizen,True,True
"I am a student and work part-time, earning around $1104 a month. I own my home but am struggling to keep up with the mortgage. I live alone. I have been managing asthma without proper medical care due to cost. I received a shutoff notice for my gas service.",1,1,0,0,1,92,owned,citizen,False,True
"I work 25 hours a week at cleaning service, making $372 monthly. I recently became homeless after my landlord evicted me. I am caring for my elderly grandmother who lives with me. I have been managing hypertension without proper medical care due to cost. I struggle every month to pay my utility bills on time. I do not have legal immigration status.",0,0,1,0,1,31,renting,undocumented,True,True
"I am a student and work part-time, earning around $1200 a month. I own my home but am struggling to keep up with the mortgage. I am caring for my elderly mother who lives with me. My child has diabetes and needs ongoing medical care.",1,1,0,1,0,100,renting,citizen,True,False
"I am a student and work part-time, earning around $1932 a month. I have been unhoused for 6 months and am staying in a shelter. I live with my spouse and 3 children. My child has hypertension and needs ongoing medical care. I received a shutoff notice for my gas service. I am a legal permanent resident and have been in the US for over 5 years.",0,0,0,0,0,161,unhoused,qualified_alien,True,True
I am a full-time caregiver for my mother and have no outside income. I am staying with family temporarily as I cannot afford my own place. I live with my partner. I recently lost my employer-sponsored health insurance. My utility bills take up a large portion of my income. I do not have legal immigration status.,0,0,0,0,1,69,staying_with_family,undocumented,False,True
"I am a student and work part-time, earning around $4692 a month. I am currently renting an apartment for $1380 per month. I live with my partner. I have no health insurance. My utility bills take up a large portion of my income.",0,0,0,0,0,391,owned,citizen,False,True
"I am self-employed doing rideshare work, my income varies month to month. I own my home but am struggling to keep up with the mortgage. I live alone. I recently lost my employer-sponsored health insurance. I am a legal permanent resident and have been in the US for over 5 years.",0,0,0,0,0,270,staying_with_family,qualified_alien,False,False
"I work 15 hours a week at cleaning service, making $1920 monthly. I own my home but am struggling to keep up with the mortgage. I am a single parent with 2 kids. I recently lost my employer-sponsored health insurance. My electricity bill has been very high this winter, around $153 per month.",0,0,0,0,0,160,unhoused,citizen,True,True
I receive disability benefits of $1500 per month and cannot work. I recently became homeless after my landlord evicted me. I live alone. I am pregnant and currently uninsured. I received a shutoff notice for my gas service.,1,1,0,0,1,125,owned,citizen,False,True
"I am a student and work part-time, earning around $1692 a month. I own my home but am struggling to keep up with the mortgage. I live with my spouse and 1 children. I have a chronic condition (hypertension) that requires regular medication. I do not have legal immigration status.",0,0,0,0,0,141,staying_with_family,undocumented,True,False
"I recently lost my job at Amazon due to layoffs. I am staying with family temporarily as I cannot afford my own place. My household includes myself, my partner, and our 4 children. I recently lost my employer-sponsored health insurance. My utility bills take up a large portion of my income. I do not have legal immigration status.",0,0,0,0,1,149,staying_with_family,undocumented,True,True
"I work part-time at a grocery store earning about $3084 per month. I am renting a room in a shared house for $1366 per month. My household includes myself, my partner, and our 4 children. I have been managing diabetes without proper medical care due to cost. I am behind on my heating bills by $319. I do not have legal immigration status.",0,0,0,0,0,257,staying_with_family,undocumented,True,True
"I receive disability benefits of $3744 per month and cannot work. I am renting a room in a shared house for $1689 per month. I have 2 children ages 12, 3, 1. I am pregnant and currently uninsured. I am a legal permanent resident and have been in the US for over 5 years.",0,0,0,0,0,312,renting,qualified_alien,True,False
"I work 25 hours a week at retail shop, making $3852 monthly. I am renting a room in a shared house for $1126 per month. I live with my partner. I am pregnant and currently uninsured. My electricity bill has been very high this winter, around $252 per month.",0,0,0,0,0,321,unhoused,citizen,False,True
I am a full-time caregiver for my mother and have no outside income. I am currently renting an apartment for $709 per month. I share an apartment with a roommate. I have no health insurance. I am behind on my heating bills by $526.,0,0,0,0,0,175,staying_with_family,citizen,False,True
"I am a student and work part-time, earning around $3576 a month. I own my home but am struggling to keep up with the mortgage. I live alone. I am pregnant and currently uninsured. I struggle every month to pay my utility bills on time.",0,0,0,0,0,298,unhoused,citizen,False,True
"I work 15 hours a week at grocery store, making $540 monthly. I have been unhoused for 8 months and am staying in a shelter. I share an apartment with a roommate. I am pregnant and currently uninsured. I struggle every month to pay my utility bills on time. I do not have legal immigration status.",0,0,1,0,1,45,renting,undocumented,False,True
I am currently unemployed and have been looking for work for 7 months. I recently became homeless after my landlord evicted me. I am caring for my elderly father who lives with me. My child has asthma and needs ongoing medical care. I received a shutoff notice for my gas service. I am a legal permanent resident and have been in the US for over 5 years.,0,0,0,0,0,177,renting,qualified_alien,True,True
"I am currently unemployed and have been looking for work for 11 months. I have been unhoused for 9 months and am staying in a shelter. I have 4 children ages 10, 15, 15. I am pregnant and currently uninsured. My utility bills take up a large portion of my income.",0,0,0,0,0,266,unhoused,citizen,True,True
"I am a full-time caregiver for my spouse and have no outside income. I have been unhoused for 3 months and am staying in a shelter. I have 1 children ages 13, 9, 13. I have been managing asthma without proper medical care due to cost. I received a shutoff notice for my gas service.",0,0,0,0,0,166,owned,citizen,True,True
I recently lost my job at a small business due to layoffs. I own my home but am struggling to keep up with the mortgage. I share an apartment with a roommate. I am pregnant and currently uninsured. I am behind on my heating bills by $319. I do not have legal immigration status.,0,0,0,0,0,160,staying_with_family,undocumented,False,True
I am currently unemployed and have been looking for work for 7 months. I own my home but am struggling to keep up with the mortgage. I share an apartment with a roommate. I have no health insurance. I am a legal permanent resident and have been in the US for over 5 years.,0,0,0,0,0,184,staying_with_family,qualified_alien,False,False
"I work 10 hours a week at restaurant, making $564 monthly. I have been unhoused for 6 months and am staying in a shelter. I am caring for my elderly father who lives with me. I recently lost my employer-sponsored health insurance.",1,1,0,1,0,47,owned,citizen,True,False
I am currently unemployed and have been looking for work for 6 months. I am currently renting an apartment for $816 per month. I live alone. I recently lost my employer-sponsored health insurance. I received a shutoff notice for my gas service. I do not have legal immigration status.,0,0,1,0,1,46,unhoused,undocumented,False,True
I work part-time at a cleaning service earning about $2400 per month. I recently became homeless after my landlord evicted me. I am a single parent with 3 kids. I have been managing arthritis without proper medical care due to cost. I am behind on my heating bills by $576. I am a legal permanent resident and have been in the US for over 5 years.,0,0,0,0,0,200,renting,qualified_alien,True,True
I work part-time at a grocery store earning about $4044 per month. I am staying with family temporarily as I cannot afford my own place. I share an apartment with a roommate. I have a chronic condition (diabetes) that requires regular medication. I struggle every month to pay my utility bills on time. I do not have legal immigration status.,0,0,0,0,0,337,renting,undocumented,False,True
"I am self-employed doing food delivery work, my income varies month to month. I am renting a room in a shared house for $1143 per month. My household includes myself, my partner, and our 1 children. I have no health insurance.",1,1,0,0,0,119,unhoused,citizen,True,False
I am currently unemployed and have been looking for work for 13 months. I recently became homeless after my landlord evicted me. I live alone. I have a chronic condition (diabetes) that requires regular medication.,0,0,0,0,0,197,staying_with_family,citizen,True,False
I work part-time at a grocery store earning about $564 per month. I am renting a room in a shared house for $1053 per month. I live alone. I recently lost my employer-sponsored health insurance. I received a shutoff notice for my gas service.,1,1,1,0,1,47,unhoused,citizen,False,True
I work part-time at a restaurant earning about $4764 per month. I recently became homeless after my landlord evicted me. I live alone. I am pregnant and currently uninsured.,0,0,0,0,0,397,unhoused,citizen,False,False
I am currently unemployed and have been looking for work for 7 months. I am currently renting an apartment for $1740 per month. I live with my partner. I have a chronic condition (depression) that requires regular medication.,0,1,0,0,0,137,renting,citizen,False,False
"I am self-employed doing freelance cleaning work, my income varies month to month. I have been unhoused for 7 months and am staying in a shelter. I live alone. I am pregnant and currently uninsured. My utility bills take up a large portion of my income.",1,1,0,0,1,73,staying_with_family,citizen,False,True
I am a full-time caregiver for my mother and have no outside income. I have been unhoused for 11 months and am staying in a shelter. I am caring for my elderly grandmother who lives with me. My child has depression and needs ongoing medical care. I am a legal permanent resident and have been in the US for over 5 years.,0,0,0,0,0,189,staying_with_family,qualified_alien,True,False
"I am a full-time caregiver for my father and have no outside income. I am staying with family temporarily as I cannot afford my own place. I live with my spouse and 1 children. I have a chronic condition (arthritis) that requires regular medication. My electricity bill has been very high this winter, around $218 per month. I am a legal permanent resident and have been in the US for over 5 years.",0,0,0,0,0,155,staying_with_family,qualified_alien,True,True
I recently lost my job at a small business due to layoffs. I am renting a room in a shared house for $1669 per month. I live with my partner. My child has arthritis and needs ongoing medical care. My utility bills take up a large portion of my income.,0,0,0,0,0,234,staying_with_family,citizen,False,True
"I am a student and work part-time, earning around $840 a month. I own my home but am struggling to keep up with the mortgage. I live alone. I have been managing asthma without proper medical care due to cost. I am a legal permanent resident and have been in the US for over 5 years.",1,1,0,0,0,70,renting,qualified_alien,False,False
I am currently unemployed and have been looking for work for 1 months. I own my home but am struggling to keep up with the mortgage. I live with my partner. I have no health insurance. I am behind on my heating bills by $154.,1,1,0,0,1,90,owned,citizen,False,True
I am a full-time caregiver for my spouse and have no outside income. I am staying with family temporarily as I cannot afford my own place. I have 1 children ages 3. I am pregnant and currently uninsured. I received a shutoff notice for my gas service.,1,1,0,0,1,104,renting,citizen,True,True
"I am a student and work part-time, earning around $408 a month. I am renting a room in a shared house for $1714 per month. My household includes myself, my partner, and our 3 children. I have no health insurance. My utility bills take up a large portion of my income.",1,1,0,1,1,34,owned,citizen,True,True
"I work 20 hours a week at restaurant, making $408 monthly. I am renting a room in a shared house for $1491 per month. My household includes myself, my partner, and our 3 children. I have a chronic condition (asthma) that requires regular medication. I struggle every month to pay my utility bills on time.",1,1,1,1,1,34,renting,citizen,True,True
I receive disability benefits of $1500 per month and cannot work. I am currently renting an apartment for $738 per month. I am caring for my elderly mother who lives with me. I have a chronic condition (hypertension) that requires regular medication. I am a legal permanent resident and have been in the US for over 5 years.,1,1,0,0,0,125,unhoused,qualified_alien,True,False
"I am a student and work part-time, earning around $2976 a month. I am renting a room in a shared house for $1614 per month. I am a single parent with 4 kids. I have been managing depression without proper medical care due to cost. I received a shutoff notice for my gas service.",0,0,0,0,0,248,unhoused,citizen,True,True
"I recently lost my job at Amazon due to layoffs. I recently became homeless after my landlord evicted me. I live with my partner. I recently lost my employer-sponsored health insurance. My electricity bill has been very high this winter, around $157 per month. I do not have legal immigration status.",0,0,0,0,0,384,owned,undocumented,False,True
"I work 20 hours a week at restaurant, making $1692 monthly. I am staying with family temporarily as I cannot afford my own place. I am caring for my elderly grandmother who lives with me. I have a chronic condition (asthma) that requires regular medication. I am behind on my heating bills by $569.",0,0,0,0,1,141,owned,citizen,True,True
"I am self-employed doing freelance cleaning work, my income varies month to month. I recently became homeless after my landlord evicted me. I live with my partner. I am pregnant and currently uninsured. My electricity bill has been very high this winter, around $525 per month.",0,0,0,0,0,243,staying_with_family,citizen,False,True
I recently lost my job at Target due to layoffs. I own my home but am struggling to keep up with the mortgage. I am caring for my elderly mother who lives with me. I recently lost my employer-sponsored health insurance. I am behind on my heating bills by $235.,0,0,0,0,0,224,staying_with_family,citizen,True,True
I work part-time at a cleaning service earning about $372 per month. I own my home but am struggling to keep up with the mortgage. I live with my partner. I have a chronic condition (diabetes) that requires regular medication.,1,1,0,0,0,31,staying_with_family,citizen,False,False
"I am a student and work part-time, earning around $3648 a month. I recently became homeless after my landlord evicted me. I live alone. I am pregnant and currently uninsured.",0,0,0,0,0,304,staying_with_family,citizen,False,False
"I recently lost my job at Target due to layoffs. I have been unhoused for 11 months and am staying in a shelter. I am caring for my elderly father who lives with me. I have been managing depression without proper medical care due to cost. My electricity bill has been very high this winter, around $289 per month. I do not have legal immigration status.",0,0,0,0,1,113,staying_with_family,undocumented,True,True
I am a full-time caregiver for my father and have no outside income. I have been unhoused for 3 months and am staying in a shelter. I am a single parent with 2 kids. I have been managing asthma without proper medical care due to cost.,1,1,0,0,0,103,unhoused,citizen,True,False
"I work 25 hours a week at cleaning service, making $588 monthly. I have been unhoused for 6 months and am staying in a shelter. I am a single parent with 3 kids. I recently lost my employer-sponsored health insurance. My utility bills take up a large portion of my income. I do not have legal immigration status.",0,0,0,0,1,49,owned,undocumented,True,True
"I am a student and work part-time, earning around $4752 a month. I have been unhoused for 4 months and am staying in a shelter. I live with my partner. I am pregnant and currently uninsured. My electricity bill has been very high this winter, around $256 per month. I am a legal permanent resident and have been in the US for over 5 years.",0,0,0,0,0,396,unhoused,qualified_alien,False,True
I am currently unemployed and have been looking for work for 18 months. I am staying with family temporarily as I cannot afford my own place. I share an apartment with a roommate. I am pregnant and currently uninsured. I struggle every month to pay my utility bills on time. I do not have legal immigration status.,0,0,0,0,0,223,owned,undocumented,False,True
I am a full-time caregiver for my mother and have no outside income. I recently became homeless after my landlord evicted me. I live with my partner. My child has arthritis and needs ongoing medical care. I am behind on my heating bills by $538.,1,1,1,0,1,45,renting,citizen,False,True
"I receive disability benefits of $288 per month and cannot work. I own my home but am struggling to keep up with the mortgage. My household includes myself, my partner, and our 1 children. I have been managing asthma without proper medical care due to cost. I struggle every month to pay my utility bills on time.",1,1,0,1,1,24,staying_with_family,citizen,True,True
"I am self-employed doing handyman work, my income varies month to month. I have been unhoused for 10 months and am staying in a shelter. I live with my spouse and 1 children. I recently lost my employer-sponsored health insurance. I struggle every month to pay my utility bills on time.",1,1,1,1,1,31,unhoused,citizen,True,True
"I am a student and work part-time, earning around $1740 a month. I have been unhoused for 9 months and am staying in a shelter. I share an apartment with a roommate. I have been managing arthritis without proper medical care due to cost. My utility bills take up a large portion of my income. I do not have legal immigration status.",0,0,0,0,1,145,owned,undocumented,False,True
"I am a student and work part-time, earning around $1620 a month. I own my home but am struggling to keep up with the mortgage. I live with my spouse and 2 children. My child has depression and needs ongoing medical care. I received a shutoff notice for my gas service.",0,1,0,0,1,135,staying_with_family,citizen,True,True
"I receive disability benefits of $3996 per month and cannot work. I own my home but am struggling to keep up with the mortgage. My household includes myself, my partner, and our 1 children. I recently lost my employer-sponsored health insurance. I struggle every month to pay my utility bills on time. I am a legal permanent resident and have been in the US for over 5 years.",0,0,0,0,0,333,staying_with_family,qualified_alien,True,True
I receive disability benefits of $1572 per month and cannot work. I am renting a room in a shared house for $666 per month. I am caring for my elderly mother who lives with me. I have been managing arthritis without proper medical care due to cost. I received a shutoff notice for my gas service.,0,1,0,0,1,131,staying_with_family,citizen,True,True
I am currently unemployed and have been looking for work for 9 months. I am currently renting an apartment for $1162 per month. I am a single parent with 1 kids. I have a chronic condition (diabetes) that requires regular medication. I received a shutoff notice for my gas service. I am a legal permanent resident and have been in the US for over 5 years.,1,1,0,0,1,57,unhoused,qualified_alien,True,True
"I am self-employed doing handyman work, my income varies month to month. I own my home but am struggling to keep up with the mortgage. I live with my spouse and 4 children. My child has asthma and needs ongoing medical care. My utility bills take up a large portion of my income. I do not have legal immigration status.",0,0,0,0,1,149,unhoused,undocumented,True,True
"I am currently unemployed and have been looking for work for 3 months. I own my home but am struggling to keep up with the mortgage. I share an apartment with a roommate. I am pregnant and currently uninsured. My electricity bill has been very high this winter, around $350 per month. I do not have legal immigration status.",0,0,0,0,1,97,renting,undocumented,False,True
"I am self-employed doing rideshare work, my income varies month to month. I am staying with family temporarily as I cannot afford my own place. My household includes myself, my partner, and our 3 children. I have no health insurance. I do not have legal immigration status.",0,0,0,0,0,352,staying_with_family,undocumented,True,False
"I am a student and work part-time, earning around $744 a month. I recently became homeless after my landlord evicted me. I live alone. I recently lost my employer-sponsored health insurance. I am behind on my heating bills by $272. I am a legal permanent resident and have been in the US for over 5 years.",1,1,0,0,1,62,unhoused,qualified_alien,False,True
"I am a full-time caregiver for my father and have no outside income. I own my home but am struggling to keep up with the mortgage. I live alone. I have a chronic condition (arthritis) that requires regular medication. My electricity bill has been very high this winter, around $400 per month.",1,1,0,0,1,127,renting,citizen,False,True
I receive disability benefits of $4332 per month and cannot work. I recently became homeless after my landlord evicted me. I am caring for my elderly father who lives with me. I am pregnant and currently uninsured. I struggle every month to pay my utility bills on time.,0,0,0,0,0,361,owned,citizen,True,True
"I am currently unemployed and have been looking for work for 1 months. I own my home but am struggling to keep up with the mortgage. My household includes myself, my partner, and our 1 children. I am pregnant and currently uninsured. I received a shutoff notice for my gas service.",1,1,0,1,1,47,owned,citizen,True,True
"I am currently unemployed and have been looking for work for 15 months. I own my home but am struggling to keep up with the mortgage. My household includes myself, my partner, and our 3 children. I have no health insurance. My utility bills take up a large portion of my income.",1,1,0,1,1,83,renting,citizen,True,True
I recently lost my job at a small business due to layoffs. I am staying with family temporarily as I cannot afford my own place. I am caring for my elderly mother who lives with me. I have been managing depression without proper medical care due to cost. I am behind on my heating bills by $233.,1,1,0,0,1,120,unhoused,citizen,True,True
I am currently unemployed and have been looking for work for 1 months. I am renting a room in a shared house for $886 per month. I live alone. I have no health insurance. My utility bills take up a large portion of my income.,0,0,0,0,1,149,unhoused,citizen,True,True
"I am a student and work part-time, earning around $2100 a month. I recently became homeless after my landlord evicted me. I am caring for my elderly father who lives with me. I recently lost my employer-sponsored health insurance. My utility bills take up a large portion of my income.",0,0,0,0,0,175,staying_with_family,citizen,True,True
I am a full-time caregiver for my spouse and have no outside income. I am currently renting an apartment for $1099 per month. I share an apartment with a roommate. I have no health insurance. I struggle every month to pay my utility bills on time. I do not have legal immigration status.,0,0,0,0,0,166,renting,undocumented,False,True
I am currently unemployed and have been looking for work for 10 months. I am currently renting an apartment for $1645 per month. I live alone. I have been managing hypertension without proper medical care due to cost. I received a shutoff notice for my gas service. I am a legal permanent resident and have been in the US for over 5 years.,0,0,0,0,0,173,staying_with_family,qualified_alien,False,True
I am a full-time caregiver for my spouse and have no outside income. I am renting a room in a shared house for $759 per month. I am caring for my elderly father who lives with me. I have a chronic condition (depression) that requires regular medication. I struggle every month to pay my utility bills on time. I am a legal permanent resident and have been in the US for over 5 years.,0,1,0,0,1,136,renting,qualified_alien,True,True
"I am self-employed doing freelance cleaning work, my income varies month to month. I am renting a room in a shared house for $1562 per month. I live alone. I have a chronic condition (arthritis) that requires regular medication.",1,1,0,0,0,112,owned,citizen,True,False
"I work part-time at a retail shop earning about $4152 per month. I recently became homeless after my landlord evicted me. I have 3 children ages 8, 11. I recently lost my employer-sponsored health insurance. I struggle every month to pay my utility bills on time.",0,0,0,0,0,346,staying_with_family,citizen,True,True
"I am a student and work part-time, earning around $1596 a month. I have been unhoused for 2 months and am staying in a shelter. My household includes myself, my partner, and our 2 children. I have no health insurance. I received a shutoff notice for my gas service.",0,1,0,0,1,133,renting,citizen,True,True
"I am a full-time caregiver for my mother and have no outside income. I have been unhoused for 12 months and am staying in a shelter. I live with my spouse and 4 children. I have been managing arthritis without proper medical care due to cost. My electricity bill has been very high this winter, around $165 per month. I do not have legal immigration status.",0,0,0,0,0,161,owned,undocumented,True,True
"I am a student and work part-time, earning around $1284 a month. I am staying with family temporarily as I cannot afford my own place. I share an apartment with a roommate. My child has diabetes and needs ongoing medical care. My utility bills take up a large portion of my income. I am a legal permanent resident and have been in the US for over 5 years.",1,1,0,0,1,107,renting,qualified_alien,False,True
"I am self-employed doing freelance cleaning work, my income varies month to month. I am currently renting an apartment for $931 per month. I live with my partner. I have no health insurance. My utility bills take up a large portion of my income.",0,0,0,0,0,184,renting,citizen,False,True
I am currently unemployed and have been looking for work for 8 months. I am renting a room in a shared house for $1032 per month. I am a single parent with 3 kids. My child has depression and needs ongoing medical care.,1,1,0,0,0,124,staying_with_family,citizen,True,False
I receive disability benefits of $420 per month and cannot work. I am staying with family temporarily as I cannot afford my own place. I am a single parent with 1 kids. I recently lost my employer-sponsored health insurance.,1,1,1,1,0,35,unhoused,citizen,True,False
"I am a student and work part-time, earning around $3144 a month. I am renting a room in a shared house for $1513 per month. I live alone. I have a chronic condition (hypertension) that requires regular medication. I struggle every month to pay my utility bills on time. I do not have legal immigration status.",0,0,0,0,0,262,owned,undocumented,False,True
"I recently lost my job at a local restaurant due to layoffs. I own my home but am struggling to keep up with the mortgage. I am caring for my elderly father who lives with me. I have been managing arthritis without proper medical care due to cost. My electricity bill has been very high this winter, around $212 per month.",1,1,0,1,1,59,owned,citizen,True,True
I recently lost my job at Target due to layoffs. I own my home but am struggling to keep up with the mortgage. I live alone. My child has diabetes and needs ongoing medical care. I am behind on my heating bills by $413.,1,1,0,0,1,115,unhoused,citizen,False,True
"I am a full-time caregiver for my spouse and have no outside income. I own my home but am struggling to keep up with the mortgage. I share an apartment with a roommate. My child has arthritis and needs ongoing medical care. My electricity bill has been very high this winter, around $177 per month. I do not have legal immigration status.",0,0,0,0,0,169,staying_with_family,undocumented,False,True
I receive disability benefits of $1236 per month and cannot work. I am currently renting an apartment for $1352 per month. I live alone. I have a chronic condition (asthma) that requires regular medication. I am a legal permanent resident and have been in the US for over 5 years.,1,1,0,0,0,103,staying_with_family,qualified_alien,True,False
I am a full-time caregiver for my spouse and have no outside income. I am renting a room in a shared house for $789 per month. I share an apartment with a roommate. I have a chronic condition (diabetes) that requires regular medication. I received a shutoff notice for my gas service. I am a legal permanent resident and have been in the US for over 5 years.,1,1,0,0,1,22,staying_with_family,qualified_alien,False,True
"I receive disability benefits of $1452 per month and cannot work. I recently became homeless after my landlord evicted me. I live with my partner. I have been managing arthritis without proper medical care due to cost. My electricity bill has been very high this winter, around $549 per month. I do not have legal immigration status.",0,0,0,0,1,121,owned,undocumented,False,True
I work part-time at a grocery store earning about $444 per month. I am renting a room in a shared house for $766 per month. I live with my partner. I have a chronic condition (depression) that requires regular medication. I received a shutoff notice for my gas service. I am a legal permanent resident and have been in the US for over 5 years.,1,1,1,0,1,37,renting,qualified_alien,False,True
I am a full-time caregiver for my father and have no outside income. I am renting a room in a shared house for $996 per month. I am a single parent with 1 kids. I recently lost my employer-sponsored health insurance. I struggle every month to pay my utility bills on time.,1,1,0,1,1,73,owned,citizen,True,True
"I am self-employed doing handyman work, my income varies month to month. I am currently renting an apartment for $1180 per month. I live alone. I recently lost my employer-sponsored health insurance. I do not have legal immigration status.",0,0,0,0,0,20,staying_with_family,undocumented,True,False
"I work 15 hours a week at restaurant, making $564 monthly. I own my home but am struggling to keep up with the mortgage. I live with my partner. I recently lost my employer-sponsored health insurance.",1,1,1,0,0,47,unhoused,citizen,False,False
I am a full-time caregiver for my spouse and have no outside income. I own my home but am struggling to keep up with the mortgage. I am caring for my elderly mother who lives with me. I recently lost my employer-sponsored health insurance. I am a legal permanent resident and have been in the US for over 5 years.,1,1,0,0,0,89,staying_with_family,qualified_alien,True,False
"I am self-employed doing freelance cleaning work, my income varies month to month. I have been unhoused for 12 months and am staying in a shelter. I am a single parent with 1 kids. My child has arthritis and needs ongoing medical care. I received a shutoff notice for my gas service.",0,0,0,0,0,299,unhoused,citizen,True,True
"I work 10 hours a week at restaurant, making $348 monthly. I recently became homeless after my landlord evicted me. I live alone. I have been managing diabetes without proper medical care due to cost. I received a shutoff notice for my gas service.",1,1,1,0,1,29,unhoused,citizen,False,True
"I work 15 hours a week at warehouse, making $2340 monthly. I am currently renting an apartment for $1246 per month. My household includes myself, my partner, and our 3 children. I have no health insurance.",0,0,0,0,0,195,renting,citizen,True,False
"I recently lost my job at Amazon due to layoffs. I am currently renting an apartment for $976 per month. My household includes myself, my partner, and our 2 children. My child has arthritis and needs ongoing medical care. I received a shutoff notice for my gas service.",0,0,0,0,0,231,owned,citizen,True,True
"I am self-employed doing rideshare work, my income varies month to month. I have been unhoused for 7 months and am staying in a shelter. I share an apartment with a roommate. I am pregnant and currently uninsured.",0,0,0,0,0,297,owned,citizen,False,False
"I receive disability benefits of $1512 per month and cannot work. I am staying with family temporarily as I cannot afford my own place. I have 3 children ages 1, 16. I have a chronic condition (diabetes) that requires regular medication.",1,1,0,0,0,126,staying_with_family,citizen,True,False
I recently lost my job at Amazon due to layoffs. I am staying with family temporarily as I cannot afford my own place. I live alone. I am pregnant and currently uninsured. I struggle every month to pay my utility bills on time. I do not have legal immigration status.,0,0,0,0,1,56,staying_with_family,undocumented,True,True
I am currently unemployed and have been looking for work for 7 months. I am currently renting an apartment for $1305 per month. I share an apartment with a roommate. I have been managing arthritis without proper medical care due to cost. I struggle every month to pay my utility bills on time. I do not have legal immigration status.,0,0,0,0,1,139,renting,undocumented,False,True
I recently lost my job at a local restaurant due to layoffs. I own my home but am struggling to keep up with the mortgage. I live with my spouse and 2 children. I am pregnant and currently uninsured. My utility bills take up a large portion of my income. I do not have legal immigration status.,0,0,0,0,1,72,owned,undocumented,True,True
"I am a student and work part-time, earning around $360 a month. I own my home but am struggling to keep up with the mortgage. I live with my partner. My child has hypertension and needs ongoing medical care. My utility bills take up a large portion of my income.",1,1,1,0,1,30,unhoused,citizen,False,True
"I am a student and work part-time, earning around $720 a month. I am renting a room in a shared house for $1282 per month. I am caring for my elderly father who lives with me. My child has arthritis and needs ongoing medical care. My utility bills take up a large portion of my income.",1,1,0,1,1,60,unhoused,citizen,True,True
I am currently unemployed and have been looking for work for 13 months. I own my home but am struggling to keep up with the mortgage. I live alone. I have been managing diabetes without proper medical care due to cost. I am behind on my heating bills by $471.,0,0,0,0,1,146,unhoused,citizen,True,True
"I am a student and work part-time, earning around $1152 a month. I own my home but am struggling to keep up with the mortgage. I have 3 children ages 16, 9, 16. I have no health insurance. I am behind on my heating bills by $435.",1,1,0,1,1,96,renting,citizen,True,True
I recently lost my job at Target due to layoffs. I own my home but am struggling to keep up with the mortgage. I live with my partner. I have no health insurance. My utility bills take up a large portion of my income. I am a legal permanent resident and have been in the US for over 5 years.,0,0,0,0,0,156,renting,qualified_alien,False,True
"I am a student and work part-time, earning around $444 a month. I am currently renting an apartment for $857 per month. I am a single parent with 2 kids. I recently lost my employer-sponsored health insurance. My electricity bill has been very high this winter, around $185 per month.",1,1,0,1,1,37,owned,citizen,True,True
I am currently unemployed and have been looking for work for 7 months. I am staying with family temporarily as I cannot afford my own place. I live alone. I am pregnant and currently uninsured. I struggle every month to pay my utility bills on time. I am a legal permanent resident and have been in the US for over 5 years.,1,1,0,0,1,64,unhoused,qualified_alien,False,True
"I am self-employed doing rideshare work, my income varies month to month. I have been unhoused for 8 months and am staying in a shelter. I share an apartment with a roommate. I am pregnant and currently uninsured. I received a shutoff notice for my gas service.",0,1,0,0,1,131,owned,citizen,False,True
I work part-time at a cleaning service earning about $1236 per month. I recently became homeless after my landlord evicted me. I live with my partner. My child has hypertension and needs ongoing medical care. I am behind on my heating bills by $420.,1,1,0,0,1,103,renting,citizen,False,True
"I am a student and work part-time, earning around $468 a month. I recently became homeless after my landlord evicted me. I live alone. I have a chronic condition (hypertension) that requires regular medication. I am a legal permanent resident and have been in the US for over 5 years.",1,1,0,0,0,39,owned,qualified_alien,False,False
I am a full-time caregiver for my spouse and have no outside income. I have been unhoused for 8 months and am staying in a shelter. I live alone. I have a chronic condition (depression) that requires regular medication. I struggle every month to pay my utility bills on time.,1,1,0,0,1,101,renting,citizen,True,True
"I am self-employed doing handyman work, my income varies month to month. I own my home but am struggling to keep up with the mortgage. I live alone. I have no health insurance. My electricity bill has been very high this winter, around $528 per month.",0,0,0,0,0,267,renting,citizen,False,True
I am currently unemployed and have been looking for work for 11 months. I am currently renting an apartment for $992 per month. I share an apartment with a roommate. I recently lost my employer-sponsored health insurance. I am a legal permanent resident and have been in the US for over 5 years.,0,0,0,0,0,152,renting,qualified_alien,False,False
"I am a full-time caregiver for my spouse and have no outside income. I own my home but am struggling to keep up with the mortgage. I am caring for my elderly grandmother who lives with me. I recently lost my employer-sponsored health insurance. My electricity bill has been very high this winter, around $566 per month.",0,1,0,0,1,132,renting,citizen,True,True
"I work part-time at a grocery store earning about $1728 per month. I am renting a room in a shared house for $1341 per month. My household includes myself, my partner, and our 4 children. My child has hypertension and needs ongoing medical care. I am behind on my heating bills by $152. I do not have legal immigration status.",0,0,0,0,1,144,unhoused,undocumented,True,True
I am currently unemployed and have been looking for work for 17 months. I have been unhoused for 9 months and am staying in a shelter. I live alone. I have been managing arthritis without proper medical care due to cost. I am a legal permanent resident and have been in the US for over 5 years.,1,1,0,0,0,77,renting,qualified_alien,False,False
"I work part-time at a restaurant earning about $348 per month. I am staying with family temporarily as I cannot afford my own place. My household includes myself, my partner, and our 1 children. I have no health insurance. I received a shutoff notice for my gas service. I am a legal permanent resident and have been in the US for over 5 years.",1,1,1,0,1,29,unhoused,qualified_alien,True,True
I am currently unemployed and have been looking for work for 5 months. I own my home but am struggling to keep up with the mortgage. I live alone. I recently lost my employer-sponsored health insurance.,1,1,0,0,0,87,unhoused,citizen,False,False
"I am currently unemployed and have been looking for work for 15 months. I am renting a room in a shared house for $1005 per month. My household includes myself, my partner, and our 4 children. I have no health insurance. I struggle every month to pay my utility bills on time.",0,0,0,0,0,162,unhoused,citizen,True,True
I am currently unemployed and have been looking for work for 1 months. I am currently renting an apartment for $1609 per month. I am a single parent with 4 kids. I recently lost my employer-sponsored health insurance. I received a shutoff notice for my gas service.,0,0,0,0,0,211,owned,citizen,True,True
"I am self-employed doing food delivery work, my income varies month to month. I am staying with family temporarily as I cannot afford my own place. I have 4 children ages 7, 6, 15. I have been managing depression without proper medical care due to cost. My utility bills take up a large portion of my income. I am a legal permanent resident and have been in the US for over 5 years.",1,1,0,0,1,85,unhoused,qualified_alien,True,True
"I am self-employed doing food delivery work, my income varies month to month. I recently became homeless after my landlord evicted me. I am caring for my elderly mother who lives with me. I have a chronic condition (depression) that requires regular medication. My electricity bill has been very high this winter, around $327 per month.",1,1,0,0,1,128,unhoused,citizen,True,True
"I receive disability benefits of $3924 per month and cannot work. I own my home but am struggling to keep up with the mortgage. My household includes myself, my partner, and our 4 children. I am pregnant and currently uninsured. I received a shutoff notice for my gas service.",0,0,0,0,0,327,owned,citizen,True,True
I am a full-time caregiver for my spouse and have no outside income. I am currently renting an apartment for $1270 per month. I live alone. I have been managing hypertension without proper medical care due to cost.,0,0,0,0,0,163,owned,citizen,True,False
"I work 20 hours a week at retail shop, making $2484 monthly. I am currently renting an apartment for $1115 per month. I live with my partner. I recently lost my employer-sponsored health insurance. I am behind on my heating bills by $222.",0,0,0,0,0,207,staying_with_family,citizen,False,True
"I recently lost my job at Amazon due to layoffs. I am currently renting an apartment for $1677 per month. My household includes myself, my partner, and our 2 children. I have been managing hypertension without proper medical care due to cost.",0,0,0,0,0,308,staying_with_family,citizen,True,False
"I am a student and work part-time, earning around $1068 a month. I am currently renting an apartment for $633 per month. I am caring for my elderly mother who lives with me. My child has hypertension and needs ongoing medical care. My utility bills take up a large portion of my income.",1,1,0,1,1,89,staying_with_family,citizen,True,True
"I am a full-time caregiver for my spouse and have no outside income. I am staying with family temporarily as I cannot afford my own place. My household includes myself, my partner, and our 3 children. I have no health insurance.",1,1,0,1,0,63,renting,citizen,True,False
"I am self-employed doing handyman work, my income varies month to month. I recently became homeless after my landlord evicted me. I live with my partner. I recently lost my employer-sponsored health insurance. I struggle every month to pay my utility bills on time. I do not have legal immigration status.",0,0,0,0,0,217,staying_with_family,undocumented,False,True
I am currently unemployed and have been looking for work for 1 months. I recently became homeless after my landlord evicted me. I live alone. I have no health insurance. I received a shutoff notice for my gas service.,0,0,0,0,0,157,unhoused,citizen,False,True
I recently lost my job at a local restaurant due to layoffs. I recently became homeless after my landlord evicted me. I live with my spouse and 1 children. My child has depression and needs ongoing medical care. I received a shutoff notice for my gas service.,0,0,0,0,0,189,unhoused,citizen,True,True
"I work part-time at a cleaning service earning about $3876 per month. I have been unhoused for 8 months and am staying in a shelter. I have 1 children ages 12, 4. I have a chronic condition (hypertension) that requires regular medication. I received a shutoff notice for my gas service.",0,0,0,0,0,323,renting,citizen,True,True
I am currently unemployed and have been looking for work for 16 months. I recently became homeless after my landlord evicted me. I live with my partner. I have a chronic condition (arthritis) that requires regular medication. I received a shutoff notice for my gas service.,0,0,0,0,0,222,unhoused,citizen,False,True
I receive disability benefits of $1728 per month and cannot work. I am currently renting an apartment for $1754 per month. I am a single parent with 1 kids. My child has diabetes and needs ongoing medical care. I am a legal permanent resident and have been in the US for over 5 years.,0,0,0,0,0,144,unhoused,qualified_alien,True,False
I recently lost my job at a local restaurant due to layoffs. I recently became homeless after my landlord evicted me. I am a single parent with 1 kids. I have been managing arthritis without proper medical care due to cost. My utility bills take up a large portion of my income.,1,1,0,1,1,28,owned,citizen,True,True
I recently lost my job at Amazon due to layoffs. I am currently renting an apartment for $955 per month. I live with my spouse and 1 children. I have been managing diabetes without proper medical care due to cost. I received a shutoff notice for my gas service.,1,1,0,0,1,118,renting,citizen,True,True
"I receive disability benefits of $4104 per month and cannot work. I am currently renting an apartment for $1129 per month. I share an apartment with a roommate. My child has depression and needs ongoing medical care. My electricity bill has been very high this winter, around $208 per month. I am a legal permanent resident and have been in the US for over 5 years.",0,0,0,0,0,342,staying_with_family,qualified_alien,False,True
"I am a student and work part-time, earning around $3948 a month. I am staying with family temporarily as I cannot afford my own place. I live with my partner. I have been managing depression without proper medical care due to cost.",0,0,0,0,0,329,staying_with_family,citizen,False,False
"I am self-employed doing handyman work, my income varies month to month. I own my home but am struggling to keep up with the mortgage. I am a single parent with 4 kids. I have no health insurance.",0,0,0,0,0,192,renting,citizen,True,False
I receive disability benefits of $948 per month and cannot work. I own my home but am struggling to keep up with the mortgage. I live alone. My child has diabetes and needs ongoing medical care.,1,1,0,0,0,79,staying_with_family,citizen,False,False
"I work 15 hours a week at restaurant, making $3144 monthly. I am staying with family temporarily as I cannot afford my own place. My household includes myself, my partner, and our 2 children. I have a chronic condition (hypertension) that requires regular medication.",0,0,0,0,0,262,owned,citizen,True,False
"I am self-employed doing rideshare work, my income varies month to month. I am staying with family temporarily as I cannot afford my own place. I share an apartment with a roommate. I have a chronic condition (hypertension) that requires regular medication. I am behind on my heating bills by $481.",1,1,1,0,1,26,unhoused,citizen,False,True
I am a full-time caregiver for my spouse and have no outside income. I have been unhoused for 12 months and am staying in a shelter. I am caring for my elderly grandmother who lives with me. I have no health insurance. I received a shutoff notice for my gas service.,1,1,0,0,1,108,owned,citizen,True,True
"I recently lost my job at Amazon due to layoffs. I am staying with family temporarily as I cannot afford my own place. I have 3 children ages 12, 8, 12. I have no health insurance. I received a shutoff notice for my gas service. I do not have legal immigration status.",0,0,0,0,0,254,owned,undocumented,True,True
I am currently unemployed and have been looking for work for 16 months. I have been unhoused for 3 months and am staying in a shelter. I am a single parent with 2 kids. My child has hypertension and needs ongoing medical care. I received a shutoff notice for my gas service.,1,1,0,1,1,61,owned,citizen,True,True
I am currently unemployed and have been looking for work for 14 months. I am renting a room in a shared house for $1489 per month. I share an apartment with a roommate. I have been managing depression without proper medical care due to cost. I received a shutoff notice for my gas service.,1,1,0,0,1,98,renting,citizen,False,True
I work part-time at a grocery store earning about $1128 per month. I am staying with family temporarily as I cannot afford my own place. I am a single parent with 2 kids. I have no health insurance. My utility bills take up a large portion of my income.,1,1,0,1,1,94,owned,citizen,True,True
I recently lost my job at a small business due to layoffs. I recently became homeless after my landlord evicted me. I live alone. I recently lost my employer-sponsored health insurance.,0,0,0,0,0,149,staying_with_family,citizen,False,False
I receive disability benefits of $1920 per month and cannot work. I am currently renting an apartment for $1622 per month. I am a single parent with 4 kids. I have been managing hypertension without proper medical care due to cost. My utility bills take up a large portion of my income. I do not have legal immigration status.,0,0,0,0,0,160,unhoused,undocumented,True,True
"I receive disability benefits of $1320 per month and cannot work. I recently became homeless after my landlord evicted me. I have 2 children ages 7, 13, 5. My child has diabetes and needs ongoing medical care. I struggle every month to pay my utility bills on time.",1,1,0,0,1,110,staying_with_family,citizen,True,True
I am a full-time caregiver for my spouse and have no outside income. I am currently renting an apartment for $851 per month. I am a single parent with 1 kids. I have been managing arthritis without proper medical care due to cost. I am behind on my heating bills by $169.,0,1,0,0,1,134,renting,citizen,True,True
"I recently lost my job at a small business due to layoffs. I am staying with family temporarily as I cannot afford my own place. My household includes myself, my partner, and our 3 children. My child has asthma and needs ongoing medical care. I am behind on my heating bills by $516.",0,0,0,0,0,168,owned,citizen,True,True
"I am currently unemployed and have been looking for work for 1 months. I am staying with family temporarily as I cannot afford my own place. I have 3 children ages 13, 13, 11. My child has diabetes and needs ongoing medical care. I received a shutoff notice for my gas service.",0,0,0,0,0,356,unhoused,citizen,True,True
I work part-time at a retail shop earning about $1740 per month. I own my home but am struggling to keep up with the mortgage. I live with my spouse and 4 children. I am pregnant and currently uninsured. I am behind on my heating bills by $290.,0,0,0,0,1,145,unhoused,citizen,True,True
I am a full-time caregiver for my mother and have no outside income. I am renting a room in a shared house for $720 per month. I have 2 children ages 16. I recently lost my employer-sponsored health insurance. My utility bills take up a large portion of my income.,0,0,0,0,0,170,renting,citizen,True,True
"I work 10 hours a week at warehouse, making $1548 monthly. I am renting a room in a shared house for $1656 per month. I live with my spouse and 3 children. My child has arthritis and needs ongoing medical care. My electricity bill has been very high this winter, around $251 per month. I do not have legal immigration status.",0,0,0,0,1,129,unhoused,undocumented,True,True
I work part-time at a restaurant earning about $360 per month. I am staying with family temporarily as I cannot afford my own place. I live with my spouse and 4 children. I have a chronic condition (arthritis) that requires regular medication.,1,1,0,1,0,30,staying_with_family,citizen,True,False
"I am a student and work part-time, earning around $492 a month. I own my home but am struggling to keep up with the mortgage. I live alone. I am pregnant and currently uninsured. I received a shutoff notice for my gas service.",1,1,0,0,1,41,owned,citizen,False,True
"I receive disability benefits of $1056 per month and cannot work. I own my home but am struggling to keep up with the mortgage. My household includes myself, my partner, and our 2 children. My child has depression and needs ongoing medical care. I struggle every month to pay my utility bills on time.",1,1,0,1,1,88,renting,citizen,True,True
I work part-time at a retail shop earning about $2208 per month. I have been unhoused for 9 months and am staying in a shelter. I live with my partner. I am pregnant and currently uninsured. I am a legal permanent resident and have been in the US for over 5 years.,0,0,0,0,0,184,owned,qualified_alien,False,False
"I recently lost my job at Target due to layoffs. I have been unhoused for 11 months and am staying in a shelter. My household includes myself, my partner, and our 2 children. I have no health insurance. I am a legal permanent resident and have been in the US for over 5 years.",0,0,0,0,0,188,unhoused,qualified_alien,True,False
"I am a student and work part-time, earning around $2532 a month. I am staying with family temporarily as I cannot afford my own place. I live alone. I have a chronic condition (depression) that requires regular medication. My electricity bill has been very high this winter, around $222 per month. I am a legal permanent resident and have been in the US for over 5 years.",0,0,0,0,0,211,unhoused,qualified_alien,False,True
"I am a full-time caregiver for my mother and have no outside income. I am staying with family temporarily as I cannot afford my own place. I live with my partner. My child has depression and needs ongoing medical care. My electricity bill has been very high this winter, around $153 per month.",1,1,1,0,1,43,unhoused,citizen,False,True
"I am self-employed doing rideshare work, my income varies month to month. I own my home but am struggling to keep up with the mortgage. I have 2 children ages 11, 14, 9. I have been managing arthritis without proper medical care due to cost. I am a legal permanent resident and have been in the US for over 5 years.",0,0,0,0,0,286,unhoused,qualified_alien,True,False
"I work 25 hours a week at restaurant, making $2496 monthly. I am currently renting an apartment for $1168 per month. I share an apartment with a roommate. I have no health insurance. I received a shutoff notice for my gas service. I am a legal permanent resident and have been in the US for over 5 years.",0,0,0,0,0,208,renting,qualified_alien,False,True
I recently lost my job at a small business due to layoffs. I recently became homeless after my landlord evicted me. I am a single parent with 4 kids. I am pregnant and currently uninsured. I received a shutoff notice for my gas service. I do not have legal immigration status.,0,0,0,0,0,222,unhoused,undocumented,True,True
"I am a student and work part-time, earning around $2316 a month. I recently became homeless after my landlord evicted me. I live alone. I have been managing asthma without proper medical care due to cost. My utility bills take up a large portion of my income.",0,0,0,0,0,193,unhoused,citizen,False,True
"I am self-employed doing freelance cleaning work, my income varies month to month. I own my home but am struggling to keep up with the mortgage. I live alone. I have been managing depression without proper medical care due to cost. I struggle every month to pay my utility bills on time.",0,0,0,0,0,151,renting,citizen,True,True
I receive disability benefits of $1212 per month and cannot work. I have been unhoused for 12 months and am staying in a shelter. I live with my partner. My child has depression and needs ongoing medical care. I received a shutoff notice for my gas service.,1,1,0,0,1,101,renting,citizen,False,True
I am a full-time caregiver for my father and have no outside income. I am renting a room in a shared house for $1700 per month. I live with my spouse and 2 children. I have a chronic condition (hypertension) that requires regular medication. I am behind on my heating bills by $235.,1,1,0,1,1,45,owned,citizen,True,True
"I am a student and work part-time, earning around $1680 a month. I own my home but am struggling to keep up with the mortgage. I am a single parent with 4 kids. I recently lost my employer-sponsored health insurance. I am a legal permanent resident and have been in the US for over 5 years.",0,0,0,0,0,140,renting,qualified_alien,True,False
I am currently unemployed and have been looking for work for 3 months. I have been unhoused for 9 months and am staying in a shelter. I am caring for my elderly father who lives with me. I recently lost my employer-sponsored health insurance. I do not have legal immigration status.,0,0,1,0,0,36,unhoused,undocumented,True,False
"I receive disability benefits of $2172 per month and cannot work. I am renting a room in a shared house for $1718 per month. I share an apartment with a roommate. I am pregnant and currently uninsured. My electricity bill has been very high this winter, around $486 per month.",0,0,0,0,0,181,renting,citizen,False,True
"I am a full-time caregiver for my spouse and have no outside income. I am renting a room in a shared house for $888 per month. My household includes myself, my partner, and our 4 children. I am pregnant and currently uninsured.",0,0,0,0,0,302,staying_with_family,citizen,True,False
I recently lost my job at a local restaurant due to layoffs. I have been unhoused for 8 months and am staying in a shelter. I share an apartment with a roommate. My child has asthma and needs ongoing medical care. I struggle every month to pay my utility bills on time. I do not have legal immigration status.,0,0,0,0,0,186,staying_with_family,undocumented,False,True
I am currently unemployed and have been looking for work for 11 months. I am currently renting an apartment for $863 per month. I am a single parent with 1 kids. My child has asthma and needs ongoing medical care. I received a shutoff notice for my gas service. I am a legal permanent resident and have been in the US for over 5 years.,1,1,0,0,1,56,unhoused,qualified_alien,True,True
"I work 10 hours a week at warehouse, making $1176 monthly. I am staying with family temporarily as I cannot afford my own place. I share an apartment with a roommate. I recently lost my employer-sponsored health insurance. I am behind on my heating bills by $315.",1,1,0,0,1,98,unhoused,citizen,False,True
"I am a full-time caregiver for my mother and have no outside income. I am staying with family temporarily as I cannot afford my own place. I live with my partner. I recently lost my employer-sponsored health insurance. My electricity bill has been very high this winter, around $399 per month.",0,0,0,0,0,199,renting,citizen,False,True
"I am a student and work part-time, earning around $1248 a month. I am staying with family temporarily as I cannot afford my own place. I am caring for my elderly grandmother who lives with me. I am pregnant and currently uninsured. I am behind on my heating bills by $496.",1,1,0,0,1,104,unhoused,citizen,True,True
I receive disability benefits of $2808 per month and cannot work. I have been unhoused for 4 months and am staying in a shelter. I am a single parent with 3 kids. I have no health insurance. I struggle every month to pay my utility bills on time.,0,0,0,0,0,234,staying_with_family,citizen,True,True
I receive disability benefits of $1044 per month and cannot work. I am currently renting an apartment for $801 per month. I am a single parent with 2 kids. My child has arthritis and needs ongoing medical care. I do not have legal immigration status.,0,0,0,0,0,87,unhoused,undocumented,True,False
"I am self-employed doing food delivery work, my income varies month to month. I recently became homeless after my landlord evicted me. I live with my spouse and 3 children. I have been managing diabetes without proper medical care due to cost. I received a shutoff notice for my gas service.",0,0,0,0,0,200,unhoused,citizen,True,True
I am a full-time caregiver for my mother and have no outside income. I own my home but am struggling to keep up with the mortgage. I live with my spouse and 3 children. I have been managing arthritis without proper medical care due to cost. I struggle every month to pay my utility bills on time.,1,1,0,1,1,86,unhoused,citizen,True,True
"I am a student and work part-time, earning around $300 a month. I am renting a room in a shared house for $696 per month. I am caring for my elderly mother who lives with me. I am pregnant and currently uninsured. I am a legal permanent resident and have been in the US for over 5 years.",1,1,1,0,0,25,renting,qualified_alien,True,False
"I work 25 hours a week at warehouse, making $384 monthly. I have been unhoused for 7 months and am staying in a shelter. I am a single parent with 4 kids. I am pregnant and currently uninsured. I struggle every month to pay my utility bills on time.",1,1,1,1,1,32,renting,citizen,True,True
"I work 20 hours a week at retail shop, making $3252 monthly. I recently became homeless after my landlord evicted me. I live alone. I have a chronic condition (diabetes) that requires regular medication.",0,0,0,0,0,271,unhoused,citizen,False,False
"I am a student and work part-time, earning around $2328 a month. I own my home but am struggling to keep up with the mortgage. I live alone. I have no health insurance. I am behind on my heating bills by $379. I do not have legal immigration status.",0,0,0,0,0,194,renting,undocumented,False,True
I am currently unemployed and have been looking for work for 6 months. I have been unhoused for 6 months and am staying in a shelter. I live with my partner. I am pregnant and currently uninsured. I do not have legal immigration status.,0,0,0,0,0,247,owned,undocumented,False,False
I work part-time at a warehouse earning about $1524 per month. I am staying with family temporarily as I cannot afford my own place. I share an apartment with a roommate. I have no health insurance. I am a legal permanent resident and have been in the US for over 5 years.,1,1,0,0,0,127,unhoused,qualified_alien,False,False
I recently lost my job at Target due to layoffs. I am currently renting an apartment for $1225 per month. I live with my spouse and 2 children. I have been managing arthritis without proper medical care due to cost.,1,1,0,0,0,112,renting,citizen,True,False
I receive disability benefits of $852 per month and cannot work. I am renting a room in a shared house for $919 per month. I am a single parent with 4 kids. I have a chronic condition (arthritis) that requires regular medication. I am behind on my heating bills by $370. I do not have legal immigration status.,0,0,0,0,1,71,staying_with_family,undocumented,True,True
I am a full-time caregiver for my father and have no outside income. I recently became homeless after my landlord evicted me. I share an apartment with a roommate. My child has asthma and needs ongoing medical care. I do not have legal immigration status.,0,0,0,0,0,131,unhoused,undocumented,False,False
"I am self-employed doing handyman work, my income varies month to month. I recently became homeless after my landlord evicted me. I have 2 children ages 8, 9, 9. My child has depression and needs ongoing medical care. I am a legal permanent resident and have been in the US for over 5 years.",1,1,0,0,0,105,owned,qualified_alien,True,False
"I work 15 hours a week at cleaning service, making $2112 monthly. I have been unhoused for 1 months and am staying in a shelter. I have 3 children ages 14. I have been managing hypertension without proper medical care due to cost. I struggle every month to pay my utility bills on time.",0,0,0,0,0,176,staying_with_family,citizen,True,True
"I am currently unemployed and have been looking for work for 4 months. I am renting a room in a shared house for $739 per month. My household includes myself, my partner, and our 2 children. I am pregnant and currently uninsured. My electricity bill has been very high this winter, around $196 per month.",1,1,1,1,1,25,unhoused,citizen,True,True
I am a full-time caregiver for my spouse and have no outside income. I am currently renting an apartment for $1345 per month. I live alone. I have no health insurance. I am behind on my heating bills by $566. I am a legal permanent resident and have been in the US for over 5 years.,1,1,0,0,1,69,renting,qualified_alien,False,True
I recently lost my job at Target due to layoffs. I am renting a room in a shared house for $1473 per month. I have 1 children ages 6. I have a chronic condition (arthritis) that requires regular medication.,1,1,0,1,0,72,owned,citizen,True,False
I am currently unemployed and have been looking for work for 1 months. I have been unhoused for 3 months and am staying in a shelter. I live with my partner. I have a chronic condition (arthritis) that requires regular medication. I am behind on my heating bills by $281.,0,0,0,0,0,370,staying_with_family,citizen,False,True
"I work 25 hours a week at grocery store, making $2304 monthly. I am staying with family temporarily as I cannot afford my own place. I share an apartment with a roommate. I recently lost my employer-sponsored health insurance. I received a shutoff notice for my gas service.",0,0,0,0,0,192,renting,citizen,False,True
I work part-time at a warehouse earning about $264 per month. I recently became homeless after my landlord evicted me. I am a single parent with 2 kids. I have no health insurance. I am behind on my heating bills by $221.,1,1,1,1,1,22,unhoused,citizen,True,True
I am currently unemployed and have been looking for work for 6 months. I own my home but am struggling to keep up with the mortgage. I share an apartment with a roommate. I have a chronic condition (asthma) that requires regular medication. My utility bills take up a large portion of my income.,0,0,0,0,0,248,staying_with_family,citizen,False,True
I work part-time at a retail shop earning about $396 per month. I have been unhoused for 6 months and am staying in a shelter. I live alone. I am pregnant and currently uninsured. I received a shutoff notice for my gas service.,1,1,1,0,1,33,renting,citizen,False,True
I work part-time at a restaurant earning about $360 per month. I am currently renting an apartment for $1339 per month. I live alone. I am pregnant and currently uninsured. I received a shutoff notice for my gas service.,1,1,1,0,1,30,unhoused,citizen,False,True
I am a full-time caregiver for my father and have no outside income. I am currently renting an apartment for $1076 per month. I share an apartment with a roommate. I have a chronic condition (depression) that requires regular medication.,0,0,0,0,0,208,owned,citizen,False,False
I receive disability benefits of $576 per month and cannot work. I am currently renting an apartment for $772 per month. I have 4 children ages 15. I am pregnant and currently uninsured. I am behind on my heating bills by $521.,1,1,1,1,1,48,unhoused,citizen,True,True
I am a full-time caregiver for my father and have no outside income. I am currently renting an apartment for $1474 per month. I live with my spouse and 1 children. I have no health insurance. I do not have legal immigration status.,0,0,1,0,0,28,renting,undocumented,True,False
"I am a student and work part-time, earning around $468 a month. I am renting a room in a shared house for $1320 per month. I am caring for my elderly mother who lives with me. I have a chronic condition (diabetes) that requires regular medication. I struggle every month to pay my utility bills on time. I am a legal permanent resident and have been in the US for over 5 years.",1,1,1,0,1,39,renting,qualified_alien,True,True
I work part-time at a grocery store earning about $1608 per month. I own my home but am struggling to keep up with the mortgage. I live with my spouse and 4 children. I have a chronic condition (asthma) that requires regular medication. I received a shutoff notice for my gas service.,0,1,0,0,1,134,renting,citizen,True,True
"I work 25 hours a week at restaurant, making $2700 monthly. I am staying with family temporarily as I cannot afford my own place. I live alone. I am pregnant and currently uninsured. I do not have legal immigration status.",0,0,0,0,0,225,renting,undocumented,False,False
I recently lost my job at Target due to layoffs. I am renting a room in a shared house for $973 per month. I am a single parent with 4 kids. I am pregnant and currently uninsured. I am behind on my heating bills by $384. I do not have legal immigration status.,0,0,0,0,0,175,staying_with_family,undocumented,True,True
I am currently unemployed and have been looking for work for 8 months. I am renting a room in a shared house for $1682 per month. I live with my partner. I have a chronic condition (arthritis) that requires regular medication. I received a shutoff notice for my gas service.,0,0,0,0,0,155,staying_with_family,citizen,False,True
"I am self-employed doing handyman work, my income varies month to month. I am staying with family temporarily as I cannot afford my own place. I am a single parent with 2 kids. My child has asthma and needs ongoing medical care. My electricity bill has been very high this winter, around $586 per month. I am a legal permanent resident and have been in the US for over 5 years.",1,1,0,0,1,124,owned,qualified_alien,True,True
I recently lost my job at a small business due to layoffs. I have been unhoused for 7 months and am staying in a shelter. I live alone. My child has asthma and needs ongoing medical care. My utility bills take up a large portion of my income.,1,1,0,0,1,107,owned,citizen,False,True
I am a full-time caregiver for my mother and have no outside income. I am currently renting an apartment for $758 per month. I live with my partner. I have a chronic condition (hypertension) that requires regular medication.,0,0,0,0,0,158,staying_with_family,citizen,False,False
I receive disability benefits of $1968 per month and cannot work. I am currently renting an apartment for $930 per month. I live alone. I have no health insurance. I received a shutoff notice for my gas service.,0,0,0,0,0,164,staying_with_family,citizen,False,True
"I am a student and work part-time, earning around $3180 a month. I recently became homeless after my landlord evicted me. I am a single parent with 1 kids. My child has hypertension and needs ongoing medical care. My electricity bill has been very high this winter, around $283 per month.",0,0,0,0,0,265,owned,citizen,True,True
"I am self-employed doing food delivery work, my income varies month to month. I recently became homeless after my landlord evicted me. I live alone. I have a chronic condition (asthma) that requires regular medication. I am a legal permanent resident and have been in the US for over 5 years.",1,1,0,0,0,122,owned,qualified_alien,True,False
I work part-time at a retail shop earning about $4368 per month. I recently became homeless after my landlord evicted me. I share an apartment with a roommate. I have no health insurance.,0,0,0,0,0,364,unhoused,citizen,False,False
I work part-time at a retail shop earning about $3156 per month. I own my home but am struggling to keep up with the mortgage. I live with my partner. I have no health insurance. My utility bills take up a large portion of my income. I do not have legal immigration status.,0,0,0,0,0,263,owned,undocumented,False,True
I receive disability benefits of $312 per month and cannot work. I am staying with family temporarily as I cannot afford my own place. I live alone. I have no health insurance.,1,1,1,0,0,26,unhoused,citizen,False,False
"I work 15 hours a week at cleaning service, making $1968 monthly. I am currently renting an apartment for $738 per month. I live alone. I have a chronic condition (hypertension) that requires regular medication. I am behind on my heating bills by $281.",0,0,0,0,0,164,unhoused,citizen,False,True
"I work 20 hours a week at restaurant, making $3096 monthly. I am renting a room in a shared house for $1159 per month. I am a single parent with 4 kids. I am pregnant and currently uninsured. I am behind on my heating bills by $453.",0,0,0,0,0,258,unhoused,citizen,True,True
"I am self-employed doing rideshare work, my income varies month to month. I recently became homeless after my landlord evicted me. I am a single parent with 2 kids. I have a chronic condition (asthma) that requires regular medication. My utility bills take up a large portion of my income. I do not have legal immigration status.",0,0,0,0,0,281,staying_with_family,undocumented,True,True
"I work 15 hours a week at retail shop, making $420 monthly. I have been unhoused for 7 months and am staying in a shelter. I live alone. My child has hypertension and needs ongoing medical care. My electricity bill has been very high this winter, around $558 per month. I do not have legal immigration status.",0,0,1,0,1,35,unhoused,undocumented,False,True
I receive disability benefits of $1656 per month and cannot work. I am renting a room in a shared house for $1200 per month. I share an apartment with a roommate. I have a chronic condition (arthritis) that requires regular medication. I am a legal permanent resident and have been in the US for over 5 years.,0,1,0,0,0,138,unhoused,qualified_alien,False,False
"I am self-employed doing rideshare work, my income varies month to month. I own my home but am struggling to keep up with the mortgage. I live with my partner. I recently lost my employer-sponsored health insurance.",0,0,0,0,0,172,unhoused,citizen,False,False
I receive disability benefits of $1164 per month and cannot work. I am staying with family temporarily as I cannot afford my own place. I share an apartment with a roommate. I have been managing asthma without proper medical care due to cost. My utility bills take up a large portion of my income.,1,1,0,0,1,97,owned,citizen,False,True
I am currently unemployed and have been looking for work for 5 months. I own my home but am struggling to keep up with the mortgage. I share an apartment with a roommate. I have a chronic condition (diabetes) that requires regular medication. I do not have legal immigration status.,0,0,0,0,0,124,unhoused,undocumented,False,False
"I am a full-time caregiver for my spouse and have no outside income. I am renting a room in a shared house for $1587 per month. My household includes myself, my partner, and our 2 children. I have no health insurance. I am behind on my heating bills by $520. I am a legal permanent resident and have been in the US for over 5 years.",0,0,0,0,1,141,unhoused,qualified_alien,True,True
"I am self-employed doing rideshare work, my income varies month to month. I am renting a room in a shared house for $1620 per month. I live with my partner. I recently lost my employer-sponsored health insurance. I do not have legal immigration status.",0,0,0,0,0,152,renting,undocumented,False,False
"I am self-employed doing rideshare work, my income varies month to month. I am currently renting an apartment for $1387 per month. I have 2 children ages 8, 2, 12. I have a chronic condition (diabetes) that requires regular medication. I do not have legal immigration status.",0,0,0,0,0,367,owned,undocumented,True,False
"I am self-employed doing rideshare work, my income varies month to month. I am currently renting an apartment for $664 per month. I have 4 children ages 14, 16. My child has depression and needs ongoing medical care. I am behind on my heating bills by $586.",0,0,0,0,0,264,staying_with_family,citizen,True,True
I am currently unemployed and have been looking for work for 7 months. I have been unhoused for 2 months and am staying in a shelter. I live alone. I recently lost my employer-sponsored health insurance. My utility bills take up a large portion of my income.,0,0,0,0,0,189,owned,citizen,False,True
"I am self-employed doing food delivery work, my income varies month to month. I recently became homeless after my landlord evicted me. My household includes myself, my partner, and our 3 children. I recently lost my employer-sponsored health insurance. I received a shutoff notice for my gas service. I do not have legal immigration status.",0,0,0,0,1,101,renting,undocumented,True,True
"I work part-time at a restaurant earning about $2448 per month. I own my home but am struggling to keep up with the mortgage. I have 3 children ages 5, 15, 15. I have no health insurance. My utility bills take up a large portion of my income.",0,0,0,0,0,204,staying_with_family,citizen,True,True
"I am a full-time caregiver for my mother and have no outside income. I am staying with family temporarily as I cannot afford my own place. I have 3 children ages 3, 10, 12. My child has hypertension and needs ongoing medical care.",1,1,0,0,0,108,owned,citizen,True,False
I receive disability benefits of $1668 per month and cannot work. I am currently renting an apartment for $661 per month. I live alone. I have been managing arthritis without proper medical care due to cost. I am a legal permanent resident and have been in the US for over 5 years.,0,0,0,0,0,139,owned,qualified_alien,True,False
"I am a student and work part-time, earning around $2388 a month. I have been unhoused for 8 months and am staying in a shelter. I live alone. I have a chronic condition (diabetes) that requires regular medication. I am behind on my heating bills by $407. I am a legal permanent resident and have been in the US for over 5 years.",0,0,0,0,0,199,owned,qualified_alien,True,True
"I am a student and work part-time, earning around $1656 a month. I own my home but am struggling to keep up with the mortgage. My household includes myself, my partner, and our 3 children. I am pregnant and currently uninsured. My electricity bill has been very high this winter, around $347 per month. I am a legal permanent resident and have been in the US for over 5 years.",0,1,0,0,1,138,renting,qualified_alien,True,True
"I am self-employed doing handyman work, my income varies month to month. I have been unhoused for 7 months and am staying in a shelter. I live with my partner. I am pregnant and currently uninsured. My electricity bill has been very high this winter, around $327 per month. I am a legal permanent resident and have been in the US for over 5 years.",0,0,0,0,0,175,unhoused,qualified_alien,False,True
"I work 15 hours a week at cleaning service, making $2280 monthly. I recently became homeless after my landlord evicted me. I am a single parent with 4 kids. I have no health insurance. I am a legal permanent resident and have been in the US for over 5 years.",0,0,0,0,0,190,owned,qualified_alien,True,False
I am a full-time caregiver for my spouse and have no outside income. I own my home but am struggling to keep up with the mortgage. I live alone. I have no health insurance.,0,0,0,0,0,159,staying_with_family,citizen,False,False
"I work 25 hours a week at cleaning service, making $4152 monthly. I am staying with family temporarily as I cannot afford my own place. I live with my spouse and 2 children. My child has diabetes and needs ongoing medical care. I received a shutoff notice for my gas service. I do not have legal immigration status.",0,0,0,0,0,346,owned,undocumented,True,True
I work part-time at a retail shop earning about $1848 per month. I own my home but am struggling to keep up with the mortgage. I live alone. I am pregnant and currently uninsured. I am a legal permanent resident and have been in the US for over 5 years.,0,0,0,0,0,154,renting,qualified_alien,False,False
"I work 15 hours a week at retail shop, making $3156 monthly. I own my home but am struggling to keep up with the mortgage. I live with my partner. My child has asthma and needs ongoing medical care. I received a shutoff notice for my gas service. I do not have legal immigration status.",0,0,0,0,0,263,renting,undocumented,False,True
"I am currently unemployed and have been looking for work for 10 months. I am staying with family temporarily as I cannot afford my own place. I have 3 children ages 6, 15, 10. My child has asthma and needs ongoing medical care. I received a shutoff notice for my gas service. I do not have legal immigration status.",0,0,0,0,0,181,unhoused,undocumented,True,True
"I recently lost my job at Amazon due to layoffs. I recently became homeless after my landlord evicted me. My household includes myself, my partner, and our 1 children. I have no health insurance. I am behind on my heating bills by $407.",0,0,0,0,0,288,renting,citizen,True,True
"I work 15 hours a week at retail shop, making $816 monthly. I own my home but am struggling to keep up with the mortgage. I share an apartment with a roommate. I have a chronic condition (hypertension) that requires regular medication. My electricity bill has been very high this winter, around $248 per month. I am a legal permanent resident and have been in the US for over 5 years.",1,1,0,0,1,68,unhoused,qualified_alien,False,True
"I am self-employed doing freelance cleaning work, my income varies month to month. I recently became homeless after my landlord evicted me. I live alone. I recently lost my employer-sponsored health insurance. I received a shutoff notice for my gas service. I do not have legal immigration status.",0,0,1,0,1,32,unhoused,undocumented,False,True
I am a full-time caregiver for my spouse and have no outside income. I own my home but am struggling to keep up with the mortgage. I live with my spouse and 1 children. I recently lost my employer-sponsored health insurance. My utility bills take up a large portion of my income. I am a legal permanent resident and have been in the US for over 5 years.,0,0,0,0,0,188,staying_with_family,qualified_alien,True,True
I recently lost my job at a local restaurant due to layoffs. I own my home but am struggling to keep up with the mortgage. I live with my spouse and 3 children. I have no health insurance. I do not have legal immigration status.,0,0,0,0,0,140,unhoused,undocumented,True,False
I recently lost my job at a local restaurant due to layoffs. I am renting a room in a shared house for $1224 per month. I am a single parent with 3 kids. I have a chronic condition (depression) that requires regular medication. I do not have legal immigration status.,0,0,0,0,0,187,unhoused,undocumented,True,False
I am currently unemployed and have been looking for work for 3 months. I am staying with family temporarily as I cannot afford my own place. I am caring for my elderly mother who lives with me. I am pregnant and currently uninsured.,1,1,0,0,0,107,staying_with_family,citizen,True,False
"I am self-employed doing rideshare work, my income varies month to month. I am currently renting an apartment for $886 per month. I have 2 children ages 4, 3, 6. I am pregnant and currently uninsured. I struggle every month to pay my utility bills on time.",0,0,0,0,0,208,staying_with_family,citizen,True,True
"I receive disability benefits of $3084 per month and cannot work. I own my home but am struggling to keep up with the mortgage. I share an apartment with a roommate. I have no health insurance. My electricity bill has been very high this winter, around $327 per month.",0,0,0,0,0,257,unhoused,citizen,False,True
I am a full-time caregiver for my mother and have no outside income. I own my home but am struggling to keep up with the mortgage. I share an apartment with a roommate. I have no health insurance. I received a shutoff notice for my gas service. I do not have legal immigration status.,0,0,0,0,0,172,unhoused,undocumented,False,True
I work part-time at a warehouse earning about $1392 per month. I am renting a room in a shared house for $960 per month. I live with my spouse and 2 children. I have no health insurance. My utility bills take up a large portion of my income.,1,1,0,0,1,116,renting,citizen,True,True
"I am a student and work part-time, earning around $636 a month. I own my home but am struggling to keep up with the mortgage. I share an apartment with a roommate. I have a chronic condition (hypertension) that requires regular medication. I struggle every month to pay my utility bills on time. I am a legal permanent resident and have been in the US for over 5 years.",1,1,0,0,1,53,owned,qualified_alien,False,True
"I am self-employed doing rideshare work, my income varies month to month. I am renting a room in a shared house for $1687 per month. I share an apartment with a roommate. My child has depression and needs ongoing medical care. My electricity bill has been very high this winter, around $418 per month.",0,0,0,0,0,160,staying_with_family,citizen,False,True
"I receive disability benefits of $408 per month and cannot work. I recently became homeless after my landlord evicted me. I live with my partner. I am pregnant and currently uninsured. My electricity bill has been very high this winter, around $445 per month.",1,1,0,0,1,34,owned,citizen,False,True
I am currently unemployed and have been looking for work for 8 months. I own my home but am struggling to keep up with the mortgage. I share an apartment with a roommate. My child has asthma and needs ongoing medical care. My utility bills take up a large portion of my income. I do not have legal immigration status.,0,0,0,0,1,91,owned,undocumented,False,True
"I am a student and work part-time, earning around $1680 a month. I recently became homeless after my landlord evicted me. I am caring for my elderly mother who lives with me. I have been managing arthritis without proper medical care due to cost. I am behind on my heating bills by $474.",0,0,0,0,1,140,renting,citizen,True,True
I recently lost my job at Amazon due to layoffs. I am currently renting an apartment for $1728 per month. I live alone. My child has arthritis and needs ongoing medical care. I am a legal permanent resident and have been in the US for over 5 years.,1,1,0,0,0,59,unhoused,qualified_alien,True,False
I recently lost my job at Amazon due to layoffs. I own my home but am struggling to keep up with the mortgage. I am a single parent with 2 kids. My child has diabetes and needs ongoing medical care. I struggle every month to pay my utility bills on time. I am a legal permanent resident and have been in the US for over 5 years.,0,0,0,0,0,313,staying_with_family,qualified_alien,True,True
"I work 15 hours a week at restaurant, making $1368 monthly. I have been unhoused for 7 months and am staying in a shelter. I live with my spouse and 3 children. I recently lost my employer-sponsored health insurance. I received a shutoff notice for my gas service. I do not have legal immigration status.",0,0,0,0,1,114,owned,undocumented,True,True
"I am a full-time caregiver for my mother and have no outside income. I am currently renting an apartment for $829 per month. My household includes myself, my partner, and our 4 children. I have a chronic condition (diabetes) that requires regular medication. I received a shutoff notice for my gas service. I do not have legal immigration status.",0,0,0,0,0,187,owned,undocumented,True,True
I am currently unemployed and have been looking for work for 18 months. I own my home but am struggling to keep up with the mortgage. I live alone. I recently lost my employer-sponsored health insurance. I received a shutoff notice for my gas service.,1,1,0,1,1,47,owned,citizen,True,True
I recently lost my job at a small business due to layoffs. I have been unhoused for 12 months and am staying in a shelter. I live with my spouse and 2 children. I recently lost my employer-sponsored health insurance. I received a shutoff notice for my gas service.,1,1,0,0,1,125,unhoused,citizen,True,True
"I recently lost my job at a small business due to layoffs. I recently became homeless after my landlord evicted me. My household includes myself, my partner, and our 4 children. I am pregnant and currently uninsured. I received a shutoff notice for my gas service. I do not have legal immigration status.",0,0,0,0,0,223,renting,undocumented,True,True
"I am self-employed doing food delivery work, my income varies month to month. I recently became homeless after my landlord evicted me. I live alone. I recently lost my employer-sponsored health insurance. My electricity bill has been very high this winter, around $593 per month. I do not have legal immigration status.",0,0,0,0,1,129,staying_with_family,undocumented,False,True
"I am a full-time caregiver for my spouse and have no outside income. I am renting a room in a shared house for $936 per month. I share an apartment with a roommate. I am pregnant and currently uninsured. My electricity bill has been very high this winter, around $283 per month. I do not have legal immigration status.",0,0,0,0,0,181,unhoused,undocumented,False,True
I recently lost my job at a small business due to layoffs. I recently became homeless after my landlord evicted me. I live alone. I have a chronic condition (depression) that requires regular medication. My utility bills take up a large portion of my income.,0,1,0,0,1,137,staying_with_family,citizen,False,True
"I work 20 hours a week at grocery store, making $3516 monthly. I am renting a room in a shared house for $1455 per month. I am caring for my elderly grandmother who lives with me. I recently lost my employer-sponsored health insurance. I struggle every month to pay my utility bills on time. I am a legal permanent resident and have been in the US for over 5 years.",0,0,0,0,0,293,renting,qualified_alien,True,True
"I am a student and work part-time, earning around $1488 a month. I am staying with family temporarily as I cannot afford my own place. I live alone. I am pregnant and currently uninsured. I struggle every month to pay my utility bills on time.",1,1,0,0,1,124,unhoused,citizen,True,True
"I am self-employed doing freelance cleaning work, my income varies month to month. I am renting a room in a shared house for $765 per month. I live alone. I have been managing asthma without proper medical care due to cost. I do not have legal immigration status.",0,0,0,0,0,391,unhoused,undocumented,True,False
"I work 20 hours a week at warehouse, making $888 monthly. I have been unhoused for 5 months and am staying in a shelter. I live alone. I am pregnant and currently uninsured.",1,1,0,0,0,74,renting,citizen,False,False
I am currently unemployed and have been looking for work for 17 months. I recently became homeless after my landlord evicted me. I live alone. I have a chronic condition (depression) that requires regular medication.,1,1,0,0,0,120,owned,citizen,True,False
I work part-time at a warehouse earning about $1728 per month. I own my home but am struggling to keep up with the mortgage. I live with my spouse and 3 children. I have no health insurance. I received a shutoff notice for my gas service.,0,0,0,0,1,144,owned,citizen,True,True
I am currently unemployed and have been looking for work for 15 months. I am renting a room in a shared house for $1656 per month. I live alone. I recently lost my employer-sponsored health insurance.,1,1,0,0,0,92,unhoused,citizen,False,False
I am a full-time caregiver for my mother and have no outside income. I have been unhoused for 10 months and am staying in a shelter. I live with my partner. I have a chronic condition (hypertension) that requires regular medication. I am a legal permanent resident and have been in the US for over 5 years.,1,1,0,0,0,62,staying_with_family,qualified_alien,False,False
I recently lost my job at Amazon due to layoffs. I am renting a room in a shared house for $1325 per month. I live alone. My child has depression and needs ongoing medical care. I do not have legal immigration status.,0,0,0,0,0,85,owned,undocumented,False,False
I am a full-time caregiver for my spouse and have no outside income. I am renting a room in a shared house for $729 per month. I share an apartment with a roommate. I have a chronic condition (asthma) that requires regular medication.,0,0,0,0,0,241,staying_with_family,citizen,False,False
I recently lost my job at Target due to layoffs. I recently became homeless after my landlord evicted me. I share an apartment with a roommate. My child has hypertension and needs ongoing medical care. I received a shutoff notice for my gas service. I am a legal permanent resident and have been in the US for over 5 years.,1,1,1,0,1,23,unhoused,qualified_alien,False,True
"I work 15 hours a week at grocery store, making $1980 monthly. I am renting a room in a shared house for $695 per month. I live with my partner. I have no health insurance.",0,0,0,0,0,165,renting,citizen,False,False
I work part-time at a warehouse earning about $4464 per month. I am currently renting an apartment for $721 per month. I live alone. I am pregnant and currently uninsured. My utility bills take up a large portion of my income.,0,0,0,0,0,372,renting,citizen,True,True
I am a full-time caregiver for my spouse and have no outside income. I own my home but am struggling to keep up with the mortgage. I live with my partner. I have a chronic condition (arthritis) that requires regular medication. I struggle every month to pay my utility bills on time.,0,0,0,0,0,232,owned,citizen,False,True
"I am a student and work part-time, earning around $972 a month. I am currently renting an apartment for $995 per month. I am caring for my elderly grandmother who lives with me. I have been managing arthritis without proper medical care due to cost. I received a shutoff notice for my gas service. I am a legal permanent resident and have been in the US for over 5 years.",1,1,0,0,1,81,staying_with_family,qualified_alien,True,True
I am a full-time caregiver for my father and have no outside income. I am renting a room in a shared house for $1193 per month. I live alone. I recently lost my employer-sponsored health insurance. I struggle every month to pay my utility bills on time. I am a legal permanent resident and have been in the US for over 5 years.,0,0,0,0,0,162,renting,qualified_alien,False,True
I work part-time at a restaurant earning about $2616 per month. I am staying with family temporarily as I cannot afford my own place. I share an apartment with a roommate. I recently lost my employer-sponsored health insurance. I am behind on my heating bills by $469.,0,0,0,0,0,218,owned,citizen,False,True
I am a full-time caregiver for my spouse and have no outside income. I am currently renting an apartment for $790 per month. I live with my partner. I am pregnant and currently uninsured. I struggle every month to pay my utility bills on time. I am a legal permanent resident and have been in the US for over 5 years.,0,0,0,0,0,161,unhoused,qualified_alien,False,True
"I am a student and work part-time, earning around $2268 a month. I am currently renting an apartment for $1234 per month. I live with my spouse and 3 children. My child has diabetes and needs ongoing medical care. My electricity bill has been very high this winter, around $489 per month.",0,0,0,0,0,189,staying_with_family,citizen,True,True
"I work part-time at a cleaning service earning about $1956 per month. I recently became homeless after my landlord evicted me. I live with my spouse and 3 children. I have been managing asthma without proper medical care due to cost. My electricity bill has been very high this winter, around $500 per month.",0,0,0,0,0,163,staying_with_family,citizen,True,True
I work part-time at a restaurant earning about $3804 per month. I am staying with family temporarily as I cannot afford my own place. I live alone. I have been managing depression without proper medical care due to cost. I struggle every month to pay my utility bills on time. I am a legal permanent resident and have been in the US for over 5 years.,0,0,0,0,0,317,renting,qualified_alien,True,True
I recently lost my job at a small business due to layoffs. I am renting a room in a shared house for $1792 per month. I am caring for my elderly mother who lives with me. I have been managing hypertension without proper medical care due to cost. My utility bills take up a large portion of my income. I do not have legal immigration status.,0,0,0,0,0,284,unhoused,undocumented,True,True
"I am self-employed doing freelance cleaning work, my income varies month to month. I am currently renting an apartment for $1609 per month. I live with my partner. I am pregnant and currently uninsured. I received a shutoff notice for my gas service.",1,1,0,0,1,104,renting,citizen,False,True
I am currently unemployed and have been looking for work for 15 months. I am currently renting an apartment for $704 per month. I live with my partner. I have a chronic condition (diabetes) that requires regular medication. I struggle every month to pay my utility bills on time.,0,0,0,0,0,165,renting,citizen,False,True
"I am a full-time caregiver for my father and have no outside income. I am renting a room in a shared house for $1594 per month. My household includes myself, my partner, and our 2 children. I recently lost my employer-sponsored health insurance. I struggle every month to pay my utility bills on time.",0,0,0,0,0,350,unhoused,citizen,True,True
"I am self-employed doing freelance cleaning work, my income varies month to month. I recently became homeless after my landlord evicted me. My household includes myself, my partner, and our 1 children. I am pregnant and currently uninsured. I am behind on my heating bills by $515. I do not have legal immigration status.",0,0,0,0,0,166,staying_with_family,undocumented,True,True
I recently lost my job at Amazon due to layoffs. I am staying with family temporarily as I cannot afford my own place. I share an apartment with a roommate. My child has depression and needs ongoing medical care. I struggle every month to pay my utility bills on time.,0,0,0,0,1,144,unhoused,citizen,False,True
"I am a student and work part-time, earning around $348 a month. I own my home but am struggling to keep up with the mortgage. My household includes myself, my partner, and our 4 children. I have a chronic condition (asthma) that requires regular medication. My utility bills take up a large portion of my income. I am a legal permanent resident and have been in the US for over 5 years.",1,1,1,0,1,29,unhoused,qualified_alien,True,True
"I am a student and work part-time, earning around $4620 a month. I own my home but am struggling to keep up with the mortgage. I live alone. I have a chronic condition (arthritis) that requires regular medication. I received a shutoff notice for my gas service. I am a legal permanent resident and have been in the US for over 5 years.",0,0,0,0,0,385,staying_with_family,qualified_alien,False,True
I recently lost my job at a small business due to layoffs. I am currently renting an apartment for $1255 per month. I share an apartment with a roommate. I have a chronic condition (diabetes) that requires regular medication. I am behind on my heating bills by $351.,0,0,0,0,0,286,renting,citizen,False,True
I am currently unemployed and have been looking for work for 14 months. I have been unhoused for 6 months and am staying in a shelter. I live alone. I have been managing asthma without proper medical care due to cost.,1,1,0,0,0,78,staying_with_family,citizen,False,False
"I work 10 hours a week at retail shop, making $4536 monthly. I am renting a room in a shared house for $665 per month. I live with my partner. I recently lost my employer-sponsored health insurance. My electricity bill has been very high this winter, around $264 per month.",0,0,0,0,0,378,owned,citizen,False,True
"I work 25 hours a week at restaurant, making $4116 monthly. I recently became homeless after my landlord evicted me. I live with my partner. My child has diabetes and needs ongoing medical care. I received a shutoff notice for my gas service.",0,0,0,0,0,343,owned,citizen,False,True
"I am self-employed doing food delivery work, my income varies month to month. I own my home but am struggling to keep up with the mortgage. I live alone. I have a chronic condition (depression) that requires regular medication.",0,0,0,0,0,344,staying_with_family,citizen,False,False
"I am a student and work part-time, earning around $996 a month. I have been unhoused for 2 months and am staying in a shelter. I live alone. My child has asthma and needs ongoing medical care.",1,1,0,0,0,83,owned,citizen,False,False
I recently lost my job at a local restaurant due to layoffs. I have been unhoused for 2 months and am staying in a shelter. I am a single parent with 2 kids. I recently lost my employer-sponsored health insurance. I received a shutoff notice for my gas service. I do not have legal immigration status.,0,0,1,0,1,37,renting,undocumented,True,True
I recently lost my job at a local restaurant due to layoffs. I own my home but am struggling to keep up with the mortgage. I share an apartment with a roommate. I have been managing diabetes without proper medical care due to cost. I am behind on my heating bills by $355.,1,1,0,0,1,69,renting,citizen,False,True
"I am currently unemployed and have been looking for work for 11 months. I am staying with family temporarily as I cannot afford my own place. My household includes myself, my partner, and our 1 children. I have been managing diabetes without proper medical care due to cost.",1,1,0,1,0,88,renting,citizen,True,False
I work part-time at a retail shop earning about $3456 per month. I am staying with family temporarily as I cannot afford my own place. I am a single parent with 4 kids. I am pregnant and currently uninsured. I am behind on my heating bills by $511.,0,0,0,0,0,288,renting,citizen,True,True
I receive disability benefits of $1524 per month and cannot work. I own my home but am struggling to keep up with the mortgage. I live alone. I have no health insurance. I am behind on my heating bills by $190.,1,1,0,0,1,127,staying_with_family,citizen,False,True
"I work 15 hours a week at restaurant, making $3540 monthly. I have been unhoused for 10 months and am staying in a shelter. I am a single parent with 1 kids. I have been managing diabetes without proper medical care due to cost. I struggle every month to pay my utility bills on time. I am a legal permanent resident and have been in the US for over 5 years.",0,0,0,0,0,295,owned,qualified_alien,True,True
I recently lost my job at a small business due to layoffs. I am renting a room in a shared house for $1601 per month. I am a single parent with 1 kids. I recently lost my employer-sponsored health insurance.,1,1,0,1,0,83,owned,citizen,True,False
I am currently unemployed and have been looking for work for 11 months. I am renting a room in a shared house for $1049 per month. I live with my partner. I have been managing hypertension without proper medical care due to cost. I am behind on my heating bills by $495. I do not have legal immigration status.,0,0,0,0,0,177,owned,undocumented,False,True
"I work 20 hours a week at retail shop, making $2352 monthly. I am renting a room in a shared house for $1449 per month. I live with my partner. My child has asthma and needs ongoing medical care. I am behind on my heating bills by $272. I do not have legal immigration status.",0,0,0,0,0,196,renting,undocumented,False,True
"I am self-employed doing rideshare work, my income varies month to month. I am renting a room in a shared house for $636 per month. I live with my partner. My child has diabetes and needs ongoing medical care.",1,1,0,0,0,115,staying_with_family,citizen,False,False
"I receive disability benefits of $2208 per month and cannot work. I am currently renting an apartment for $1177 per month. I live alone. I am pregnant and currently uninsured. My electricity bill has been very high this winter, around $530 per month.",0,0,0,0,0,184,owned,citizen,False,True
"I am currently unemployed and have been looking for work for 14 months. I recently became homeless after my landlord evicted me. My household includes myself, my partner, and our 1 children. I have no health insurance. I am behind on my heating bills by $410. I am a legal permanent resident and have been in the US for over 5 years.",1,1,0,0,1,33,staying_with_family,qualified_alien,True,True
"I am a student and work part-time, earning around $1152 a month. I have been unhoused for 3 months and am staying in a shelter. I am a single parent with 2 kids. I recently lost my employer-sponsored health insurance. I struggle every month to pay my utility bills on time.",1,1,0,1,1,96,staying_with_family,citizen,True,True
I recently lost my job at a local restaurant due to layoffs. I have been unhoused for 5 months and am staying in a shelter. I live with my partner. I have no health insurance. I struggle every month to pay my utility bills on time.,0,0,0,0,0,317,owned,citizen,False,True
I receive disability benefits of $4596 per month and cannot work. I own my home but am struggling to keep up with the mortgage. I am caring for my elderly mother who lives with me. I have been managing diabetes without proper medical care due to cost.,0,0,0,0,0,383,owned,citizen,True,False
"I am a student and work part-time, earning around $348 a month. I own my home but am struggling to keep up with the mortgage. I am caring for my elderly grandmother who lives with me. I have no health insurance. I am a legal permanent resident and have been in the US for over 5 years.",1,1,0,0,0,29,staying_with_family,qualified_alien,True,False
"I am currently unemployed and have been looking for work for 3 months. I own my home but am struggling to keep up with the mortgage. I have 4 children ages 7, 13, 12. I am pregnant and currently uninsured. I struggle every month to pay my utility bills on time.",0,0,0,0,0,392,unhoused,citizen,True,True
I work part-time at a grocery store earning about $4584 per month. I own my home but am struggling to keep up with the mortgage. I live alone. My child has asthma and needs ongoing medical care. I received a shutoff notice for my gas service.,0,0,0,0,0,382,unhoused,citizen,False,True
I am currently unemployed and have been looking for work for 13 months. I recently became homeless after my landlord evicted me. I am a single parent with 4 kids. I have been managing asthma without proper medical care due to cost. I struggle every month to pay my utility bills on time.,0,0,0,0,0,172,renting,citizen,True,True
I receive disability benefits of $4620 per month and cannot work. I am currently renting an apartment for $1800 per month. I have 3 children ages 6. I recently lost my employer-sponsored health insurance.,0,0,0,0,0,385,staying_with_family,citizen,True,False
"I am a student and work part-time, earning around $1548 a month. I have been unhoused for 8 months and am staying in a shelter. I live with my partner. I have no health insurance. My electricity bill has been very high this winter, around $154 per month. I am a legal permanent resident and have been in the US for over 5 years.",1,1,0,0,1,129,staying_with_family,qualified_alien,False,True
"I recently lost my job at a small business due to layoffs. I have been unhoused for 7 months and am staying in a shelter. My household includes myself, my partner, and our 4 children. I have been managing diabetes without proper medical care due to cost. I struggle every month to pay my utility bills on time.",1,1,0,1,1,39,owned,citizen,True,True
"I am self-employed doing freelance cleaning work, my income varies month to month. I am renting a room in a shared house for $1361 per month. I live alone. I have a chronic condition (hypertension) that requires regular medication. My utility bills take up a large portion of my income. I am a legal permanent resident and have been in the US for over 5 years.",1,1,0,0,1,91,owned,qualified_alien,False,True
I work part-time at a retail shop earning about $1536 per month. I own my home but am struggling to keep up with the mortgage. I live with my spouse and 1 children. I have a chronic condition (arthritis) that requires regular medication. My utility bills take up a large portion of my income.,1,1,0,0,1,128,owned,citizen,True,True
"I receive disability benefits of $2736 per month and cannot work. I am renting a room in a shared house for $1289 per month. I live with my partner. I recently lost my employer-sponsored health insurance. My electricity bill has been very high this winter, around $483 per month. I am a legal permanent resident and have been in the US for over 5 years.",0,0,0,0,0,228,unhoused,qualified_alien,False,True
"I am currently unemployed and have been looking for work for 15 months. I am currently renting an apartment for $785 per month. My household includes myself, my partner, and our 3 children. I have been managing asthma without proper medical care due to cost. My utility bills take up a large portion of my income.",1,1,1,1,1,45,renting,citizen,True,True
"I am a student and work part-time, earning around $1092 a month. I am renting a room in a shared house for $1797 per month. I live alone. I am pregnant and currently uninsured. I struggle every month to pay my utility bills on time. I do not have legal immigration status.",0,0,0,0,1,91,owned,undocumented,True,True
"I am self-employed doing food delivery work, my income varies month to month. I am renting a room in a shared house for $999 per month. I live with my partner. My child has diabetes and needs ongoing medical care. I am behind on my heating bills by $182. I am a legal permanent resident and have been in the US for over 5 years.",0,0,0,0,1,143,unhoused,qualified_alien,False,True
I recently lost my job at a local restaurant due to layoffs. I recently became homeless after my landlord evicted me. I live alone. I am pregnant and currently uninsured.,0,0,0,0,0,200,renting,citizen,True,False
"I work 15 hours a week at grocery store, making $1140 monthly. I am staying with family temporarily as I cannot afford my own place. I have 4 children ages 16, 4, 12. I recently lost my employer-sponsored health insurance. I do not have legal immigration status.",0,0,0,0,0,95,owned,undocumented,True,False
"I am a student and work part-time, earning around $3324 a month. I own my home but am struggling to keep up with the mortgage. I have 1 children ages 4. I have a chronic condition (diabetes) that requires regular medication. My utility bills take up a large portion of my income. I am a legal permanent resident and have been in the US for over 5 years.",0,0,0,0,0,277,unhoused,qualified_alien,True,True
"I am a full-time caregiver for my mother and have no outside income. I am currently renting an apartment for $1751 per month. I am caring for my elderly father who lives with me. My child has depression and needs ongoing medical care. My electricity bill has been very high this winter, around $451 per month.",0,0,0,0,0,281,owned,citizen,True,True
"I receive disability benefits of $4776 per month and cannot work. I own my home but am struggling to keep up with the mortgage. My household includes myself, my partner, and our 4 children. I am pregnant and currently uninsured. I am behind on my heating bills by $556.",0,0,0,0,0,398,staying_with_family,citizen,True,True
I receive disability benefits of $900 per month and cannot work. I am currently renting an apartment for $1261 per month. I live alone. I am pregnant and currently uninsured.,1,1,0,0,0,75,renting,citizen,False,False
"I work 20 hours a week at cleaning service, making $3180 monthly. I own my home but am struggling to keep up with the mortgage. I live with my partner. My child has diabetes and needs ongoing medical care. My utility bills take up a large portion of my income. I am a legal permanent resident and have been in the US for over 5 years.",0,0,0,0,0,265,unhoused,qualified_alien,False,True
"I am self-employed doing food delivery work, my income varies month to month. I am renting a room in a shared house for $1679 per month. I am caring for my elderly father who lives with me. I have no health insurance. My electricity bill has been very high this winter, around $559 per month. I am a legal permanent resident and have been in the US for over 5 years.",1,1,0,0,1,68,renting,qualified_alien,True,True
"I work 20 hours a week at cleaning service, making $2388 monthly. I have been unhoused for 8 months and am staying in a shelter. I live with my spouse and 3 children. I recently lost my employer-sponsored health insurance. I do not have legal immigration status.",0,0,0,0,0,199,owned,undocumented,True,False
I work part-time at a cleaning service earning about $3252 per month. I am renting a room in a shared house for $1701 per month. I live alone. I have been managing asthma without proper medical care due to cost. My utility bills take up a large portion of my income.,0,0,0,0,0,271,staying_with_family,citizen,False,True
"I am a student and work part-time, earning around $1608 a month. I have been unhoused for 2 months and am staying in a shelter. I share an apartment with a roommate. I recently lost my employer-sponsored health insurance. I received a shutoff notice for my gas service.",0,1,0,0,1,134,renting,citizen,False,True
I am currently unemployed and have been looking for work for 14 months. I recently became homeless after my landlord evicted me. I live with my partner. I have a chronic condition (arthritis) that requires regular medication.,0,0,0,0,0,369,renting,citizen,False,False
"I work 20 hours a week at cleaning service, making $4164 monthly. I own my home but am struggling to keep up with the mortgage. I share an apartment with a roommate. I recently lost my employer-sponsored health insurance. I am behind on my heating bills by $388. I do not have legal immigration status.",0,0,0,0,0,347,unhoused,undocumented,False,True
"I am self-employed doing rideshare work, my income varies month to month. I am renting a room in a shared house for $1621 per month. I am a single parent with 3 kids. I have been managing hypertension without proper medical care due to cost. I received a shutoff notice for my gas service.",0,0,0,0,0,213,staying_with_family,citizen,True,True
"I am currently unemployed and have been looking for work for 3 months. I am staying with family temporarily as I cannot afford my own place. I have 4 children ages 6, 12, 10. I recently lost my employer-sponsored health insurance. I received a shutoff notice for my gas service.",1,1,0,1,1,83,staying_with_family,citizen,True,True
I am a full-time caregiver for my spouse and have no outside income. I have been unhoused for 2 months and am staying in a shelter. I share an apartment with a roommate. I am pregnant and currently uninsured. I struggle every month to pay my utility bills on time. I am a legal permanent resident and have been in the US for over 5 years.,0,0,0,0,1,141,staying_with_family,qualified_alien,False,True
I am currently unemployed and have been looking for work for 12 months. I own my home but am struggling to keep up with the mortgage. I am caring for my elderly grandmother who lives with me. I have been managing diabetes without proper medical care due to cost. I received a shutoff notice for my gas service.,1,1,0,1,1,22,staying_with_family,citizen,True,True
I work part-time at a retail shop earning about $3660 per month. I own my home but am struggling to keep up with the mortgage. I live alone. My child has arthritis and needs ongoing medical care.,0,0,0,0,0,305,staying_with_family,citizen,False,False
"I am a student and work part-time, earning around $1800 a month. I have been unhoused for 4 months and am staying in a shelter. I live alone. My child has arthritis and needs ongoing medical care. I received a shutoff notice for my gas service.",0,0,0,0,1,150,unhoused,citizen,False,True
"I work 25 hours a week at retail shop, making $936 monthly. I have been unhoused for 10 months and am staying in a shelter. I live with my partner. My child has asthma and needs ongoing medical care. I received a shutoff notice for my gas service. I am a legal permanent resident and have been in the US for over 5 years.",1,1,0,0,1,78,staying_with_family,qualified_alien,False,True
I am currently unemployed and have been looking for work for 6 months. I am renting a room in a shared house for $1516 per month. I live alone. I have a chronic condition (depression) that requires regular medication.,0,0,0,0,0,391,staying_with_family,citizen,False,False
I work part-time at a restaurant earning about $1188 per month. I recently became homeless after my landlord evicted me. I live alone. I have no health insurance. I do not have legal immigration status.,0,0,0,0,0,99,renting,undocumented,False,False
"I work 10 hours a week at grocery store, making $528 monthly. I have been unhoused for 11 months and am staying in a shelter. I share an apartment with a roommate. I have a chronic condition (diabetes) that requires regular medication. My electricity bill has been very high this winter, around $171 per month.",1,1,0,0,1,44,staying_with_family,citizen,False,True
"I am a student and work part-time, earning around $2076 a month. I have been unhoused for 6 months and am staying in a shelter. I live with my spouse and 3 children. I am pregnant and currently uninsured. I do not have legal immigration status.",0,0,0,0,0,173,renting,undocumented,True,False
I work part-time at a grocery store earning about $1188 per month. I have been unhoused for 5 months and am staying in a shelter. I live with my partner. I have been managing arthritis without proper medical care due to cost. I struggle every month to pay my utility bills on time.,1,1,0,0,1,99,owned,citizen,False,True
"I am currently unemployed and have been looking for work for 9 months. I am currently renting an apartment for $1217 per month. I share an apartment with a roommate. I am pregnant and currently uninsured. My electricity bill has been very high this winter, around $528 per month.",1,1,0,0,1,64,renting,citizen,False,True
I work part-time at a retail shop earning about $1008 per month. I recently became homeless after my landlord evicted me. I live with my spouse and 1 children. I have no health insurance. I received a shutoff notice for my gas service. I am a legal permanent resident and have been in the US for over 5 years.,1,1,0,0,1,84,renting,qualified_alien,True,True
"I am self-employed doing handyman work, my income varies month to month. I am renting a room in a shared house for $1526 per month. I live alone. I recently lost my employer-sponsored health insurance. I received a shutoff notice for my gas service.",0,0,0,0,0,180,staying_with_family,citizen,False,True
"I am a student and work part-time, earning around $2040 a month. I own my home but am struggling to keep up with the mortgage. I live alone. I have a chronic condition (hypertension) that requires regular medication. I struggle every month to pay my utility bills on time.",0,0,0,0,0,170,owned,citizen,True,True
"I receive disability benefits of $2076 per month and cannot work. I have been unhoused for 2 months and am staying in a shelter. I share an apartment with a roommate. I have been managing arthritis without proper medical care due to cost. My electricity bill has been very high this winter, around $577 per month.",0,0,0,0,0,173,owned,citizen,False,True
"I recently lost my job at Target due to layoffs. I am renting a room in a shared house for $1403 per month. My household includes myself, my partner, and our 2 children. My child has diabetes and needs ongoing medical care. I struggle every month to pay my utility bills on time. I do not have legal immigration status.",0,0,0,0,1,34,owned,undocumented,True,True
I work part-time at a restaurant earning about $3360 per month. I have been unhoused for 7 months and am staying in a shelter. I live alone. I am pregnant and currently uninsured.,0,0,0,0,0,280,owned,citizen,False,False
I work part-time at a cleaning service earning about $1296 per month. I have been unhoused for 8 months and am staying in a shelter. I am a single parent with 1 kids. I have a chronic condition (arthritis) that requires regular medication. I am behind on my heating bills by $506.,1,1,0,0,1,108,owned,citizen,True,True
I recently lost my job at Amazon due to layoffs. I own my home but am struggling to keep up with the mortgage. I live alone. I recently lost my employer-sponsored health insurance. I struggle every month to pay my utility bills on time. I am a legal permanent resident and have been in the US for over 5 years.,1,1,1,0,1,20,unhoused,qualified_alien,False,True
I work part-time at a retail shop earning about $2220 per month. I recently became homeless after my landlord evicted me. I live with my partner. I have a chronic condition (arthritis) that requires regular medication. My utility bills take up a large portion of my income. I do not have legal immigration status.,0,0,0,0,0,185,staying_with_family,undocumented,False,True
"I work 20 hours a week at cleaning service, making $3684 monthly. I own my home but am struggling to keep up with the mortgage. I share an apartment with a roommate. I am pregnant and currently uninsured. I am behind on my heating bills by $166. I am a legal permanent resident and have been in the US for over 5 years.",0,0,0,0,0,307,owned,qualified_alien,False,True
"I am self-employed doing food delivery work, my income varies month to month. I am currently renting an apartment for $1253 per month. My household includes myself, my partner, and our 1 children. I have a chronic condition (arthritis) that requires regular medication. I am a legal permanent resident and have been in the US for over 5 years.",1,1,0,0,0,85,renting,qualified_alien,True,False
"I am self-employed doing food delivery work, my income varies month to month. I have been unhoused for 11 months and am staying in a shelter. I live alone. I am pregnant and currently uninsured. I do not have legal immigration status.",0,0,0,0,0,264,unhoused,undocumented,False,False
I work part-time at a retail shop earning about $1044 per month. I am staying with family temporarily as I cannot afford my own place. I live alone. I have been managing asthma without proper medical care due to cost. I am behind on my heating bills by $309.,1,1,0,1,1,87,owned,citizen,True,True
"I work 25 hours a week at warehouse, making $1764 monthly. I am currently renting an apartment for $723 per month. I am a single parent with 1 kids. I am pregnant and currently uninsured. I do not have legal immigration status.",0,0,0,0,0,147,renting,undocumented,True,False
I am a full-time caregiver for my mother and have no outside income. I am renting a room in a shared house for $1039 per month. I am caring for my elderly father who lives with me. I have no health insurance. I am behind on my heating bills by $391.,1,1,0,0,1,122,renting,citizen,True,True
"I am self-employed doing rideshare work, my income varies month to month. I recently became homeless after my landlord evicted me. I live with my spouse and 1 children. I have a chronic condition (depression) that requires regular medication. I received a shutoff notice for my gas service.",0,0,0,0,0,376,renting,citizen,True,True
I work part-time at a warehouse earning about $1212 per month. I am renting a room in a shared house for $1528 per month. I share an apartment with a roommate. I recently lost my employer-sponsored health insurance.,1,1,0,0,0,101,renting,citizen,False,False
"I am self-employed doing freelance cleaning work, my income varies month to month. I have been unhoused for 9 months and am staying in a shelter. I live alone. I recently lost my employer-sponsored health insurance. I struggle every month to pay my utility bills on time. I am a legal permanent resident and have been in the US for over 5 years.",1,1,0,0,1,83,owned,qualified_alien,True,True
I am a full-time caregiver for my mother and have no outside income. I recently became homeless after my landlord evicted me. I live with my spouse and 1 children. I recently lost my employer-sponsored health insurance.,0,0,0,0,0,161,owned,citizen,True,False
I am a full-time caregiver for my mother and have no outside income. I am currently renting an apartment for $770 per month. I live with my partner. I have no health insurance.,0,0,0,0,0,160,renting,citizen,False,False
"I recently lost my job at Target due to layoffs. I have been unhoused for 7 months and am staying in a shelter. I live with my spouse and 2 children. I have no health insurance. My electricity bill has been very high this winter, around $431 per month.",0,0,0,0,0,156,unhoused,citizen,True,True
I receive disability benefits of $348 per month and cannot work. I am renting a room in a shared house for $1772 per month. I live alone. My child has asthma and needs ongoing medical care.,1,1,0,1,0,29,staying_with_family,citizen,True,False
"I work 10 hours a week at restaurant, making $1236 monthly. I recently became homeless after my landlord evicted me. I share an apartment with a roommate. I recently lost my employer-sponsored health insurance. I struggle every month to pay my utility bills on time. I do not have legal immigration status.",0,0,0,0,1,103,owned,undocumented,False,True
"I am self-employed doing handyman work, my income varies month to month. I recently became homeless after my landlord evicted me. I live alone. I have a chronic condition (depression) that requires regular medication. My electricity bill has been very high this winter, around $405 per month.",0,0,0,0,0,181,staying_with_family,citizen,False,True
I am a full-time caregiver for my mother and have no outside income. I own my home but am struggling to keep up with the mortgage. I live alone. I have no health insurance. I received a shutoff notice for my gas service.,0,0,0,0,0,233,staying_with_family,citizen,False,True
"I am a student and work part-time, earning around $1740 a month. I own my home but am struggling to keep up with the mortgage. I am caring for my elderly father who lives with me. I have a chronic condition (diabetes) that requires regular medication. My utility bills take up a large portion of my income.",0,0,0,0,1,145,owned,citizen,True,True
"I am a student and work part-time, earning around $1572 a month. I am staying with family temporarily as I cannot afford my own place. I live alone. I have been managing arthritis without proper medical care due to cost. My electricity bill has been very high this winter, around $382 per month.",0,1,0,0,1,131,renting,citizen,True,True
I am currently unemployed and have been looking for work for 1 months. I own my home but am struggling to keep up with the mortgage. I live with my spouse and 2 children. I have a chronic condition (asthma) that requires regular medication. I received a shutoff notice for my gas service.,0,0,0,0,0,282,staying_with_family,citizen,True,True
I receive disability benefits of $768 per month and cannot work. I am staying with family temporarily as I cannot afford my own place. I live with my spouse and 3 children. My child has arthritis and needs ongoing medical care. I received a shutoff notice for my gas service.,1,1,0,1,1,64,renting,citizen,True,True
"I work 25 hours a week at restaurant, making $2364 monthly. I own my home but am struggling to keep up with the mortgage. I have 2 children ages 14. I am pregnant and currently uninsured.",0,0,0,0,0,197,renting,citizen,True,False
"I am a student and work part-time, earning around $1620 a month. I am currently renting an apartment for $624 per month. I share an apartment with a roommate. I am pregnant and currently uninsured. I struggle every month to pay my utility bills on time.",0,1,0,0,1,135,owned,citizen,False,True
"I am self-employed doing freelance cleaning work, my income varies month to month. I have been unhoused for 5 months and am staying in a shelter. I live with my spouse and 2 children. I recently lost my employer-sponsored health insurance. My utility bills take up a large portion of my income.",0,0,0,0,0,316,renting,citizen,True,True
I am a full-time caregiver for my father and have no outside income. I am currently renting an apartment for $1754 per month. I live with my spouse and 1 children. I have a chronic condition (arthritis) that requires regular medication. I do not have legal immigration status.,0,0,0,0,0,35,staying_with_family,undocumented,True,False
I am a full-time caregiver for my spouse and have no outside income. I am currently renting an apartment for $1686 per month. I live with my spouse and 2 children. I recently lost my employer-sponsored health insurance. My utility bills take up a large portion of my income.,1,1,0,1,1,45,owned,citizen,True,True
I am currently unemployed and have been looking for work for 13 months. I am renting a room in a shared house for $1012 per month. I live alone. I recently lost my employer-sponsored health insurance. I am behind on my heating bills by $548.,0,0,0,0,0,220,renting,citizen,True,True
I am a full-time caregiver for my father and have no outside income. I am staying with family temporarily as I cannot afford my own place. I live alone. I have a chronic condition (diabetes) that requires regular medication. I am behind on my heating bills by $292.,1,1,0,0,1,72,unhoused,citizen,False,True
"I am self-employed doing rideshare work, my income varies month to month. I am staying with family temporarily as I cannot afford my own place. I live with my partner. I recently lost my employer-sponsored health insurance. I struggle every month to pay my utility bills on time.",0,0,0,0,0,368,unhoused,citizen,False,True
I recently lost my job at a local restaurant due to layoffs. I recently became homeless after my landlord evicted me. I am a single parent with 3 kids. I have a chronic condition (asthma) that requires regular medication. I struggle every month to pay my utility bills on time.,0,0,0,0,0,164,staying_with_family,citizen,True,True
"I work part-time at a cleaning service earning about $1416 per month. I am currently renting an apartment for $808 per month. My household includes myself, my partner, and our 1 children. I have no health insurance. I do not have legal immigration status.",0,0,0,0,0,118,unhoused,undocumented,True,False
I receive disability benefits of $600 per month and cannot work. I am staying with family temporarily as I cannot afford my own place. I share an apartment with a roommate. My child has asthma and needs ongoing medical care. My utility bills take up a large portion of my income.,1,1,1,0,1,50,unhoused,citizen,False,True
"I am a student and work part-time, earning around $2292 a month. I am renting a room in a shared house for $947 per month. I have 1 children ages 6, 5. I have been managing diabetes without proper medical care due to cost. I do not have legal immigration status.",0,0,0,0,0,191,unhoused,undocumented,True,False
"I am a student and work part-time, earning around $636 a month. I own my home but am struggling to keep up with the mortgage. I live with my spouse and 2 children. My child has diabetes and needs ongoing medical care.",1,1,0,1,0,53,owned,citizen,True,False
"I am a student and work part-time, earning around $1164 a month. I recently became homeless after my landlord evicted me. I live alone. I recently lost my employer-sponsored health insurance.",1,1,0,0,0,97,owned,citizen,False,False
"I am self-employed doing food delivery work, my income varies month to month. I own my home but am struggling to keep up with the mortgage. I am a single parent with 4 kids. I have a chronic condition (depression) that requires regular medication. I received a shutoff notice for my gas service. I do not have legal immigration status.",0,0,0,0,1,55,renting,undocumented,True,True
"I am a student and work part-time, earning around $480 a month. I am renting a room in a shared house for $741 per month. I live with my partner. I have been managing diabetes without proper medical care due to cost. My electricity bill has been very high this winter, around $452 per month.",1,1,0,0,1,40,staying_with_family,citizen,False,True
I receive disability benefits of $1224 per month and cannot work. I am currently renting an apartment for $1040 per month. I am caring for my elderly mother who lives with me. I am pregnant and currently uninsured. I am behind on my heating bills by $600.,1,1,0,0,1,102,staying_with_family,citizen,True,True
I recently lost my job at a local restaurant due to layoffs. I am renting a room in a shared house for $1152 per month. I live alone. I recently lost my employer-sponsored health insurance. I am a legal permanent resident and have been in the US for over 5 years.,1,1,0,0,0,81,renting,qualified_alien,False,False
"I am a full-time caregiver for my mother and have no outside income. I own my home but am struggling to keep up with the mortgage. My household includes myself, my partner, and our 1 children. I have a chronic condition (hypertension) that requires regular medication. My electricity bill has been very high this winter, around $425 per month.",0,0,0,0,0,397,owned,citizen,True,True
"I am a student and work part-time, earning around $2208 a month. I am currently renting an apartment for $1244 per month. I live alone. I have been managing hypertension without proper medical care due to cost. My electricity bill has been very high this winter, around $339 per month.",0,0,0,0,0,184,owned,citizen,False,True
"I work part-time at a retail shop earning about $3696 per month. I am currently renting an apartment for $1058 per month. My household includes myself, my partner, and our 1 children. I have been managing arthritis without proper medical care due to cost.",0,0,0,0,0,308,owned,citizen,True,False
I receive disability benefits of $276 per month and cannot work. I am currently renting an apartment for $1199 per month. I live with my spouse and 3 children. I am pregnant and currently uninsured. I received a shutoff notice for my gas service.,1,1,0,1,1,23,owned,citizen,True,True
I recently lost my job at a small business due to layoffs. I own my home but am struggling to keep up with the mortgage. I live alone. I am pregnant and currently uninsured. I struggle every month to pay my utility bills on time.,0,0,0,0,0,175,staying_with_family,citizen,False,True
"I recently lost my job at Amazon due to layoffs. I am currently renting an apartment for $1231 per month. I live alone. My child has hypertension and needs ongoing medical care. My electricity bill has been very high this winter, around $473 per month.",1,1,1,1,1,41,unhoused,citizen,True,True
I work part-time at a warehouse earning about $3888 per month. I own my home but am struggling to keep up with the mortgage. I live alone. My child has arthritis and needs ongoing medical care. I received a shutoff notice for my gas service.,0,0,0,0,0,324,staying_with_family,citizen,True,True
"I am self-employed doing rideshare work, my income varies month to month. I recently became homeless after my landlord evicted me. My household includes myself, my partner, and our 3 children. I have been managing hypertension without proper medical care due to cost.",0,0,0,0,0,184,unhoused,citizen,True,False
"I am a full-time caregiver for my spouse and have no outside income. I recently became homeless after my landlord evicted me. My household includes myself, my partner, and our 4 children. My child has depression and needs ongoing medical care. I struggle every month to pay my utility bills on time.",0,0,0,0,0,165,renting,citizen,True,True
I am a full-time caregiver for my father and have no outside income. I am staying with family temporarily as I cannot afford my own place. I live with my partner. I have a chronic condition (depression) that requires regular medication. I struggle every month to pay my utility bills on time.,0,0,0,0,0,253,renting,citizen,False,True
"I am self-employed doing freelance cleaning work, my income varies month to month. I am renting a room in a shared house for $1031 per month. I live with my partner. My child has arthritis and needs ongoing medical care. I do not have legal immigration status.",0,0,0,0,0,378,renting,undocumented,False,False
I am a full-time caregiver for my spouse and have no outside income. I have been unhoused for 8 months and am staying in a shelter. I live with my spouse and 4 children. I have a chronic condition (depression) that requires regular medication.,0,0,0,0,0,291,staying_with_family,citizen,True,False
I receive disability benefits of $1656 per month and cannot work. I have been unhoused for 11 months and am staying in a shelter. I live alone. My child has hypertension and needs ongoing medical care. I received a shutoff notice for my gas service.,0,1,0,0,1,138,renting,citizen,False,True
"I work 15 hours a week at warehouse, making $2112 monthly. I recently became homeless after my landlord evicted me. I am caring for my elderly grandmother who lives with me. My child has asthma and needs ongoing medical care. I struggle every month to pay my utility bills on time. I am a legal permanent resident and have been in the US for over 5 years.",0,0,0,0,0,176,staying_with_family,qualified_alien,True,True
"I am a student and work part-time, earning around $1068 a month. I am currently renting an apartment for $1080 per month. I live with my spouse and 1 children. I have a chronic condition (hypertension) that requires regular medication. My utility bills take up a large portion of my income. I am a legal permanent resident and have been in the US for over 5 years.",1,1,0,0,1,89,staying_with_family,qualified_alien,True,True
"I work 25 hours a week at retail shop, making $2004 monthly. I own my home but am struggling to keep up with the mortgage. I have 3 children ages 4, 14. I am pregnant and currently uninsured. My utility bills take up a large portion of my income.",0,0,0,0,0,167,renting,citizen,True,True
"I recently lost my job at Amazon due to layoffs. I own my home but am struggling to keep up with the mortgage. I live alone. I have been managing diabetes without proper medical care due to cost. My electricity bill has been very high this winter, around $418 per month. I am a legal permanent resident and have been in the US for over 5 years.",0,0,0,0,0,185,renting,qualified_alien,True,True
I receive disability benefits of $1896 per month and cannot work. I have been unhoused for 9 months and am staying in a shelter. I live alone. I have no health insurance. My utility bills take up a large portion of my income.,0,0,0,0,0,158,renting,citizen,False,True
I work part-time at a cleaning service earning about $1440 per month. I own my home but am struggling to keep up with the mortgage. I am a single parent with 1 kids. I recently lost my employer-sponsored health insurance. I am a legal permanent resident and have been in the US for over 5 years.,1,1,0,0,0,120,owned,qualified_alien,True,False
"I am self-employed doing handyman work, my income varies month to month. I recently became homeless after my landlord evicted me. I am caring for my elderly grandmother who lives with me. My child has asthma and needs ongoing medical care. I am a legal permanent resident and have been in the US for over 5 years.",0,0,0,0,0,295,staying_with_family,qualified_alien,True,False
I recently lost my job at Target due to layoffs. I have been unhoused for 6 months and am staying in a shelter. I am a single parent with 2 kids. I am pregnant and currently uninsured. I am behind on my heating bills by $292.,1,1,0,0,1,121,renting,citizen,True,True
"I am a student and work part-time, earning around $1464 a month. I am renting a room in a shared house for $1493 per month. I live alone. I am pregnant and currently uninsured. I struggle every month to pay my utility bills on time.",1,1,0,0,1,122,staying_with_family,citizen,False,True
"I recently lost my job at a small business due to layoffs. I have been unhoused for 12 months and am staying in a shelter. I live with my partner. My child has asthma and needs ongoing medical care. My electricity bill has been very high this winter, around $490 per month.",1,1,0,0,1,51,renting,citizen,False,True
"I am a student and work part-time, earning around $1788 a month. I recently became homeless after my landlord evicted me. I live alone. I recently lost my employer-sponsored health insurance. I received a shutoff notice for my gas service.",0,0,0,0,1,149,renting,citizen,False,True
"I am self-employed doing rideshare work, my income varies month to month. I recently became homeless after my landlord evicted me. I live with my partner. I have a chronic condition (depression) that requires regular medication.",0,0,0,0,0,359,unhoused,citizen,False,False
"I am a student and work part-time, earning around $3084 a month. I own my home but am struggling to keep up with the mortgage. I have 1 children ages 4. I have been managing depression without proper medical care due to cost. I am behind on my heating bills by $382.",0,0,0,0,0,257,renting,citizen,True,True
I receive disability benefits of $396 per month and cannot work. I recently became homeless after my landlord evicted me. I live alone. My child has diabetes and needs ongoing medical care. I am behind on my heating bills by $418.,1,1,1,0,1,33,renting,citizen,False,True
I work part-time at a warehouse earning about $4536 per month. I am currently renting an apartment for $731 per month. I share an apartment with a roommate. I have no health insurance. I received a shutoff notice for my gas service.,0,0,0,0,0,378,staying_with_family,citizen,False,True
"I work 15 hours a week at warehouse, making $1032 monthly. I have been unhoused for 8 months and am staying in a shelter. I am caring for my elderly father who lives with me. I am pregnant and currently uninsured. I struggle every month to pay my utility bills on time.",1,1,0,1,1,86,renting,citizen,True,True
I am currently unemployed and have been looking for work for 13 months. I own my home but am struggling to keep up with the mortgage. I live alone. I have been managing arthritis without proper medical care due to cost. I am behind on my heating bills by $405.,0,0,0,0,0,175,unhoused,citizen,False,True
I am currently unemployed and have been looking for work for 3 months. I am currently renting an apartment for $1740 per month. I live with my partner. My child has arthritis and needs ongoing medical care. I struggle every month to pay my utility bills on time. I am a legal permanent resident and have been in the US for over 5 years.,0,0,0,0,1,144,renting,qualified_alien,False,True
I recently lost my job at a small business due to layoffs. I am renting a room in a shared house for $724 per month. I am a single parent with 1 kids. I recently lost my employer-sponsored health insurance.,0,0,0,0,0,164,renting,citizen,True,False
"I am a student and work part-time, earning around $1356 a month. I recently became homeless after my landlord evicted me. I share an apartment with a roommate. I have no health insurance. I am behind on my heating bills by $597. I do not have legal immigration status.",0,0,0,0,1,113,staying_with_family,undocumented,False,True
"I receive disability benefits of $936 per month and cannot work. I am staying with family temporarily as I cannot afford my own place. I live with my partner. I have been managing diabetes without proper medical care due to cost. My electricity bill has been very high this winter, around $310 per month.",1,1,0,0,1,78,staying_with_family,citizen,False,True
"I work part-time at a restaurant earning about $2268 per month. I own my home but am struggling to keep up with the mortgage. I have 3 children ages 12, 15. I have no health insurance. I struggle every month to pay my utility bills on time.",0,0,0,0,0,189,renting,citizen,True,True
I recently lost my job at a local restaurant due to layoffs. I am currently renting an apartment for $909 per month. I am a single parent with 2 kids. My child has arthritis and needs ongoing medical care.,0,0,0,0,0,310,unhoused,citizen,True,False
I am currently unemployed and have been looking for work for 12 months. I own my home but am struggling to keep up with the mortgage. I live alone. My child has asthma and needs ongoing medical care. I do not have legal immigration status.,0,0,0,0,0,185,renting,undocumented,True,False
"I am a student and work part-time, earning around $276 a month. I recently became homeless after my landlord evicted me. I have 4 children ages 8. I have a chronic condition (arthritis) that requires regular medication. I do not have legal immigration status.",0,0,1,0,0,23,renting,undocumented,True,False
"I work 25 hours a week at warehouse, making $504 monthly. I am staying with family temporarily as I cannot afford my own place. I have 3 children ages 13. My child has asthma and needs ongoing medical care. I am behind on my heating bills by $564. I am a legal permanent resident and have been in the US for over 5 years.",1,1,0,0,1,42,staying_with_family,qualified_alien,True,True
I am currently unemployed and have been looking for work for 13 months. I own my home but am struggling to keep up with the mortgage. I share an apartment with a roommate. My child has diabetes and needs ongoing medical care. My utility bills take up a large portion of my income.,0,0,0,0,1,149,owned,citizen,False,True
I receive disability benefits of $720 per month and cannot work. I have been unhoused for 1 months and am staying in a shelter. I live alone. I have been managing hypertension without proper medical care due to cost. I struggle every month to pay my utility bills on time.,1,1,0,0,1,60,renting,citizen,False,True
"I am a student and work part-time, earning around $2520 a month. I am renting a room in a shared house for $704 per month. I am a single parent with 2 kids. I have no health insurance. I struggle every month to pay my utility bills on time. I do not have legal immigration status.",0,0,0,0,0,210,owned,undocumented,True,True
"I am currently unemployed and have been looking for work for 2 months. I have been unhoused for 8 months and am staying in a shelter. I live alone. I am pregnant and currently uninsured. My electricity bill has been very high this winter, around $427 per month.",0,0,0,0,0,241,staying_with_family,citizen,False,True
I am currently unemployed and have been looking for work for 15 months. I am currently renting an apartment for $1358 per month. I have 3 children ages 11. I have no health insurance. I am behind on my heating bills by $318.,1,1,0,1,1,38,staying_with_family,citizen,True,True
"I am a full-time caregiver for my spouse and have no outside income. I recently became homeless after my landlord evicted me. I am caring for my elderly mother who lives with me. I recently lost my employer-sponsored health insurance. My electricity bill has been very high this winter, around $402 per month. I do not have legal immigration status.",0,0,0,0,1,30,staying_with_family,undocumented,True,True
"I am self-employed doing handyman work, my income varies month to month. I am renting a room in a shared house for $1770 per month. I live with my partner. My child has asthma and needs ongoing medical care. My utility bills take up a large portion of my income.",0,1,0,0,1,136,renting,citizen,False,True
"I work 25 hours a week at restaurant, making $1440 monthly. I own my home but am struggling to keep up with the mortgage. I am a single parent with 1 kids. I am pregnant and currently uninsured. My utility bills take up a large portion of my income.",1,1,0,0,1,120,owned,citizen,True,True
"I am self-employed doing handyman work, my income varies month to month. I recently became homeless after my landlord evicted me. I share an apartment with a roommate. I have a chronic condition (hypertension) that requires regular medication. I am a legal permanent resident and have been in the US for over 5 years.",1,1,1,0,0,28,unhoused,qualified_alien,False,False
I am a full-time caregiver for my spouse and have no outside income. I own my home but am struggling to keep up with the mortgage. I live with my partner. My child has asthma and needs ongoing medical care. I am behind on my heating bills by $494.,0,0,0,0,0,296,renting,citizen,False,True
"I am self-employed doing rideshare work, my income varies month to month. I am staying with family temporarily as I cannot afford my own place. I am caring for my elderly mother who lives with me. I have no health insurance.",1,1,0,1,0,68,owned,citizen,True,False
"I am a student and work part-time, earning around $3744 a month. I own my home but am struggling to keep up with the mortgage. I live with my partner. My child has asthma and needs ongoing medical care. I do not have legal immigration status.",0,0,0,0,0,312,staying_with_family,undocumented,False,False
"I recently lost my job at Amazon due to layoffs. I am renting a room in a shared house for $1789 per month. I have 3 children ages 16, 2. I have been managing depression without proper medical care due to cost. I received a shutoff notice for my gas service.",1,1,0,0,1,113,staying_with_family,citizen,True,True
"I work 10 hours a week at retail shop, making $636 monthly. I am renting a room in a shared house for $1775 per month. I live alone. My child has arthritis and needs ongoing medical care. My electricity bill has been very high this winter, around $309 per month. I do not have legal immigration status.",0,0,0,0,1,53,renting,undocumented,True,True
I work part-time at a cleaning service earning about $2136 per month. I recently became homeless after my landlord evicted me. I live with my spouse and 1 children. I am pregnant and currently uninsured.,0,0,0,0,0,178,staying_with_family,citizen,True,False
"I am a student and work part-time, earning around $636 a month. I have been unhoused for 6 months and am staying in a shelter. I share an apartment with a roommate. My child has depression and needs ongoing medical care. I am behind on my heating bills by $348.",1,1,0,0,1,53,owned,citizen,False,True
"I work 20 hours a week at grocery store, making $276 monthly. I recently became homeless after my landlord evicted me. I live with my spouse and 1 children. I have a chronic condition (asthma) that requires regular medication. I struggle every month to pay my utility bills on time. I am a legal permanent resident and have been in the US for over 5 years.",1,1,1,0,1,23,renting,qualified_alien,True,True
"I am a full-time caregiver for my mother and have no outside income. I recently became homeless after my landlord evicted me. I have 1 children ages 11, 13. I have a chronic condition (depression) that requires regular medication.",0,0,0,0,0,336,renting,citizen,True,False
I recently lost my job at Amazon due to layoffs. I own my home but am struggling to keep up with the mortgage. I am caring for my elderly grandmother who lives with me. I have a chronic condition (depression) that requires regular medication. I received a shutoff notice for my gas service.,0,0,0,0,0,166,unhoused,citizen,True,True
"I am a student and work part-time, earning around $3768 a month. I have been unhoused for 3 months and am staying in a shelter. I am a single parent with 3 kids. I am pregnant and currently uninsured. I am a legal permanent resident and have been in the US for over 5 years.",0,0,0,0,0,314,owned,qualified_alien,True,False
"I work 10 hours a week at grocery store, making $1428 monthly. I am renting a room in a shared house for $935 per month. My household includes myself, my partner, and our 2 children. I recently lost my employer-sponsored health insurance. I am a legal permanent resident and have been in the US for over 5 years.",1,1,0,0,0,119,unhoused,qualified_alien,True,False
"I work 10 hours a week at cleaning service, making $1380 monthly. I am staying with family temporarily as I cannot afford my own place. I am a single parent with 4 kids. My child has diabetes and needs ongoing medical care.",1,1,0,0,0,115,unhoused,citizen,True,False
"I work 25 hours a week at grocery store, making $1200 monthly. I have been unhoused for 11 months and am staying in a shelter. I live alone. I have no health insurance.",1,1,0,1,0,100,staying_with_family,citizen,True,False
I am a full-time caregiver for my mother and have no outside income. I am currently renting an apartment for $1571 per month. I live with my partner. My child has asthma and needs ongoing medical care. I struggle every month to pay my utility bills on time. I am a legal permanent resident and have been in the US for over 5 years.,1,1,0,0,1,78,staying_with_family,qualified_alien,False,True
"I am a student and work part-time, earning around $1812 a month. I own my home but am struggling to keep up with the mortgage. I live with my partner. I am pregnant and currently uninsured. My electricity bill has been very high this winter, around $533 per month.",0,0,0,0,0,151,unhoused,citizen,False,True
I receive disability benefits of $4488 per month and cannot work. I have been unhoused for 3 months and am staying in a shelter. I live with my spouse and 4 children. I have been managing hypertension without proper medical care due to cost.,0,0,0,0,0,374,renting,citizen,True,False
"I am self-employed doing freelance cleaning work, my income varies month to month. I own my home but am struggling to keep up with the mortgage. I share an apartment with a roommate. I have a chronic condition (arthritis) that requires regular medication. I received a shutoff notice for my gas service.",1,1,0,0,1,123,staying_with_family,citizen,False,True
"I am a student and work part-time, earning around $4620 a month. I am currently renting an apartment for $1305 per month. I have 2 children ages 2. My child has hypertension and needs ongoing medical care. I am behind on my heating bills by $160.",0,0,0,0,0,385,owned,citizen,True,True
I receive disability benefits of $1476 per month and cannot work. I own my home but am struggling to keep up with the mortgage. I live with my spouse and 3 children. I recently lost my employer-sponsored health insurance. I am a legal permanent resident and have been in the US for over 5 years.,1,1,0,0,0,123,staying_with_family,qualified_alien,True,False
"I am self-employed doing handyman work, my income varies month to month. I recently became homeless after my landlord evicted me. I live alone. I am pregnant and currently uninsured. My utility bills take up a large portion of my income.",0,0,0,0,0,181,staying_with_family,citizen,True,True
I am a full-time caregiver for my father and have no outside income. I am renting a room in a shared house for $746 per month. I live with my partner. I have been managing hypertension without proper medical care due to cost.,0,0,0,0,0,179,unhoused,citizen,False,False
"I work 20 hours a week at grocery store, making $1704 monthly. I have been unhoused for 1 months and am staying in a shelter. My household includes myself, my partner, and our 4 children. I recently lost my employer-sponsored health insurance. I am behind on my heating bills by $452.",0,0,0,0,1,142,unhoused,citizen,True,True
I receive disability benefits of $2016 per month and cannot work. I recently became homeless after my landlord evicted me. I am caring for my elderly mother who lives with me. I recently lost my employer-sponsored health insurance. I received a shutoff notice for my gas service. I do not have legal immigration status.,0,0,0,0,0,168,staying_with_family,undocumented,True,True
"I am self-employed doing handyman work, my income varies month to month. I am currently renting an apartment for $1509 per month. I am caring for my elderly father who lives with me. I have been managing asthma without proper medical care due to cost. I am behind on my heating bills by $377.",0,0,0,0,0,196,owned,citizen,True,True
"I am a student and work part-time, earning around $1104 a month. I am renting a room in a shared house for $1094 per month. I share an apartment with a roommate. I am pregnant and currently uninsured. I am a legal permanent resident and have been in the US for over 5 years.",1,1,0,0,0,92,unhoused,qualified_alien,False,False
I receive disability benefits of $1476 per month and cannot work. I have been unhoused for 12 months and am staying in a shelter. I share an apartment with a roommate. I recently lost my employer-sponsored health insurance. I am behind on my heating bills by $354.,1,1,0,0,1,123,staying_with_family,citizen,False,True
"I am a full-time caregiver for my mother and have no outside income. I have been unhoused for 12 months and am staying in a shelter. I live alone. I recently lost my employer-sponsored health insurance. My electricity bill has been very high this winter, around $481 per month.",0,0,0,0,0,226,owned,citizen,False,True
I work part-time at a grocery store earning about $1404 per month. I am currently renting an apartment for $891 per month. I live alone. I have no health insurance. I am behind on my heating bills by $405. I am a legal permanent resident and have been in the US for over 5 years.,1,1,0,0,1,117,owned,qualified_alien,False,True
"I recently lost my job at Amazon due to layoffs. I am renting a room in a shared house for $605 per month. I have 4 children ages 7, 6. I am pregnant and currently uninsured. My utility bills take up a large portion of my income.",0,0,0,0,0,170,staying_with_family,citizen,True,True
"I am a student and work part-time, earning around $3288 a month. I recently became homeless after my landlord evicted me. I share an apartment with a roommate. My child has asthma and needs ongoing medical care. My electricity bill has been very high this winter, around $377 per month.",0,0,0,0,0,274,unhoused,citizen,False,True
I work part-time at a restaurant earning about $480 per month. I have been unhoused for 9 months and am staying in a shelter. I live with my partner. I have no health insurance. I am behind on my heating bills by $542.,1,1,0,0,1,40,owned,citizen,False,True
"I am a student and work part-time, earning around $3492 a month. I recently became homeless after my landlord evicted me. I have 1 children ages 14, 15, 5. My child has hypertension and needs ongoing medical care. I am a legal permanent resident and have been in the US for over 5 years.",0,0,0,0,0,291,unhoused,qualified_alien,True,False
"I work 10 hours a week at retail shop, making $1992 monthly. I have been unhoused for 12 months and am staying in a shelter. I am a single parent with 2 kids. I recently lost my employer-sponsored health insurance. I am a legal permanent resident and have been in the US for over 5 years.",0,0,0,0,0,166,staying_with_family,qualified_alien,True,False
"I work 25 hours a week at retail shop, making $3804 monthly. I have been unhoused for 1 months and am staying in a shelter. I live with my partner. I have no health insurance. My utility bills take up a large portion of my income. I am a legal permanent resident and have been in the US for over 5 years.",0,0,0,0,0,317,owned,qualified_alien,False,True
"I work 10 hours a week at grocery store, making $984 monthly. I am currently renting an apartment for $1368 per month. I have 4 children ages 1. I recently lost my employer-sponsored health insurance. I am behind on my heating bills by $428. I do not have legal immigration status.",0,0,0,0,1,82,renting,undocumented,True,True
"I work 10 hours a week at restaurant, making $696 monthly. I own my home but am struggling to keep up with the mortgage. I live with my spouse and 1 children. I have no health insurance.",1,1,0,1,0,58,staying_with_family,citizen,True,False
"I am a student and work part-time, earning around $672 a month. I am currently renting an apartment for $1762 per month. I live with my spouse and 1 children. I recently lost my employer-sponsored health insurance. My utility bills take up a large portion of my income. I do not have legal immigration status.",0,0,0,0,1,56,staying_with_family,undocumented,True,True
"I recently lost my job at a small business due to layoffs. I recently became homeless after my landlord evicted me. My household includes myself, my partner, and our 4 children. I am pregnant and currently uninsured. I am behind on my heating bills by $156. I am a legal permanent resident and have been in the US for over 5 years.",0,0,0,0,0,205,owned,qualified_alien,True,True
I am a full-time caregiver for my father and have no outside income. I am staying with family temporarily as I cannot afford my own place. I live with my partner. My child has depression and needs ongoing medical care. My utility bills take up a large portion of my income.,0,0,0,0,0,346,renting,citizen,False,True
"I work part-time at a retail shop earning about $984 per month. I am renting a room in a shared house for $1170 per month. I share an apartment with a roommate. I recently lost my employer-sponsored health insurance. My electricity bill has been very high this winter, around $341 per month. I am a legal permanent resident and have been in the US for over 5 years.",1,1,0,0,1,82,owned,qualified_alien,False,True
I work part-time at a grocery store earning about $1404 per month. I am currently renting an apartment for $653 per month. I live with my partner. I am pregnant and currently uninsured. I do not have legal immigration status.,0,0,0,0,0,117,staying_with_family,undocumented,False,False
"I am a full-time caregiver for my father and have no outside income. I am renting a room in a shared house for $1756 per month. My household includes myself, my partner, and our 1 children. I am pregnant and currently uninsured. I struggle every month to pay my utility bills on time.",0,0,0,0,0,170,renting,citizen,True,True
"I work 25 hours a week at grocery store, making $276 monthly. I am staying with family temporarily as I cannot afford my own place. I live alone. I have been managing arthritis without proper medical care due to cost. I received a shutoff notice for my gas service.",1,1,0,1,1,23,owned,citizen,True,True
"I am a student and work part-time, earning around $3192 a month. I am staying with family temporarily as I cannot afford my own place. I live alone. I am pregnant and currently uninsured. My utility bills take up a large portion of my income. I do not have legal immigration status.",0,0,0,0,0,266,staying_with_family,undocumented,True,True
I work part-time at a cleaning service earning about $1800 per month. I am currently renting an apartment for $1772 per month. I live alone. I have no health insurance. I struggle every month to pay my utility bills on time. I am a legal permanent resident and have been in the US for over 5 years.,0,0,0,0,1,150,owned,qualified_alien,False,True
I receive disability benefits of $2856 per month and cannot work. I have been unhoused for 4 months and am staying in a shelter. I share an apartment with a roommate. I have a chronic condition (hypertension) that requires regular medication. My utility bills take up a large portion of my income. I am a legal permanent resident and have been in the US for over 5 years.,0,0,0,0,0,238,staying_with_family,qualified_alien,False,True
"I am a student and work part-time, earning around $372 a month. I am staying with family temporarily as I cannot afford my own place. I live with my partner. I recently lost my employer-sponsored health insurance. I am behind on my heating bills by $390.",1,1,1,0,1,31,renting,citizen,False,True
I recently lost my job at Target due to layoffs. I have been unhoused for 2 months and am staying in a shelter. I share an apartment with a roommate. I recently lost my employer-sponsored health insurance. I received a shutoff notice for my gas service.,1,1,0,0,1,81,staying_with_family,citizen,False,True
"I am self-employed doing handyman work, my income varies month to month. I have been unhoused for 12 months and am staying in a shelter. I share an apartment with a roommate. I have no health insurance. I do not have legal immigration status.",0,0,0,0,0,284,unhoused,undocumented,False,False
"I work 15 hours a week at restaurant, making $1824 monthly. I am staying with family temporarily as I cannot afford my own place. I live with my spouse and 2 children. I have no health insurance. My electricity bill has been very high this winter, around $338 per month. I am a legal permanent resident and have been in the US for over 5 years.",0,0,0,0,0,152,renting,qualified_alien,True,True
"I work part-time at a retail shop earning about $1380 per month. I have been unhoused for 3 months and am staying in a shelter. My household includes myself, my partner, and our 4 children. I have a chronic condition (depression) that requires regular medication. I struggle every month to pay my utility bills on time.",1,1,0,0,1,115,staying_with_family,citizen,True,True
"I am a student and work part-time, earning around $3972 a month. I am staying with family temporarily as I cannot afford my own place. I share an apartment with a roommate. I have been managing diabetes without proper medical care due to cost. I am behind on my heating bills by $510. I am a legal permanent resident and have been in the US for over 5 years.",0,0,0,0,0,331,unhoused,qualified_alien,False,True
"I am self-employed doing freelance cleaning work, my income varies month to month. I am staying with family temporarily as I cannot afford my own place. I have 2 children ages 1. I have been managing asthma without proper medical care due to cost. I received a shutoff notice for my gas service. I am a legal permanent resident and have been in the US for over 5 years.",0,0,0,0,0,369,owned,qualified_alien,True,True
"I work 20 hours a week at retail shop, making $2808 monthly. I am currently renting an apartment for $1387 per month. I am caring for my elderly father who lives with me. I recently lost my employer-sponsored health insurance. My utility bills take up a large portion of my income.",0,0,0,0,0,234,renting,citizen,True,True
I work part-time at a warehouse earning about $972 per month. I own my home but am struggling to keep up with the mortgage. I share an apartment with a roommate. My child has asthma and needs ongoing medical care. I received a shutoff notice for my gas service. I do not have legal immigration status.,0,0,0,0,1,81,staying_with_family,undocumented,False,True
I am currently unemployed and have been looking for work for 18 months. I am currently renting an apartment for $1542 per month. I live with my partner. I am pregnant and currently uninsured.,0,0,0,0,0,180,renting,citizen,False,False
I receive disability benefits of $1128 per month and cannot work. I am staying with family temporarily as I cannot afford my own place. I share an apartment with a roommate. I have been managing depression without proper medical care due to cost. I struggle every month to pay my utility bills on time. I do not have legal immigration status.,0,0,0,0,1,94,staying_with_family,undocumented,False,True
I receive disability benefits of $552 per month and cannot work. I am renting a room in a shared house for $1135 per month. I live alone. I am pregnant and currently uninsured. My utility bills take up a large portion of my income. I do not have legal immigration status.,0,0,1,0,1,46,renting,undocumented,False,True
"I am self-employed doing handyman work, my income varies month to month. I recently became homeless after my landlord evicted me. I live with my partner. I have no health insurance. I am a legal permanent resident and have been in the US for over 5 years.",0,0,0,0,0,392,owned,qualified_alien,False,False
I am currently unemployed and have been looking for work for 10 months. I am renting a room in a shared house for $1715 per month. I live alone. I recently lost my employer-sponsored health insurance. I received a shutoff notice for my gas service. I am a legal permanent resident and have been in the US for over 5 years.,1,1,0,0,1,89,renting,qualified_alien,True,True
"I am currently unemployed and have been looking for work for 12 months. I own my home but am struggling to keep up with the mortgage. I live alone. I am pregnant and currently uninsured. My electricity bill has been very high this winter, around $260 per month.",1,1,0,0,1,103,staying_with_family,citizen,True,True
I receive disability benefits of $744 per month and cannot work. I am currently renting an apartment for $1553 per month. I live alone. My child has asthma and needs ongoing medical care. I do not have legal immigration status.,0,0,0,0,0,62,renting,undocumented,False,False
I am a full-time caregiver for my mother and have no outside income. I own my home but am struggling to keep up with the mortgage. I have 3 children ages 2. I am pregnant and currently uninsured. I struggle every month to pay my utility bills on time. I am a legal permanent resident and have been in the US for over 5 years.,1,1,1,0,1,22,renting,qualified_alien,True,True
I am currently unemployed and have been looking for work for 13 months. I am currently renting an apartment for $1578 per month. I live alone. I have been managing asthma without proper medical care due to cost. I received a shutoff notice for my gas service.,1,1,0,0,1,51,owned,citizen,False,True
"I work 20 hours a week at cleaning service, making $2208 monthly. I am staying with family temporarily as I cannot afford my own place. I am a single parent with 1 kids. My child has asthma and needs ongoing medical care.",0,0,0,0,0,184,unhoused,citizen,True,False
I work part-time at a retail shop earning about $756 per month. I am renting a room in a shared house for $1123 per month. I live with my partner. I have a chronic condition (arthritis) that requires regular medication.,1,1,0,0,0,63,renting,citizen,False,False
I am currently unemployed and have been looking for work for 5 months. I have been unhoused for 10 months and am staying in a shelter. I share an apartment with a roommate. I am pregnant and currently uninsured.,0,0,0,0,0,168,unhoused,citizen,False,False
I work part-time at a retail shop earning about $240 per month. I have been unhoused for 2 months and am staying in a shelter. I live with my partner. I have been managing asthma without proper medical care due to cost. I am behind on my heating bills by $494.,1,1,0,0,1,20,staying_with_family,citizen,False,True
"I am a student and work part-time, earning around $3012 a month. I own my home but am struggling to keep up with the mortgage. I have 4 children ages 11, 8, 10. My child has hypertension and needs ongoing medical care. My electricity bill has been very high this winter, around $279 per month. I am a legal permanent resident and have been in the US for over 5 years.",0,0,0,0,0,251,owned,qualified_alien,True,True
I am a full-time caregiver for my mother and have no outside income. I recently became homeless after my landlord evicted me. I share an apartment with a roommate. I am pregnant and currently uninsured. I received a shutoff notice for my gas service.,0,0,0,0,0,230,owned,citizen,False,True
I work part-time at a cleaning service earning about $1212 per month. I am currently renting an apartment for $1668 per month. I am a single parent with 4 kids. I recently lost my employer-sponsored health insurance.,1,1,0,0,0,101,staying_with_family,citizen,True,False
I recently lost my job at Target due to layoffs. I recently became homeless after my landlord evicted me. I live with my partner. I recently lost my employer-sponsored health insurance. I am a legal permanent resident and have been in the US for over 5 years.,0,0,0,0,0,229,renting,qualified_alien,False,False
"I work 20 hours a week at retail shop, making $648 monthly. I am staying with family temporarily as I cannot afford my own place. I live with my partner. I recently lost my employer-sponsored health insurance.",1,1,0,0,0,54,staying_with_family,citizen,False,False
I am a full-time caregiver for my father and have no outside income. I own my home but am struggling to keep up with the mortgage. I live with my partner. My child has depression and needs ongoing medical care. I received a shutoff notice for my gas service. I do not have legal immigration status.,0,0,1,0,1,33,renting,undocumented,False,True
"I work part-time at a warehouse earning about $2148 per month. I am renting a room in a shared house for $1785 per month. I share an apartment with a roommate. My child has diabetes and needs ongoing medical care. My electricity bill has been very high this winter, around $223 per month. I do not have legal immigration status.",0,0,0,0,0,179,renting,undocumented,False,True
I am a full-time caregiver for my spouse and have no outside income. I recently became homeless after my landlord evicted me. I am a single parent with 1 kids. I am pregnant and currently uninsured. My utility bills take up a large portion of my income.,1,1,0,1,1,53,owned,citizen,True,True
"I am self-employed doing rideshare work, my income varies month to month. I own my home but am struggling to keep up with the mortgage. I live with my partner. I am pregnant and currently uninsured. I am a legal permanent resident and have been in the US for over 5 years.",1,1,0,0,0,76,staying_with_family,qualified_alien,False,False
I work part-time at a grocery store earning about $768 per month. I have been unhoused for 1 months and am staying in a shelter. I live with my partner. I am pregnant and currently uninsured. I received a shutoff notice for my gas service.,1,1,0,0,1,64,renting,citizen,False,True
I am a full-time caregiver for my spouse and have no outside income. I own my home but am struggling to keep up with the mortgage. I live with my partner. I recently lost my employer-sponsored health insurance. I am behind on my heating bills by $234.,1,1,0,0,1,110,owned,citizen,False,True
"I work part-time at a restaurant earning about $1896 per month. I am currently renting an apartment for $1143 per month. My household includes myself, my partner, and our 2 children. My child has arthritis and needs ongoing medical care. I am a legal permanent resident and have been in the US for over 5 years.",0,0,0,0,0,158,unhoused,qualified_alien,True,False
"I work 25 hours a week at restaurant, making $4176 monthly. I am staying with family temporarily as I cannot afford my own place. I live alone. My child has asthma and needs ongoing medical care. I struggle every month to pay my utility bills on time. I do not have legal immigration status.",0,0,0,0,0,348,staying_with_family,undocumented,False,True
I receive disability benefits of $1476 per month and cannot work. I own my home but am struggling to keep up with the mortgage. I share an apartment with a roommate. I am pregnant and currently uninsured.,1,1,0,0,0,123,renting,citizen,False,False
"I am a student and work part-time, earning around $1668 a month. I have been unhoused for 2 months and am staying in a shelter. I am a single parent with 3 kids. I recently lost my employer-sponsored health insurance. I am a legal permanent resident and have been in the US for over 5 years.",0,0,0,0,0,139,staying_with_family,qualified_alien,True,False
I am currently unemployed and have been looking for work for 1 months. I am currently renting an apartment for $1210 per month. I share an apartment with a roommate. I have a chronic condition (depression) that requires regular medication. My utility bills take up a large portion of my income. I am a legal permanent resident and have been in the US for over 5 years.,0,0,0,0,0,181,unhoused,qualified_alien,False,True
I receive disability benefits of $3552 per month and cannot work. I own my home but am struggling to keep up with the mortgage. I am caring for my elderly mother who lives with me. I have a chronic condition (depression) that requires regular medication. I do not have legal immigration status.,0,0,0,0,0,296,renting,undocumented,True,False
I work part-time at a grocery store earning about $3072 per month. I am renting a room in a shared house for $1012 per month. I share an apartment with a roommate. I have no health insurance.,0,0,0,0,0,256,unhoused,citizen,False,False
I receive disability benefits of $972 per month and cannot work. I am renting a room in a shared house for $1433 per month. I live alone. I recently lost my employer-sponsored health insurance. I do not have legal immigration status.,0,0,0,0,0,81,owned,undocumented,False,False
"I work part-time at a grocery store earning about $1524 per month. I am renting a room in a shared house for $979 per month. My household includes myself, my partner, and our 2 children. I recently lost my employer-sponsored health insurance. I struggle every month to pay my utility bills on time. I am a legal permanent resident and have been in the US for over 5 years.",1,1,0,0,1,127,unhoused,qualified_alien,True,True
"I am currently unemployed and have been looking for work for 5 months. I am staying with family temporarily as I cannot afford my own place. My household includes myself, my partner, and our 3 children. I have no health insurance. My utility bills take up a large portion of my income. I am a legal permanent resident and have been in the US for over 5 years.",0,0,0,0,0,161,renting,qualified_alien,True,True
I am a full-time caregiver for my spouse and have no outside income. I am renting a room in a shared house for $797 per month. I live with my spouse and 3 children. My child has arthritis and needs ongoing medical care. I am a legal permanent resident and have been in the US for over 5 years.,1,1,0,0,0,111,unhoused,qualified_alien,True,False
"I work 15 hours a week at grocery store, making $1524 monthly. I am currently renting an apartment for $1396 per month. I share an apartment with a roommate. I have no health insurance. My utility bills take up a large portion of my income. I am a legal permanent resident and have been in the US for over 5 years.",1,1,0,0,1,127,renting,qualified_alien,False,True
I receive disability benefits of $1620 per month and cannot work. I am staying with family temporarily as I cannot afford my own place. I am a single parent with 4 kids. I recently lost my employer-sponsored health insurance. My utility bills take up a large portion of my income.,0,1,0,0,1,135,renting,citizen,True,True
"I work 15 hours a week at cleaning service, making $1296 monthly. I am renting a room in a shared house for $1765 per month. I live alone. I have been managing depression without proper medical care due to cost. My utility bills take up a large portion of my income. I am a legal permanent resident and have been in the US for over 5 years.",1,1,0,0,1,108,unhoused,qualified_alien,True,True
"I am a full-time caregiver for my father and have no outside income. I own my home but am struggling to keep up with the mortgage. My household includes myself, my partner, and our 4 children. I am pregnant and currently uninsured. I struggle every month to pay my utility bills on time.",0,0,0,0,0,307,unhoused,citizen,True,True
I recently lost my job at a small business due to layoffs. I have been unhoused for 6 months and am staying in a shelter. I live alone. I recently lost my employer-sponsored health insurance. I struggle every month to pay my utility bills on time.,1,1,0,0,1,124,staying_with_family,citizen,False,True
I work part-time at a grocery store earning about $2772 per month. I own my home but am struggling to keep up with the mortgage. I share an apartment with a roommate. I have a chronic condition (diabetes) that requires regular medication. I am behind on my heating bills by $577. I do not have legal immigration status.,0,0,0,0,0,231,unhoused,undocumented,False,True
I am currently unemployed and have been looking for work for 17 months. I am renting a room in a shared house for $1446 per month. I share an apartment with a roommate. I am pregnant and currently uninsured.,1,1,0,0,0,113,staying_with_family,citizen,False,False
I am currently unemployed and have been looking for work for 6 months. I am currently renting an apartment for $735 per month. I live with my partner. My child has hypertension and needs ongoing medical care. I received a shutoff notice for my gas service.,1,1,0,0,1,81,unhoused,citizen,False,True
"I am a student and work part-time, earning around $1200 a month. I own my home but am struggling to keep up with the mortgage. I share an apartment with a roommate. I have been managing hypertension without proper medical care due to cost. I do not have legal immigration status.",0,0,0,0,0,100,unhoused,undocumented,False,False
I work part-time at a warehouse earning about $324 per month. I am currently renting an apartment for $936 per month. I am a single parent with 3 kids. I have no health insurance. I am behind on my heating bills by $267. I am a legal permanent resident and have been in the US for over 5 years.,1,1,0,0,1,27,staying_with_family,qualified_alien,True,True
I receive disability benefits of $4308 per month and cannot work. I own my home but am struggling to keep up with the mortgage. I live alone. I recently lost my employer-sponsored health insurance. My utility bills take up a large portion of my income. I am a legal permanent resident and have been in the US for over 5 years.,0,0,0,0,0,359,owned,qualified_alien,False,True
I work part-time at a retail shop earning about $4272 per month. I have been unhoused for 4 months and am staying in a shelter. I live with my spouse and 2 children. I have no health insurance. I struggle every month to pay my utility bills on time. I am a legal permanent resident and have been in the US for over 5 years.,0,0,0,0,0,356,staying_with_family,qualified_alien,True,True
"I am self-employed doing freelance cleaning work, my income varies month to month. I recently became homeless after my landlord evicted me. I have 3 children ages 11, 11, 15. I am pregnant and currently uninsured. My electricity bill has been very high this winter, around $170 per month.",1,1,0,1,1,78,unhoused,citizen,True,True
"I am self-employed doing food delivery work, my income varies month to month. I am currently renting an apartment for $1358 per month. I live alone. My child has depression and needs ongoing medical care.",0,0,0,0,0,303,staying_with_family,citizen,True,False
"I work 25 hours a week at warehouse, making $2316 monthly. I have been unhoused for 8 months and am staying in a shelter. I am caring for my elderly grandmother who lives with me. I have a chronic condition (hypertension) that requires regular medication.",0,0,0,0,0,193,unhoused,citizen,True,False
I recently lost my job at a small business due to layoffs. I am staying with family temporarily as I cannot afford my own place. I live with my spouse and 3 children. My child has arthritis and needs ongoing medical care. I struggle every month to pay my utility bills on time.,0,1,0,0,1,134,owned,citizen,True,True
I receive disability benefits of $1032 per month and cannot work. I am staying with family temporarily as I cannot afford my own place. I live with my partner. I recently lost my employer-sponsored health insurance. I received a shutoff notice for my gas service. I do not have legal immigration status.,0,0,0,0,1,86,owned,undocumented,False,True
I recently lost my job at a local restaurant due to layoffs. I am currently renting an apartment for $1103 per month. I live alone. I am pregnant and currently uninsured.,0,0,0,0,0,323,renting,citizen,True,False
"I am a student and work part-time, earning around $3372 a month. I am currently renting an apartment for $991 per month. My household includes myself, my partner, and our 2 children. I am pregnant and currently uninsured. I received a shutoff notice for my gas service.",0,0,0,0,0,281,renting,citizen,True,True
"I work 25 hours a week at cleaning service, making $2688 monthly. I am staying with family temporarily as I cannot afford my own place. I have 1 children ages 1. I recently lost my employer-sponsored health insurance.",0,0,0,0,0,224,staying_with_family,citizen,True,False
I receive disability benefits of $2364 per month and cannot work. I have been unhoused for 4 months and am staying in a shelter. I live with my partner. I am pregnant and currently uninsured. I received a shutoff notice for my gas service. I do not have legal immigration status.,0,0,0,0,0,197,renting,undocumented,False,True
"I recently lost my job at Target due to layoffs. I am currently renting an apartment for $648 per month. I am caring for my elderly mother who lives with me. My child has hypertension and needs ongoing medical care. My electricity bill has been very high this winter, around $297 per month. I do not have legal immigration status.",0,0,0,0,1,87,renting,undocumented,True,True
I recently lost my job at Amazon due to layoffs. I am currently renting an apartment for $1157 per month. I live with my partner. I have been managing depression without proper medical care due to cost. I received a shutoff notice for my gas service. I do not have legal immigration status.,0,0,0,0,0,335,staying_with_family,undocumented,False,True
"I am a student and work part-time, earning around $3828 a month. I am renting a room in a shared house for $1236 per month. I live alone. My child has depression and needs ongoing medical care.",0,0,0,0,0,319,staying_with_family,citizen,True,False
I work part-time at a restaurant earning about $1836 per month. I am staying with family temporarily as I cannot afford my own place. I live alone. I recently lost my employer-sponsored health insurance. I am a legal permanent resident and have been in the US for over 5 years.,0,0,0,0,0,153,renting,qualified_alien,False,False
I am currently unemployed and have been looking for work for 8 months. I am staying with family temporarily as I cannot afford my own place. I am a single parent with 1 kids. I am pregnant and currently uninsured. I am a legal permanent resident and have been in the US for over 5 years.,0,0,0,0,0,178,owned,qualified_alien,True,False
"I work 25 hours a week at cleaning service, making $1200 monthly. I am renting a room in a shared house for $773 per month. I am caring for my elderly mother who lives with me. I have been managing hypertension without proper medical care due to cost. My electricity bill has been very high this winter, around $387 per month.",1,1,0,1,1,100,owned,citizen,True,True
"I recently lost my job at a local restaurant due to layoffs. I recently became homeless after my landlord evicted me. I have 1 children ages 1, 14. I have no health insurance. I received a shutoff notice for my gas service.",0,0,0,0,1,142,renting,citizen,True,True
I work part-time at a cleaning service earning about $4368 per month. I am renting a room in a shared house for $1112 per month. I live alone. I am pregnant and currently uninsured.,0,0,0,0,0,364,unhoused,citizen,False,False
"I am self-employed doing rideshare work, my income varies month to month. I own my home but am struggling to keep up with the mortgage. I am a single parent with 2 kids. I have been managing asthma without proper medical care due to cost. I am behind on my heating bills by $531. I do not have legal immigration status.",0,0,0,0,1,64,renting,undocumented,True,True
"I am a full-time caregiver for my father and have no outside income. I have been unhoused for 9 months and am staying in a shelter. My household includes myself, my partner, and our 2 children. I am pregnant and currently uninsured. I am behind on my heating bills by $186.",1,1,0,1,1,59,owned,citizen,True,True
I am currently unemployed and have been looking for work for 11 months. I am staying with family temporarily as I cannot afford my own place. I live alone. I am pregnant and currently uninsured. My utility bills take up a large portion of my income. I do not have legal immigration status.,0,0,0,0,0,175,staying_with_family,undocumented,False,True
"I work 10 hours a week at restaurant, making $3300 monthly. I am staying with family temporarily as I cannot afford my own place. I am caring for my elderly mother who lives with me. I am pregnant and currently uninsured. My electricity bill has been very high this winter, around $490 per month. I am a legal permanent resident and have been in the US for over 5 years.",0,0,0,0,0,275,renting,qualified_alien,True,True
I am currently unemployed and have been looking for work for 15 months. I am renting a room in a shared house for $1114 per month. I live with my partner. I recently lost my employer-sponsored health insurance. I am behind on my heating bills by $171.,1,1,0,0,1,83,renting,citizen,False,True
"I am a student and work part-time, earning around $1956 a month. I am currently renting an apartment for $1001 per month. I live with my partner. I recently lost my employer-sponsored health insurance. I am a legal permanent resident and have been in the US for over 5 years.",0,0,0,0,0,163,renting,qualified_alien,False,False
"I work 10 hours a week at retail shop, making $4668 monthly. I own my home but am struggling to keep up with the mortgage. I am a single parent with 2 kids. I recently lost my employer-sponsored health insurance.",0,0,0,0,0,389,owned,citizen,True,False
"I am self-employed doing food delivery work, my income varies month to month. I own my home but am struggling to keep up with the mortgage. I share an apartment with a roommate. My child has depression and needs ongoing medical care. I received a shutoff notice for my gas service.",1,1,0,0,1,96,renting,citizen,False,True
"I work 20 hours a week at warehouse, making $2148 monthly. I recently became homeless after my landlord evicted me. I live with my spouse and 1 children. My child has diabetes and needs ongoing medical care. I do not have legal immigration status.",0,0,0,0,0,179,unhoused,undocumented,True,False
"I am currently unemployed and have been looking for work for 2 months. I am renting a room in a shared house for $1691 per month. I live alone. I have been managing diabetes without proper medical care due to cost. My electricity bill has been very high this winter, around $383 per month.",0,0,0,0,0,326,unhoused,citizen,False,True
"I am a full-time caregiver for my spouse and have no outside income. I am currently renting an apartment for $1061 per month. I have 4 children ages 15, 11, 9. I am pregnant and currently uninsured. My electricity bill has been very high this winter, around $568 per month. I am a legal permanent resident and have been in the US for over 5 years.",0,0,0,0,0,397,owned,qualified_alien,True,True
I recently lost my job at Amazon due to layoffs. I am staying with family temporarily as I cannot afford my own place. I live alone. I have no health insurance. I am behind on my heating bills by $351. I do not have legal immigration status.,0,0,0,0,0,391,owned,undocumented,True,True
"I work 15 hours a week at grocery store, making $2280 monthly. I am currently renting an apartment for $813 per month. I live alone. I have been managing asthma without proper medical care due to cost. My electricity bill has been very high this winter, around $248 per month. I am a legal permanent resident and have been in the US for over 5 years.",0,0,0,0,0,190,owned,qualified_alien,False,True
"I am self-employed doing freelance cleaning work, my income varies month to month. I recently became homeless after my landlord evicted me. I live with my spouse and 1 children. I am pregnant and currently uninsured. I received a shutoff notice for my gas service.",1,1,0,1,1,73,staying_with_family,citizen,True,True
"I am a student and work part-time, earning around $1656 a month. I own my home but am struggling to keep up with the mortgage. I live alone. I have a chronic condition (asthma) that requires regular medication. I am a legal permanent resident and have been in the US for over 5 years.",0,1,0,0,0,138,staying_with_family,qualified_alien,False,False
I am currently unemployed and have been looking for work for 13 months. I recently became homeless after my landlord evicted me. I live with my partner. My child has asthma and needs ongoing medical care. I am a legal permanent resident and have been in the US for over 5 years.,0,0,0,0,0,308,unhoused,qualified_alien,False,False
I recently lost my job at a small business due to layoffs. I own my home but am struggling to keep up with the mortgage. I share an apartment with a roommate. I have a chronic condition (diabetes) that requires regular medication. I am a legal permanent resident and have been in the US for over 5 years.,0,0,0,0,0,170,unhoused,qualified_alien,False,False
"I am currently unemployed and have been looking for work for 4 months. I own my home but am struggling to keep up with the mortgage. My household includes myself, my partner, and our 1 children. I have no health insurance. I struggle every month to pay my utility bills on time.",1,1,0,0,1,121,unhoused,citizen,True,True
"I am self-employed doing rideshare work, my income varies month to month. I recently became homeless after my landlord evicted me. I live alone. I have been managing depression without proper medical care due to cost. I struggle every month to pay my utility bills on time. I do not have legal immigration status.",0,0,0,0,1,29,owned,undocumented,True,True
"I am self-employed doing handyman work, my income varies month to month. I own my home but am struggling to keep up with the mortgage. My household includes myself, my partner, and our 4 children. I recently lost my employer-sponsored health insurance.",1,1,0,1,0,62,owned,citizen,True,False
"I am a student and work part-time, earning around $2700 a month. I have been unhoused for 10 months and am staying in a shelter. I share an apartment with a roommate. I recently lost my employer-sponsored health insurance. I struggle every month to pay my utility bills on time. I am a legal permanent resident and have been in the US for over 5 years.",0,0,0,0,0,225,staying_with_family,qualified_alien,False,True
I am a full-time caregiver for my father and have no outside income. I have been unhoused for 3 months and am staying in a shelter. I live with my spouse and 2 children. I have no health insurance. I received a shutoff notice for my gas service. I do not have legal immigration status.,0,0,0,0,0,334,renting,undocumented,True,True
"I am a student and work part-time, earning around $3612 a month. I am staying with family temporarily as I cannot afford my own place. I live with my partner. I am pregnant and currently uninsured. My utility bills take up a large portion of my income.",0,0,0,0,0,301,unhoused,citizen,False,True
"I am self-employed doing freelance cleaning work, my income varies month to month. I own my home but am struggling to keep up with the mortgage. I share an apartment with a roommate. I have a chronic condition (diabetes) that requires regular medication. My electricity bill has been very high this winter, around $331 per month. I am a legal permanent resident and have been in the US for over 5 years.",1,1,0,0,1,129,renting,qualified_alien,False,True
"I am a student and work part-time, earning around $1968 a month. I am staying with family temporarily as I cannot afford my own place. I live alone. My child has arthritis and needs ongoing medical care. I am behind on my heating bills by $250. I am a legal permanent resident and have been in the US for over 5 years.",0,0,0,0,0,164,renting,qualified_alien,False,True
I work part-time at a grocery store earning about $1428 per month. I am currently renting an apartment for $1597 per month. I share an apartment with a roommate. I have a chronic condition (hypertension) that requires regular medication.,1,1,0,0,0,119,unhoused,citizen,False,False
"I am a student and work part-time, earning around $552 a month. I am renting a room in a shared house for $1112 per month. I am caring for my elderly father who lives with me. I have no health insurance.",1,1,1,1,0,46,renting,citizen,True,False
"I am self-employed doing handyman work, my income varies month to month. I own my home but am struggling to keep up with the mortgage. I live alone. I am pregnant and currently uninsured. I struggle every month to pay my utility bills on time. I am a legal permanent resident and have been in the US for over 5 years.",1,1,0,0,1,76,owned,qualified_alien,True,True
"I work 20 hours a week at restaurant, making $2160 monthly. I own my home but am struggling to keep up with the mortgage. I live alone. My child has asthma and needs ongoing medical care.",0,0,0,0,0,180,renting,citizen,True,False
"I work part-time at a cleaning service earning about $552 per month. I am currently renting an apartment for $1280 per month. I live with my spouse and 2 children. I have been managing asthma without proper medical care due to cost. My electricity bill has been very high this winter, around $536 per month. I do not have legal immigration status.",0,0,0,0,1,46,owned,undocumented,True,True
I recently lost my job at a small business due to layoffs. I am currently renting an apartment for $1350 per month. I live alone. I have been managing asthma without proper medical care due to cost. I am a legal permanent resident and have been in the US for over 5 years.,1,1,1,0,0,32,renting,qualified_alien,True,False
I am a full-time caregiver for my mother and have no outside income. I am renting a room in a shared house for $1793 per month. I am caring for my elderly grandmother who lives with me. I have no health insurance. My utility bills take up a large portion of my income.,1,1,0,0,1,127,owned,citizen,True,True
I recently lost my job at a local restaurant due to layoffs. I am renting a room in a shared house for $799 per month. I live alone. I recently lost my employer-sponsored health insurance. I am behind on my heating bills by $450. I do not have legal immigration status.,0,0,0,0,0,160,owned,undocumented,True,True
"I recently lost my job at a small business due to layoffs. I have been unhoused for 2 months and am staying in a shelter. I live alone. I am pregnant and currently uninsured. My electricity bill has been very high this winter, around $392 per month.",1,1,0,0,1,46,owned,citizen,False,True
"I receive disability benefits of $2352 per month and cannot work. I am renting a room in a shared house for $1414 per month. My household includes myself, my partner, and our 1 children. I am pregnant and currently uninsured. I do not have legal immigration status.",0,0,0,0,0,196,owned,undocumented,True,False
I am a full-time caregiver for my father and have no outside income. I recently became homeless after my landlord evicted me. I live with my spouse and 1 children. I have no health insurance. My utility bills take up a large portion of my income.,0,0,0,0,0,221,owned,citizen,True,True
I receive disability benefits of $1560 per month and cannot work. I am renting a room in a shared house for $681 per month. I share an apartment with a roommate. My child has asthma and needs ongoing medical care. I received a shutoff notice for my gas service.,1,1,0,0,1,130,owned,citizen,False,True
"I am a student and work part-time, earning around $2220 a month. I recently became homeless after my landlord evicted me. I am a single parent with 4 kids. I have no health insurance. My electricity bill has been very high this winter, around $516 per month. I am a legal permanent resident and have been in the US for over 5 years.",0,0,0,0,0,185,staying_with_family,qualified_alien,True,True
I recently lost my job at Target due to layoffs. I am renting a room in a shared house for $1576 per month. I live with my spouse and 2 children. I have been managing asthma without proper medical care due to cost. My utility bills take up a large portion of my income.,0,0,0,0,0,269,owned,citizen,True,True
I am a full-time caregiver for my father and have no outside income. I have been unhoused for 8 months and am staying in a shelter. I share an apartment with a roommate. I recently lost my employer-sponsored health insurance. I received a shutoff notice for my gas service.,0,0,0,0,0,175,owned,citizen,False,True
"I work 20 hours a week at restaurant, making $624 monthly. I am renting a room in a shared house for $1643 per month. I live alone. I am pregnant and currently uninsured. My utility bills take up a large portion of my income.",1,1,0,0,1,52,renting,citizen,False,True
"I work 25 hours a week at warehouse, making $456 monthly. I have been unhoused for 2 months and am staying in a shelter. I share an apartment with a roommate. I have no health insurance. I struggle every month to pay my utility bills on time.",1,1,0,0,1,38,owned,citizen,False,True
I recently lost my job at Amazon due to layoffs. I am staying with family temporarily as I cannot afford my own place. I share an apartment with a roommate. I have been managing arthritis without proper medical care due to cost. I struggle every month to pay my utility bills on time. I do not have legal immigration status.,0,0,0,0,0,366,owned,undocumented,False,True
I receive disability benefits of $912 per month and cannot work. I am renting a room in a shared house for $1279 per month. I live alone. My child has diabetes and needs ongoing medical care. I received a shutoff notice for my gas service. I am a legal permanent resident and have been in the US for over 5 years.,1,1,0,0,1,76,renting,qualified_alien,False,True
"I am self-employed doing handyman work, my income varies month to month. I am renting a room in a shared house for $1584 per month. I live with my spouse and 3 children. I have no health insurance. I struggle every month to pay my utility bills on time.",0,0,0,0,0,165,unhoused,citizen,True,True
"I work part-time at a retail shop earning about $4536 per month. I own my home but am struggling to keep up with the mortgage. I have 3 children ages 12, 15. I am pregnant and currently uninsured.",0,0,0,0,0,378,renting,citizen,True,False
"I am self-employed doing food delivery work, my income varies month to month. I have been unhoused for 3 months and am staying in a shelter. I share an apartment with a roommate. I recently lost my employer-sponsored health insurance. I do not have legal immigration status.",0,0,0,0,0,117,staying_with_family,undocumented,False,False
I receive disability benefits of $1416 per month and cannot work. I am staying with family temporarily as I cannot afford my own place. I live alone. I have a chronic condition (diabetes) that requires regular medication. I received a shutoff notice for my gas service. I do not have legal immigration status.,0,0,0,0,1,118,owned,undocumented,False,True
I receive disability benefits of $1356 per month and cannot work. I recently became homeless after my landlord evicted me. I live alone. I have a chronic condition (hypertension) that requires regular medication.,1,1,0,0,0,113,staying_with_family,citizen,False,False
"I work 20 hours a week at warehouse, making $4500 monthly. I recently became homeless after my landlord evicted me. I have 4 children ages 6. I recently lost my employer-sponsored health insurance. I received a shutoff notice for my gas service.",0,0,0,0,0,375,renting,citizen,True,True
"I work 20 hours a week at restaurant, making $1032 monthly. I have been unhoused for 7 months and am staying in a shelter. I live alone. My child has asthma and needs ongoing medical care. I am behind on my heating bills by $281.",1,1,0,1,1,86,owned,citizen,True,True
I am currently unemployed and have been looking for work for 1 months. I recently became homeless after my landlord evicted me. I am a single parent with 1 kids. I am pregnant and currently uninsured. I am behind on my heating bills by $321.,1,1,0,1,1,22,staying_with_family,citizen,True,True
"I am self-employed doing rideshare work, my income varies month to month. I recently became homeless after my landlord evicted me. My household includes myself, my partner, and our 2 children. I am pregnant and currently uninsured. I struggle every month to pay my utility bills on time. I do not have legal immigration status.",0,0,0,0,0,182,renting,undocumented,True,True
I work part-time at a restaurant earning about $2004 per month. I own my home but am struggling to keep up with the mortgage. I am caring for my elderly grandmother who lives with me. My child has asthma and needs ongoing medical care. I am behind on my heating bills by $253. I am a legal permanent resident and have been in the US for over 5 years.,0,0,0,0,0,167,owned,qualified_alien,True,True
I work part-time at a grocery store earning about $1848 per month. I am staying with family temporarily as I cannot afford my own place. I live with my partner. I am pregnant and currently uninsured.,0,0,0,0,0,154,unhoused,citizen,False,False
I recently lost my job at a small business due to layoffs. I recently became homeless after my landlord evicted me. I am a single parent with 3 kids. I have been managing arthritis without proper medical care due to cost.,1,1,0,0,0,123,renting,citizen,True,False
"I am currently unemployed and have been looking for work for 1 months. I am renting a room in a shared house for $950 per month. My household includes myself, my partner, and our 2 children. I have been managing arthritis without proper medical care due to cost. I struggle every month to pay my utility bills on time.",1,1,1,1,1,29,unhoused,citizen,True,True
"I am a student and work part-time, earning around $1512 a month. I own my home but am struggling to keep up with the mortgage. I live alone. I am pregnant and currently uninsured. I struggle every month to pay my utility bills on time. I do not have legal immigration status.",0,0,0,0,1,126,unhoused,undocumented,False,True
"I am a student and work part-time, earning around $684 a month. I own my home but am struggling to keep up with the mortgage. I live with my spouse and 2 children. My child has asthma and needs ongoing medical care.",1,1,0,1,0,57,owned,citizen,True,False
"I am a student and work part-time, earning around $1020 a month. I am renting a room in a shared house for $919 per month. I am a single parent with 4 kids. I recently lost my employer-sponsored health insurance.",1,1,0,1,0,85,staying_with_family,citizen,True,False
